sale_date,branch_id,product_id,quantity_sold,price,promo,weekday,month,revenue,cost_price,total_cost,profit,lag_1,lag_7,is_weekend
2023-01-01,store_1,item_1,41,21.3,0,6,1,873.3,14.91,611.31,261.99,0,0,1
2023-01-02,store_1,item_1,48,21.3,0,0,1,1022.4,14.91,715.68,306.72,41,0,0
2023-01-04,store_1,item_1,53,21.3,0,2,1,1128.9,14.91,790.23,338.67,48,0,0
2023-01-05,store_1,item_1,57,21.3,0,3,1,1214.1,14.91,849.87,364.23,53,0,0
2023-01-06,store_1,item_1,46,21.3,0,4,1,979.8,14.91,685.86,293.94,57,0,0
2023-01-07,store_1,item_1,38,21.3,0,5,1,809.4,14.91,566.58,242.82,46,0,1
2023-01-09,store_1,item_1,45,21.3,0,0,1,958.5,14.91,670.95,287.55,38,0,0
2023-01-10,store_1,item_1,54,21.3,0,1,1,1150.2,14.91,805.14,345.06,45,41,0
2023-01-11,store_1,item_1,56,21.3,0,2,1,1192.8,14.91,834.96,357.84,54,48,0
2023-01-12,store_1,item_1,52,21.3,0,3,1,1107.6,14.91,775.32,332.28,56,53,0
2023-01-14,store_1,item_1,43,21.3,0,5,1,915.9,14.91,641.13,274.77,52,57,1
2023-01-15,store_1,item_1,41,21.3,0,6,1,873.3,14.91,611.31,261.99,43,46,1
2023-01-16,store_1,item_1,51,21.3,0,0,1,1086.3,14.91,760.41,325.89,41,38,0
2023-01-17,store_1,item_1,56,21.3,0,1,1,1192.8,14.91,834.96,357.84,51,45,0
2023-01-19,store_1,item_1,56,21.3,0,3,1,1192.8,14.91,834.96,357.84,56,54,0
2023-01-20,store_1,item_1,41,21.3,0,4,1,873.3,14.91,611.31,261.99,56,56,0
2023-01-21,store_1,item_1,41,21.3,0,5,1,873.3,14.91,611.31,261.99,41,52,1
2023-01-22,store_1,item_1,39,21.3,0,6,1,830.7,14.91,581.49,249.21,41,43,1
2023-01-24,store_1,item_1,92,17.04,1,1,1,1567.68,11.93,1097.56,470.12,39,41,0
2023-01-25,store_1,item_1,62,21.3,0,2,1,1320.6,14.91,924.42,396.18,92,51,0
2023-01-26,store_1,item_1,61,21.3,0,3,1,1299.3,14.91,909.51,389.79,62,56,0
2023-01-27,store_1,item_1,45,21.3,0,4,1,958.5,14.91,670.95,287.55,61,56,0
2023-01-29,store_1,item_1,83,21.3,0,6,1,1767.9,14.91,1237.53,530.37,45,41,1
2023-01-30,store_1,item_1,54,21.3,0,0,1,1150.2,14.91,805.14,345.06,83,41,0
2023-01-31,store_1,item_1,96,17.04,1,1,1,1635.84,11.93,1145.28,490.56,54,39,0
2023-02-01,store_1,item_1,66,21.3,0,2,2,1405.8,14.91,984.06,421.74,96,92,0
2023-02-03,store_1,item_1,44,21.3,0,4,2,937.2,14.91,656.04,281.16,66,62,0
2023-02-04,store_1,item_1,41,21.3,0,5,2,873.3,14.91,611.31,261.99,44,61,1
2023-02-05,store_1,item_1,45,21.3,0,6,2,958.5,14.91,670.95,287.55,41,45,1
2023-02-06,store_1,item_1,55,21.3,0,0,2,1171.5,14.91,820.05,351.45,45,83,0
2023-02-08,store_1,item_1,73,21.3,0,2,2,1554.9,14.91,1088.43,466.47,55,54,0
2023-02-09,store_1,item_1,64,21.3,0,3,2,1363.2,14.91,954.24,408.96,73,96,0
2023-02-10,store_1,item_1,52,21.3,0,4,2,1107.6,14.91,775.32,332.28,64,66,0
2023-02-11,store_1,item_1,45,21.3,0,5,2,958.5,14.91,670.95,287.55,52,44,1
2023-02-13,store_1,item_1,53,21.3,0,0,2,1128.9,14.91,790.23,338.67,45,41,0
2023-02-14,store_1,item_1,65,21.3,0,1,2,1384.5,14.91,969.15,415.35,53,45,0
2023-02-15,store_1,item_1,68,21.3,0,2,2,1448.4,14.91,1013.88,434.52,65,55,0
2023-02-16,store_1,item_1,58,21.3,0,3,2,1235.4,14.91,864.78,370.62,68,73,0
2023-02-18,store_1,item_1,45,21.3,0,5,2,958.5,14.91,670.95,287.55,58,64,1
2023-02-19,store_1,item_1,42,21.3,0,6,2,894.6,14.91,626.22,268.38,45,52,1
2023-02-20,store_1,item_1,54,21.3,0,0,2,1150.2,14.91,805.14,345.06,42,45,0
2023-02-21,store_1,item_1,65,21.3,0,1,2,1384.5,14.91,969.15,415.35,54,53,0
2023-02-23,store_1,item_1,64,21.3,0,3,2,1363.2,14.91,954.24,408.96,65,65,0
2023-02-24,store_1,item_1,49,21.3,0,4,2,1043.7,14.91,730.59,313.11,64,68,0
2023-02-25,store_1,item_1,71,17.04,1,5,2,1209.84,11.93,847.03,362.81,49,58,1
2023-02-26,store_1,item_1,44,21.3,0,6,2,937.2,14.91,656.04,281.16,71,45,1
2023-02-28,store_1,item_1,66,21.3,0,1,2,1405.8,14.91,984.06,421.74,44,42,0
2023-03-01,store_1,item_1,69,21.3,0,2,3,1469.7,14.91,1028.79,440.91,66,54,0
2023-03-02,store_1,item_1,68,21.3,0,3,3,1448.4,14.91,1013.88,434.52,69,65,0
2023-03-03,store_1,item_1,50,21.3,0,4,3,1065.0,14.91,745.5,319.5,68,64,0
2023-03-05,store_1,item_1,48,21.3,0,6,3,1022.4,14.91,715.68,306.72,50,49,1
2023-03-06,store_1,item_1,62,21.3,0,0,3,1320.6,14.91,924.42,396.18,48,71,0
2023-03-07,store_1,item_1,64,21.3,0,1,3,1363.2,14.91,954.24,408.96,62,44,0
2023-03-08,store_1,item_1,62,21.3,0,2,3,1320.6,14.91,924.42,396.18,64,66,0
2023-03-10,store_1,item_1,56,21.3,0,4,3,1192.8,14.91,834.96,357.84,62,69,0
2023-03-11,store_1,item_1,51,21.3,0,5,3,1086.3,14.91,760.41,325.89,56,68,1
2023-03-12,store_1,item_1,49,21.3,0,6,3,1043.7,14.91,730.59,313.11,51,50,1
2023-03-13,store_1,item_1,58,21.3,0,0,3,1235.4,14.91,864.78,370.62,49,48,0
2023-03-15,store_1,item_1,102,17.04,1,2,3,1738.08,11.93,1216.86,521.22,58,62,0
2023-03-16,store_1,item_1,64,21.3,0,3,3,1363.2,14.91,954.24,408.96,102,64,0
2023-03-17,store_1,item_1,55,21.3,0,4,3,1171.5,14.91,820.05,351.45,64,62,0
2023-03-18,store_1,item_1,50,21.3,0,5,3,1065.0,14.91,745.5,319.5,55,56,1
2023-03-20,store_1,item_1,90,17.04,1,0,3,1533.6,11.93,1073.7,459.9,50,51,0
2023-03-21,store_1,item_1,62,21.3,0,1,3,1320.6,14.91,924.42,396.18,90,49,0
2023-03-22,store_1,item_1,70,21.3,0,2,3,1491.0,14.91,1043.7,447.3,62,58,0
2023-03-23,store_1,item_1,67,21.3,0,3,3,1427.1,14.91,998.97,428.13,70,102,0
2023-03-25,store_1,item_1,49,21.3,0,5,3,1043.7,14.91,730.59,313.11,67,64,1
2023-03-26,store_1,item_1,52,21.3,0,6,3,1107.6,14.91,775.32,332.28,49,55,1
2023-03-27,store_1,item_1,59,21.3,0,0,3,1256.7,14.91,879.69,377.01,52,50,0
2023-03-28,store_1,item_1,70,21.3,0,1,3,1491.0,14.91,1043.7,447.3,59,90,0
2023-03-30,store_1,item_1,65,21.3,0,3,3,1384.5,14.91,969.15,415.35,70,62,0
2023-03-31,store_1,item_1,57,21.3,0,4,3,1214.1,14.91,849.87,364.23,65,70,0
2023-04-01,store_1,item_1,49,21.3,0,5,4,1043.7,14.91,730.59,313.11,57,67,1
2023-04-02,store_1,item_1,49,21.3,0,6,4,1043.7,14.91,730.59,313.11,49,49,1
2023-04-04,store_1,item_1,72,21.3,0,1,4,1533.6,14.91,1073.52,460.08,49,52,0
2023-04-05,store_1,item_1,102,17.04,1,2,4,1738.08,11.93,1216.86,521.22,72,59,0
2023-04-06,store_1,item_1,69,21.3,0,3,4,1469.7,14.91,1028.79,440.91,102,70,0
2023-04-07,store_1,item_1,54,21.3,0,4,4,1150.2,14.91,805.14,345.06,69,65,0
2023-04-09,store_1,item_1,55,21.3,0,6,4,1171.5,14.91,820.05,351.45,54,57,1
2023-04-10,store_1,item_1,56,21.3,0,0,4,1192.8,14.91,834.96,357.84,55,49,0
2023-04-11,store_1,item_1,68,21.3,0,1,4,1448.4,14.91,1013.88,434.52,56,49,0
2023-04-12,store_1,item_1,107,17.04,1,2,4,1823.28,11.93,1276.51,546.77,68,72,0
2023-04-14,store_1,item_1,88,17.04,1,4,4,1499.52,11.93,1049.84,449.68,107,102,0
2023-04-15,store_1,item_1,46,21.3,0,5,4,979.8,14.91,685.86,293.94,88,69,1
2023-04-16,store_1,item_1,49,21.3,0,6,4,1043.7,14.91,730.59,313.11,46,54,1
2023-04-17,store_1,item_1,91,17.04,1,0,4,1550.64,11.93,1085.63,465.01,49,55,0
2023-04-19,store_1,item_1,176,21.3,0,2,4,3748.8,14.91,2624.16,1124.64,91,56,0
2023-04-20,store_1,item_1,66,21.3,0,3,4,1405.8,14.91,984.06,421.74,176,68,0
2023-04-21,store_1,item_1,54,21.3,0,4,4,1150.2,14.91,805.14,345.06,66,107,0
2023-04-22,store_1,item_1,48,21.3,0,5,4,1022.4,14.91,715.68,306.72,54,88,1
2023-04-24,store_1,item_1,55,21.3,0,0,4,1171.5,14.91,820.05,351.45,48,46,0
2023-04-25,store_1,item_1,203,21.3,0,1,4,4323.9,14.91,3026.73,1297.17,55,49,0
2023-04-26,store_1,item_1,76,21.3,0,2,4,1618.8,14.91,1133.16,485.64,203,91,0
2023-04-27,store_1,item_1,65,21.3,0,3,4,1384.5,14.91,969.15,415.35,76,176,0
2023-04-29,store_1,item_1,50,21.3,0,5,4,1065.0,14.91,745.5,319.5,65,66,1
2023-04-30,store_1,item_1,46,21.3,0,6,4,979.8,14.91,685.86,293.94,50,54,1
2023-05-01,store_1,item_1,94,17.04,1,0,5,1601.76,11.93,1121.42,480.34,46,48,0
2023-05-02,store_1,item_1,69,21.3,0,1,5,1469.7,14.91,1028.79,440.91,94,55,0
2023-05-04,store_1,item_1,62,21.3,0,3,5,1320.6,14.91,924.42,396.18,69,203,0
2023-05-05,store_1,item_1,59,21.3,0,4,5,1256.7,14.91,879.69,377.01,62,76,0
2023-05-06,store_1,item_1,73,17.04,1,5,5,1243.92,11.93,870.89,373.03,59,65,1
2023-05-07,store_1,item_1,51,21.3,0,6,5,1086.3,14.91,760.41,325.89,73,50,1
2023-05-09,store_1,item_1,19,21.3,0,1,5,404.7,14.91,283.29,121.41,51,46,0
2023-05-10,store_1,item_1,73,21.3,0,2,5,1554.9,14.91,1088.43,466.47,19,94,0
2023-05-11,store_1,item_1,63,21.3,0,3,5,1341.9,14.91,939.33,402.57,73,69,0
2023-05-12,store_1,item_1,47,21.3,0,4,5,1001.1,14.91,700.77,300.33,63,62,0
2023-05-14,store_1,item_1,48,21.3,0,6,5,1022.4,14.91,715.68,306.72,47,59,1
2023-05-15,store_1,item_1,58,21.3,0,0,5,1235.4,14.91,864.78,370.62,48,73,0
2023-05-16,store_1,item_1,66,21.3,0,1,5,1405.8,14.91,984.06,421.74,58,51,0
2023-05-17,store_1,item_1,28,21.3,0,2,5,596.4,14.91,417.48,178.92,66,19,0
2023-05-19,store_1,item_1,52,21.3,0,4,5,1107.6,14.91,775.32,332.28,28,73,0
2023-05-20,store_1,item_1,63,17.04,1,5,5,1073.52,11.93,751.59,321.93,52,63,1
2023-05-21,store_1,item_1,50,21.3,0,6,5,1065.0,14.91,745.5,319.5,63,47,1
2023-05-22,store_1,item_1,56,21.3,0,0,5,1192.8,14.91,834.96,357.84,50,48,0
2023-05-24,store_1,item_1,64,21.3,0,2,5,1363.2,14.91,954.24,408.96,56,58,0
2023-05-25,store_1,item_1,64,21.3,0,3,5,1363.2,14.91,954.24,408.96,64,66,0
2023-05-26,store_1,item_1,54,21.3,0,4,5,1150.2,14.91,805.14,345.06,64,28,0
2023-05-27,store_1,item_1,46,21.3,0,5,5,979.8,14.91,685.86,293.94,54,52,1
2023-05-29,store_1,item_1,56,21.3,0,0,5,1192.8,14.91,834.96,357.84,46,63,0
2023-05-30,store_1,item_1,61,21.3,0,1,5,1299.3,14.91,909.51,389.79,56,50,0
2023-05-31,store_1,item_1,67,21.3,0,2,5,1427.1,14.91,998.97,428.13,61,56,0
2023-06-01,store_1,item_1,64,21.3,0,3,6,1363.2,14.91,954.24,408.96,67,64,0
2023-06-03,store_1,item_1,41,21.3,0,5,6,873.3,14.91,611.31,261.99,64,64,1
2023-06-04,store_1,item_1,69,17.04,1,6,6,1175.76,11.93,823.17,352.59,41,54,1
2023-06-05,store_1,item_1,49,21.3,0,0,6,1043.7,14.91,730.59,313.11,69,46,0
2023-06-06,store_1,item_1,63,21.3,0,1,6,1341.9,14.91,939.33,402.57,49,56,0
2023-06-08,store_1,item_1,52,21.3,0,3,6,1107.6,14.91,775.32,332.28,63,61,0
2023-06-09,store_1,item_1,44,21.3,0,4,6,937.2,14.91,656.04,281.16,52,67,0
2023-06-10,store_1,item_1,41,21.3,0,5,6,873.3,14.91,611.31,261.99,44,64,1
2023-06-11,store_1,item_1,43,21.3,0,6,6,915.9,14.91,641.13,274.77,41,41,1
2023-06-13,store_1,item_1,61,21.3,0,1,6,1299.3,14.91,909.51,389.79,43,69,0
2023-06-14,store_1,item_1,62,21.3,0,2,6,1320.6,14.91,924.42,396.18,61,49,0
2023-06-15,store_1,item_1,55,21.3,0,3,6,1171.5,14.91,820.05,351.45,62,63,0
2023-06-16,store_1,item_1,67,17.04,1,4,6,1141.68,11.93,799.31,342.37,55,52,0
2023-06-18,store_1,item_1,47,21.3,0,6,6,1001.1,14.91,700.77,300.33,67,44,1
2023-06-19,store_1,item_1,49,21.3,0,0,6,1043.7,14.91,730.59,313.11,47,41,0
2023-06-20,store_1,item_1,56,21.3,0,1,6,1192.8,14.91,834.96,357.84,49,43,0
2023-06-21,store_1,item_1,61,21.3,0,2,6,1299.3,14.91,909.51,389.79,56,61,0
2023-06-23,store_1,item_1,44,21.3,0,4,6,937.2,14.91,656.04,281.16,61,62,0
2023-06-24,store_1,item_1,42,21.3,0,5,6,894.6,14.91,626.22,268.38,44,55,1
2023-06-25,store_1,item_1,35,21.3,0,6,6,745.5,14.91,521.85,223.65,42,67,1
2023-06-26,store_1,item_1,52,21.3,0,0,6,1107.6,14.91,775.32,332.28,35,47,0
2023-06-28,store_1,item_1,56,21.3,0,2,6,1192.8,14.91,834.96,357.84,52,49,0
2023-06-29,store_1,item_1,52,21.3,0,3,6,1107.6,14.91,775.32,332.28,56,56,0
2023-06-30,store_1,item_1,43,21.3,0,4,6,915.9,14.91,641.13,274.77,52,61,0
2023-07-01,store_1,item_1,33,21.3,0,5,7,702.9,14.91,492.03,210.87,43,44,1
2023-07-03,store_1,item_1,47,21.3,0,0,7,1001.1,14.91,700.77,300.33,33,42,0
2023-07-04,store_1,item_1,55,21.3,0,1,7,1171.5,14.91,820.05,351.45,47,35,0
2023-07-05,store_1,item_1,133,21.3,0,2,7,2832.9,14.91,1983.03,849.87,55,52,0
2023-07-06,store_1,item_1,47,21.3,0,3,7,1001.1,14.91,700.77,300.33,133,56,0
2023-07-08,store_1,item_1,36,21.3,0,5,7,766.8,14.91,536.76,230.04,47,52,1
2023-07-09,store_1,item_1,41,21.3,0,6,7,873.3,14.91,611.31,261.99,36,43,1
2023-07-10,store_1,item_1,39,21.3,0,0,7,830.7,14.91,581.49,249.21,41,33,0
2023-07-11,store_1,item_1,52,21.3,0,1,7,1107.6,14.91,775.32,332.28,39,47,0
2023-07-13,store_1,item_1,74,17.04,1,3,7,1260.96,11.93,882.82,378.14,52,55,0
2023-07-14,store_1,item_1,42,21.3,0,4,7,894.6,14.91,626.22,268.38,74,133,0
2023-07-15,store_1,item_1,51,17.04,1,5,7,869.04,11.93,608.43,260.61,42,47,1
2023-07-16,store_1,item_1,35,21.3,0,6,7,745.5,14.91,521.85,223.65,51,36,1
2023-07-18,store_1,item_1,47,21.3,0,1,7,1001.1,14.91,700.77,300.33,35,41,0
2023-07-19,store_1,item_1,54,21.3,0,2,7,1150.2,14.91,805.14,345.06,47,39,0
2023-07-20,store_1,item_1,45,21.3,0,3,7,958.5,14.91,670.95,287.55,54,52,0
2023-07-21,store_1,item_1,30,21.3,0,4,7,639.0,14.91,447.3,191.7,45,74,0
2023-07-23,store_1,item_1,32,21.3,0,6,7,681.6,14.91,477.12,204.48,30,42,1
2023-07-24,store_1,item_1,37,21.3,0,0,7,788.1,14.91,551.67,236.43,32,51,0
2023-07-25,store_1,item_1,45,21.3,0,1,7,958.5,14.91,670.95,287.55,37,35,0
2023-07-26,store_1,item_1,50,21.3,0,2,7,1065.0,14.91,745.5,319.5,45,47,0
2023-07-28,store_1,item_1,38,21.3,0,4,7,809.4,14.91,566.58,242.82,50,54,0
2023-07-29,store_1,item_1,31,21.3,0,5,7,660.3,14.91,462.21,198.09,38,45,1
2023-07-30,store_1,item_1,36,21.3,0,6,7,766.8,14.91,536.76,230.04,31,30,1
2023-07-31,store_1,item_1,39,21.3,0,0,7,830.7,14.91,581.49,249.21,36,32,0
2023-08-02,store_1,item_1,44,21.3,0,2,8,937.2,14.91,656.04,281.16,39,37,0
2023-08-03,store_1,item_1,38,21.3,0,3,8,809.4,14.91,566.58,242.82,44,45,0
2023-08-04,store_1,item_1,35,21.3,0,4,8,745.5,14.91,521.85,223.65,38,50,0
2023-08-05,store_1,item_1,32,21.3,0,5,8,681.6,14.91,477.12,204.48,35,38,1
2023-08-07,store_1,item_1,38,21.3,0,0,8,809.4,14.91,566.58,242.82,32,31,0
2023-08-08,store_1,item_1,42,21.3,0,1,8,894.6,14.91,626.22,268.38,38,36,0
2023-08-09,store_1,item_1,71,17.04,1,2,8,1209.84,11.93,847.03,362.81,42,39,0
2023-08-10,store_1,item_1,38,21.3,0,3,8,809.4,14.91,566.58,242.82,71,44,0
2023-08-12,store_1,item_1,28,21.3,0,5,8,596.4,14.91,417.48,178.92,38,38,1
2023-08-13,store_1,item_1,30,21.3,0,6,8,639.0,14.91,447.3,191.7,28,35,1
2023-08-14,store_1,item_1,33,21.3,0,0,8,702.9,14.91,492.03,210.87,30,32,0
2023-08-15,store_1,item_1,42,21.3,0,1,8,894.6,14.91,626.22,268.38,33,38,0
2023-08-17,store_1,item_1,42,21.3,0,3,8,894.6,14.91,626.22,268.38,42,42,0
2023-08-18,store_1,item_1,37,21.3,0,4,8,788.1,14.91,551.67,236.43,42,71,0
2023-08-19,store_1,item_1,31,21.3,0,5,8,660.3,14.91,462.21,198.09,37,38,1
2023-08-20,store_1,item_1,28,21.3,0,6,8,596.4,14.91,417.48,178.92,31,28,1
2023-08-22,store_1,item_1,40,21.3,0,1,8,852.0,14.91,596.4,255.6,28,30,0
2023-08-23,store_1,item_1,47,21.3,0,2,8,1001.1,14.91,700.77,300.33,40,33,0
2023-08-24,store_1,item_1,36,21.3,0,3,8,766.8,14.91,536.76,230.04,47,42,0
2023-08-25,store_1,item_1,36,21.3,0,4,8,766.8,14.91,536.76,230.04,36,42,0
2023-08-27,store_1,item_1,36,21.3,0,6,8,766.8,14.91,536.76,230.04,36,37,1
2023-08-28,store_1,item_1,52,17.04,1,0,8,886.08,11.93,620.36,265.72,36,31,0
2023-08-29,store_1,item_1,43,21.3,0,1,8,915.9,14.91,641.13,274.77,52,28,0
2023-08-30,store_1,item_1,49,21.3,0,2,8,1043.7,14.91,730.59,313.11,43,40,0
2023-09-01,store_1,item_1,27,21.3,0,4,9,575.1,14.91,402.57,172.53,49,47,0
2023-09-02,store_1,item_1,23,21.3,0,5,9,489.9,14.91,342.93,146.97,27,36,1
2023-09-03,store_1,item_1,32,21.3,0,6,9,681.6,14.91,477.12,204.48,23,36,1
2023-09-04,store_1,item_1,29,21.3,0,0,9,617.7,14.91,432.39,185.31,32,36,0
2023-09-06,store_1,item_1,43,21.3,0,2,9,915.9,14.91,641.13,274.77,29,52,0
2023-09-07,store_1,item_1,38,21.3,0,3,9,809.4,14.91,566.58,242.82,43,43,0
2023-09-08,store_1,item_1,33,21.3,0,4,9,702.9,14.91,492.03,210.87,38,49,0
2023-09-09,store_1,item_1,28,21.3,0,5,9,596.4,14.91,417.48,178.92,33,27,1
2023-09-11,store_1,item_1,31,21.3,0,0,9,660.3,14.91,462.21,198.09,28,23,0
2023-09-12,store_1,item_1,57,17.04,1,1,9,971.28,11.93,680.01,291.27,31,32,0
2023-09-13,store_1,item_1,38,21.3,0,2,9,809.4,14.91,566.58,242.82,57,29,0
2023-09-14,store_1,item_1,39,21.3,0,3,9,830.7,14.91,581.49,249.21,38,43,0
2023-09-16,store_1,item_1,29,21.3,0,5,9,617.7,14.91,432.39,185.31,39,38,1
2023-09-17,store_1,item_1,32,21.3,0,6,9,681.6,14.91,477.12,204.48,29,33,1
2023-09-18,store_1,item_1,30,21.3,0,0,9,639.0,14.91,447.3,191.7,32,28,0
2023-09-19,store_1,item_1,44,21.3,0,1,9,937.2,14.91,656.04,281.16,30,31,0
2023-09-21,store_1,item_1,39,21.3,0,3,9,830.7,14.91,581.49,249.21,44,57,0
2023-09-22,store_1,item_1,36,21.3,0,4,9,766.8,14.91,536.76,230.04,39,38,0
2023-09-23,store_1,item_1,22,21.3,0,5,9,468.6,14.91,328.02,140.58,36,39,1
2023-09-24,store_1,item_1,41,17.04,1,6,9,698.64,11.93,489.13,209.51,22,29,1
2023-09-26,store_1,item_1,41,21.3,0,1,9,873.3,14.91,611.31,261.99,41,32,0
2023-09-27,store_1,item_1,57,17.04,1,2,9,971.28,11.93,680.01,291.27,41,30,0
2023-09-28,store_1,item_1,39,21.3,0,3,9,830.7,14.91,581.49,249.21,57,44,0
2023-09-29,store_1,item_1,35,21.3,0,4,9,745.5,14.91,521.85,223.65,39,39,0
2023-10-01,store_1,item_1,29,21.3,0,6,10,617.7,14.91,432.39,185.31,35,36,1
2023-10-02,store_1,item_1,30,21.3,0,0,10,639.0,14.91,447.3,191.7,29,22,0
2023-10-03,store_1,item_1,36,21.3,0,1,10,766.8,14.91,536.76,230.04,30,41,0
2023-10-04,store_1,item_1,44,21.3,0,2,10,937.2,14.91,656.04,281.16,36,41,0
2023-10-06,store_1,item_1,30,21.3,0,4,10,639.0,14.91,447.3,191.7,44,57,0
2023-10-07,store_1,item_1,26,21.3,0,5,10,553.8,14.91,387.66,166.14,30,39,1
2023-10-08,store_1,item_1,22,21.3,0,6,10,468.6,14.91,328.02,140.58,26,35,1
2023-10-09,store_1,item_1,30,21.3,0,0,10,639.0,14.91,447.3,191.7,22,29,0
2023-10-11,store_1,item_1,56,17.04,1,2,10,954.24,11.93,668.08,286.16,30,30,0
2023-10-12,store_1,item_1,37,21.3,0,3,10,788.1,14.91,551.67,236.43,56,36,0
2023-10-13,store_1,item_1,34,21.3,0,4,10,724.2,14.91,506.94,217.26,37,44,0
2023-10-14,store_1,item_1,23,21.3,0,5,10,489.9,14.91,342.93,146.97,34,30,1
2023-10-16,store_1,item_1,37,21.3,0,0,10,788.1,14.91,551.67,236.43,23,26,0
2023-10-17,store_1,item_1,39,21.3,0,1,10,830.7,14.91,581.49,249.21,37,22,0
2023-10-18,store_1,item_1,49,21.3,0,2,10,1043.7,14.91,730.59,313.11,39,30,0
2023-10-19,store_1,item_1,32,21.3,0,3,10,681.6,14.91,477.12,204.48,49,56,0
2023-10-21,store_1,item_1,41,17.04,1,5,10,698.64,11.93,489.13,209.51,32,37,1
2023-10-22,store_1,item_1,31,21.3,0,6,10,660.3,14.91,462.21,198.09,41,34,1
2023-10-23,store_1,item_1,36,21.3,0,0,10,766.8,14.91,536.76,230.04,31,23,0
2023-10-24,store_1,item_1,38,21.3,0,1,10,809.4,14.91,566.58,242.82,36,37,0
2023-10-26,store_1,item_1,32,21.3,0,3,10,681.6,14.91,477.12,204.48,38,39,0
2023-10-27,store_1,item_1,34,21.3,0,4,10,724.2,14.91,506.94,217.26,32,49,0
2023-10-28,store_1,item_1,29,21.3,0,5,10,617.7,14.91,432.39,185.31,34,32,1
2023-10-29,store_1,item_1,32,21.3,0,6,10,681.6,14.91,477.12,204.48,29,41,1
2023-10-31,store_1,item_1,63,17.04,1,1,10,1073.52,11.93,751.59,321.93,32,31,0
2023-11-01,store_1,item_1,64,17.04,1,2,11,1090.56,11.93,763.52,327.04,63,36,0
2023-11-02,store_1,item_1,36,21.3,0,3,11,766.8,14.91,536.76,230.04,64,38,0
2023-11-03,store_1,item_1,31,21.3,0,4,11,660.3,14.91,462.21,198.09,36,32,0
2023-11-05,store_1,item_1,35,21.3,0,6,11,745.5,14.91,521.85,223.65,31,34,1
2023-11-06,store_1,item_1,36,21.3,0,0,11,766.8,14.91,536.76,230.04,35,29,0
2023-11-07,store_1,item_1,42,21.3,0,1,11,894.6,14.91,626.22,268.38,36,32,0
2023-11-08,store_1,item_1,41,21.3,0,2,11,873.3,14.91,611.31,261.99,42,63,0
2023-11-10,store_1,item_1,36,21.3,0,4,11,766.8,14.91,536.76,230.04,41,64,0
2023-11-11,store_1,item_1,36,21.3,0,5,11,766.8,14.91,536.76,230.04,36,36,1
2023-11-12,store_1,item_1,29,21.3,0,6,11,617.7,14.91,432.39,185.31,36,31,1
2023-11-13,store_1,item_1,36,21.3,0,0,11,766.8,14.91,536.76,230.04,29,35,0
2023-11-15,store_1,item_1,47,21.3,0,2,11,1001.1,14.91,700.77,300.33,36,36,0
2023-11-16,store_1,item_1,41,21.3,0,3,11,873.3,14.91,611.31,261.99,47,42,0
2023-11-17,store_1,item_1,32,21.3,0,4,11,681.6,14.91,477.12,204.48,41,41,0
2023-11-18,store_1,item_1,33,21.3,0,5,11,702.9,14.91,492.03,210.87,32,36,1
2023-11-20,store_1,item_1,36,21.3,0,0,11,766.8,14.91,536.76,230.04,33,36,0
2023-11-21,store_1,item_1,49,21.3,0,1,11,1043.7,14.91,730.59,313.11,36,29,0
2023-11-22,store_1,item_1,50,21.3,0,2,11,1065.0,14.91,745.5,319.5,49,36,0
2023-11-23,store_1,item_1,43,21.3,0,3,11,915.9,14.91,641.13,274.77,50,47,0
2023-11-25,store_1,item_1,50,17.04,1,5,11,852.0,11.93,596.5,255.5,43,41,1
2023-11-26,store_1,item_1,31,21.3,0,6,11,660.3,14.91,462.21,198.09,50,32,1
2023-11-27,store_1,item_1,40,21.3,0,0,11,852.0,14.91,596.4,255.6,31,33,0
2023-11-28,store_1,item_1,40,21.3,0,1,11,852.0,14.91,596.4,255.6,40,36,0
2023-11-30,store_1,item_1,40,21.3,0,3,11,852.0,14.91,596.4,255.6,40,49,0
2023-12-01,store_1,item_1,42,21.3,0,4,12,894.6,14.91,626.22,268.38,40,50,0
2023-12-02,store_1,item_1,32,21.3,0,5,12,681.6,14.91,477.12,204.48,42,43,1
2023-12-03,store_1,item_1,74,21.3,0,6,12,1576.2,14.91,1103.34,472.86,32,50,1
2023-12-05,store_1,item_1,48,21.3,0,1,12,1022.4,14.91,715.68,306.72,74,31,0
2023-12-06,store_1,item_1,55,21.3,0,2,12,1171.5,14.91,820.05,351.45,48,40,0
2023-12-07,store_1,item_1,39,21.3,0,3,12,830.7,14.91,581.49,249.21,55,40,0
2023-12-08,store_1,item_1,43,21.3,0,4,12,915.9,14.91,641.13,274.77,39,40,0
2023-12-10,store_1,item_1,33,21.3,0,6,12,702.9,14.91,492.03,210.87,43,42,1
2023-12-11,store_1,item_1,40,21.3,0,0,12,852.0,14.91,596.4,255.6,33,32,0
2023-12-12,store_1,item_1,80,17.04,1,1,12,1363.2,11.93,954.4,408.8,40,74,0
2023-12-13,store_1,item_1,49,21.3,0,2,12,1043.7,14.91,730.59,313.11,80,48,0
2023-12-15,store_1,item_1,44,21.3,0,4,12,937.2,14.91,656.04,281.16,49,55,0
2023-12-16,store_1,item_1,37,21.3,0,5,12,788.1,14.91,551.67,236.43,44,39,1
2023-12-17,store_1,item_1,35,21.3,0,6,12,745.5,14.91,521.85,223.65,37,43,1
2023-12-18,store_1,item_1,68,17.04,1,0,12,1158.72,11.93,811.24,347.48,35,33,0
2023-12-20,store_1,item_1,58,21.3,0,2,12,1235.4,14.91,864.78,370.62,68,40,0
2023-12-21,store_1,item_1,53,21.3,0,3,12,1128.9,14.91,790.23,338.67,58,80,0
2023-12-22,store_1,item_1,44,21.3,0,4,12,937.2,14.91,656.04,281.16,53,49,0
2023-12-23,store_1,item_1,38,21.3,0,5,12,809.4,14.91,566.58,242.82,44,44,1
2023-12-25,store_1,item_1,47,21.3,0,0,12,1001.1,14.91,700.77,300.33,38,37,0
2023-12-26,store_1,item_1,51,21.3,0,1,12,1086.3,14.91,760.41,325.89,47,35,0
2023-12-27,store_1,item_1,58,21.3,0,2,12,1235.4,14.91,864.78,370.62,51,68,0
2023-12-28,store_1,item_1,58,21.3,0,3,12,1235.4,14.91,864.78,370.62,58,58,0
2023-12-30,store_1,item_1,38,21.3,0,5,12,809.4,14.91,566.58,242.82,58,53,1
2023-12-31,store_1,item_1,42,21.3,0,6,12,894.6,14.91,626.22,268.38,38,44,1
2023-01-03,store_2,item_1,54,21.3,0,1,1,1150.2,14.91,805.14,345.06,0,0,0
2023-01-08,store_2,item_1,40,21.3,0,6,1,852.0,14.91,596.4,255.6,54,0,1
2023-01-13,store_2,item_1,39,21.3,0,4,1,830.7,14.91,581.49,249.21,40,0,0
2023-01-18,store_2,item_1,51,21.3,0,2,1,1086.3,14.91,760.41,325.89,39,0,0
2023-01-23,store_2,item_1,52,21.3,0,0,1,1107.6,14.91,775.32,332.28,51,0,0
2023-01-28,store_2,item_1,40,21.3,0,5,1,852.0,14.91,596.4,255.6,52,0,1
2023-02-02,store_2,item_1,54,21.3,0,3,2,1150.2,14.91,805.14,345.06,40,0,0
2023-02-07,store_2,item_1,55,21.3,0,1,2,1171.5,14.91,820.05,351.45,54,54,0
2023-02-12,store_2,item_1,42,21.3,0,6,2,894.6,14.91,626.22,268.38,55,40,1
2023-02-17,store_2,item_1,49,21.3,0,4,2,1043.7,14.91,730.59,313.11,42,39,0
2023-02-22,store_2,item_1,68,21.3,0,2,2,1448.4,14.91,1013.88,434.52,49,51,0
2023-02-27,store_2,item_1,56,21.3,0,0,2,1192.8,14.91,834.96,357.84,68,52,0
2023-03-04,store_2,item_1,62,17.04,1,5,3,1056.48,11.93,739.66,316.82,56,40,1
2023-03-09,store_2,item_1,58,21.3,0,3,3,1235.4,14.91,864.78,370.62,62,54,0
2023-03-14,store_2,item_1,67,21.3,0,1,3,1427.1,14.91,998.97,428.13,58,55,0
2023-03-19,store_2,item_1,69,17.04,1,6,3,1175.76,11.93,823.17,352.59,67,42,1
2023-03-24,store_2,item_1,48,21.3,0,4,3,1022.4,14.91,715.68,306.72,69,49,0
2023-03-29,store_2,item_1,63,21.3,0,2,3,1341.9,14.91,939.33,402.57,48,68,0
2023-04-03,store_2,item_1,56,21.3,0,0,4,1192.8,14.91,834.96,357.84,63,56,0
2023-04-08,store_2,item_1,46,21.3,0,5,4,979.8,14.91,685.86,293.94,56,62,1
2023-04-13,store_2,item_1,58,21.3,0,3,4,1235.4,14.91,864.78,370.62,46,58,0
2023-04-18,store_2,item_1,61,21.3,0,1,4,1299.3,14.91,909.51,389.79,58,67,0
2023-04-23,store_2,item_1,45,21.3,0,6,4,958.5,14.91,670.95,287.55,61,69,1
2023-04-28,store_2,item_1,51,21.3,0,4,4,1086.3,14.91,760.41,325.89,45,48,0
2023-05-03,store_2,item_1,69,21.3,0,2,5,1469.7,14.91,1028.79,440.91,51,63,0
2023-05-08,store_2,item_1,54,21.3,0,0,5,1150.2,14.91,805.14,345.06,69,56,0
2023-05-13,store_2,item_1,40,21.3,0,5,5,852.0,14.91,596.4,255.6,54,46,1
2023-05-18,store_2,item_1,79,17.04,1,3,5,1346.16,11.93,942.47,403.69,40,58,0
2023-05-23,store_2,item_1,61,21.3,0,1,5,1299.3,14.91,909.51,389.79,79,61,0
2023-05-28,store_2,item_1,42,21.3,0,6,5,894.6,14.91,626.22,268.38,61,45,1
2023-06-02,store_2,item_1,48,21.3,0,4,6,1022.4,14.91,715.68,306.72,42,51,0
2023-06-07,store_2,item_1,88,17.04,1,2,6,1499.52,11.93,1049.84,449.68,48,69,0
2023-06-12,store_2,item_1,44,21.3,0,0,6,937.2,14.91,656.04,281.16,88,54,0
2023-06-17,store_2,item_1,40,21.3,0,5,6,852.0,14.91,596.4,255.6,44,40,1
2023-06-22,store_2,item_1,49,21.3,0,3,6,1043.7,14.91,730.59,313.11,40,79,0
2023-06-27,store_2,item_1,52,21.3,0,1,6,1107.6,14.91,775.32,332.28,49,61,0
2023-07-02,store_2,item_1,40,21.3,0,6,7,852.0,14.91,596.4,255.6,52,42,1
2023-07-07,store_2,item_1,40,21.3,0,4,7,852.0,14.91,596.4,255.6,40,48,0
2023-07-12,store_2,item_1,48,21.3,0,2,7,1022.4,14.91,715.68,306.72,40,88,0
2023-07-17,store_2,item_1,40,21.3,0,0,7,852.0,14.91,596.4,255.6,48,44,0
2023-07-22,store_2,item_1,30,21.3,0,5,7,639.0,14.91,447.3,191.7,40,40,1
2023-07-27,store_2,item_1,45,21.3,0,3,7,958.5,14.91,670.95,287.55,30,49,0
2023-08-01,store_2,item_1,63,17.04,1,1,8,1073.52,11.93,751.59,321.93,45,52,0
2023-08-06,store_2,item_1,30,21.3,0,6,8,639.0,14.91,447.3,191.7,63,40,1
2023-08-11,store_2,item_1,34,21.3,0,4,8,724.2,14.91,506.94,217.26,30,40,0
2023-08-16,store_2,item_1,44,21.3,0,2,8,937.2,14.91,656.04,281.16,34,48,0
2023-08-21,store_2,item_1,33,21.3,0,0,8,702.9,14.91,492.03,210.87,44,40,0
2023-08-26,store_2,item_1,29,21.3,0,5,8,617.7,14.91,432.39,185.31,33,30,1
2023-08-31,store_2,item_1,33,21.3,0,3,8,702.9,14.91,492.03,210.87,29,45,0
2023-09-05,store_2,item_1,36,21.3,0,1,9,766.8,14.91,536.76,230.04,33,63,0
2023-09-10,store_2,item_1,30,21.3,0,6,9,639.0,14.91,447.3,191.7,36,30,1
2023-09-15,store_2,item_1,31,21.3,0,4,9,660.3,14.91,462.21,198.09,30,34,0
2023-09-20,store_2,item_1,41,21.3,0,2,9,873.3,14.91,611.31,261.99,31,44,0
2023-09-25,store_2,item_1,29,21.3,0,0,9,617.7,14.91,432.39,185.31,41,33,0
2023-09-30,store_2,item_1,27,21.3,0,5,9,575.1,14.91,402.57,172.53,29,29,1
2023-10-05,store_2,item_1,52,17.04,1,3,10,886.08,11.93,620.36,265.72,27,33,0
2023-10-10,store_2,item_1,41,21.3,0,1,10,873.3,14.91,611.31,261.99,52,36,0
2023-10-15,store_2,item_1,27,21.3,0,6,10,575.1,14.91,402.57,172.53,41,30,1
2023-10-20,store_2,item_1,31,21.3,0,4,10,660.3,14.91,462.21,198.09,27,31,0
2023-10-25,store_2,item_1,39,21.3,0,2,10,830.7,14.91,581.49,249.21,31,41,0
2023-10-30,store_2,item_1,35,21.3,0,0,10,745.5,14.91,521.85,223.65,39,29,0
2023-11-04,store_2,item_1,30,21.3,0,5,11,639.0,14.91,447.3,191.7,35,27,1
2023-11-09,store_2,item_1,40,21.3,0,3,11,852.0,14.91,596.4,255.6,30,52,0
2023-11-14,store_2,item_1,40,21.3,0,1,11,852.0,14.91,596.4,255.6,40,41,0
2023-11-19,store_2,item_1,32,21.3,0,6,11,681.6,14.91,477.12,204.48,40,27,1
2023-11-24,store_2,item_1,33,21.3,0,4,11,702.9,14.91,492.03,210.87,32,31,0
2023-11-29,store_2,item_1,47,21.3,0,2,11,1001.1,14.91,700.77,300.33,33,39,0
2023-12-04,store_2,item_1,37,21.3,0,0,12,788.1,14.91,551.67,236.43,47,35,0
2023-12-09,store_2,item_1,32,21.3,0,5,12,681.6,14.91,477.12,204.48,37,30,1
2023-12-14,store_2,item_1,40,21.3,0,3,12,852.0,14.91,596.4,255.6,32,40,0
2023-12-19,store_2,item_1,45,21.3,0,1,12,958.5,14.91,670.95,287.55,40,40,0
2023-12-24,store_2,item_1,40,21.3,0,6,12,852.0,14.91,596.4,255.6,45,32,1
2023-12-29,store_2,item_1,38,21.3,0,4,12,809.4,14.91,566.58,242.82,40,33,0
2023-01-01,store_1,item_10,25,20.59,0,6,1,514.75,14.41,360.25,154.5,0,0,1
2023-01-02,store_1,item_10,24,20.59,0,0,1,494.16,14.41,345.84,148.32,25,0,0
2023-01-03,store_1,item_10,30,20.59,0,1,1,617.7,14.41,432.3,185.4,24,0,0
2023-01-04,store_1,item_10,32,20.59,0,2,1,658.88,14.41,461.12,197.76,30,0,0
2023-01-06,store_1,item_10,19,20.59,0,4,1,391.21,14.41,273.79,117.42,32,0,0
2023-01-07,store_1,item_10,17,20.59,0,5,1,350.03,14.41,244.97,105.06,19,0,1
2023-01-08,store_1,item_10,21,20.59,0,6,1,432.39,14.41,302.61,129.78,17,0,1
2023-01-09,store_1,item_10,23,20.59,0,0,1,473.57,14.41,331.43,142.14,21,25,0
2023-01-11,store_1,item_10,25,20.59,0,2,1,514.75,14.41,360.25,154.5,23,24,0
2023-01-12,store_1,item_10,27,20.59,0,3,1,555.93,14.41,389.07,166.86,25,30,0
2023-01-13,store_1,item_10,25,20.59,0,4,1,514.75,14.41,360.25,154.5,27,32,0
2023-01-14,store_1,item_10,21,20.59,0,5,1,432.39,14.41,302.61,129.78,25,19,1
2023-01-16,store_1,item_10,20,20.59,0,0,1,411.8,14.41,288.2,123.6,21,17,0
2023-01-17,store_1,item_10,29,20.59,0,1,1,597.11,14.41,417.89,179.22,20,21,0
2023-01-18,store_1,item_10,30,20.59,0,2,1,617.7,14.41,432.3,185.4,29,23,0
2023-01-19,store_1,item_10,27,20.59,0,3,1,555.93,14.41,389.07,166.86,30,25,0
2023-01-21,store_1,item_10,19,20.59,0,5,1,391.21,14.41,273.79,117.42,27,27,1
2023-01-22,store_1,item_10,22,20.59,0,6,1,452.98,14.41,317.02,135.96,19,25,1
2023-01-23,store_1,item_10,29,20.59,0,0,1,597.11,14.41,417.89,179.22,22,21,0
2023-01-24,store_1,item_10,27,20.59,0,1,1,555.93,14.41,389.07,166.86,29,20,0
2023-01-26,store_1,item_10,29,20.59,0,3,1,597.11,14.41,417.89,179.22,27,29,0
2023-01-27,store_1,item_10,19,20.59,0,4,1,391.21,14.41,273.79,117.42,29,30,0
2023-01-28,store_1,item_10,19,20.59,0,5,1,391.21,14.41,273.79,117.42,19,27,1
2023-01-29,store_1,item_10,34,16.47,1,6,1,559.98,11.53,392.02,167.96,19,19,1
2023-01-31,store_1,item_10,29,20.59,0,1,1,597.11,14.41,417.89,179.22,34,22,0
2023-02-01,store_1,item_10,30,20.59,0,2,2,617.7,14.41,432.3,185.4,29,29,0
2023-02-02,store_1,item_10,45,16.47,1,3,2,741.15,11.53,518.85,222.3,30,27,0
2023-02-03,store_1,item_10,25,20.59,0,4,2,514.75,14.41,360.25,154.5,45,29,0
2023-02-05,store_1,item_10,18,20.59,0,6,2,370.62,14.41,259.38,111.24,25,19,1
2023-02-06,store_1,item_10,22,20.59,0,0,2,452.98,14.41,317.02,135.96,18,19,0
2023-02-07,store_1,item_10,35,20.59,0,1,2,720.65,14.41,504.35,216.3,22,34,0
2023-02-08,store_1,item_10,30,20.59,0,2,2,617.7,14.41,432.3,185.4,35,29,0
2023-02-10,store_1,item_10,24,20.59,0,4,2,494.16,14.41,345.84,148.32,30,30,0
2023-02-11,store_1,item_10,36,16.47,1,5,2,592.92,11.53,415.08,177.84,24,45,1
2023-02-12,store_1,item_10,20,20.59,0,6,2,411.8,14.41,288.2,123.6,36,25,1
2023-02-13,store_1,item_10,29,20.59,0,0,2,597.11,14.41,417.89,179.22,20,18,0
2023-02-15,store_1,item_10,33,20.59,0,2,2,679.47,14.41,475.53,203.94,29,22,0
2023-02-16,store_1,item_10,28,20.59,0,3,2,576.52,14.41,403.48,173.04,33,35,0
2023-02-17,store_1,item_10,25,20.59,0,4,2,514.75,14.41,360.25,154.5,28,30,0
2023-02-18,store_1,item_10,22,20.59,0,5,2,452.98,14.41,317.02,135.96,25,24,1
2023-02-20,store_1,item_10,34,20.59,0,0,2,700.06,14.41,489.94,210.12,22,36,0
2023-02-21,store_1,item_10,33,20.59,0,1,2,679.47,14.41,475.53,203.94,34,20,0
2023-02-22,store_1,item_10,38,20.59,0,2,2,782.42,14.41,547.58,234.84,33,29,0
2023-02-23,store_1,item_10,35,20.59,0,3,2,720.65,14.41,504.35,216.3,38,33,0
2023-02-25,store_1,item_10,20,20.59,0,5,2,411.8,14.41,288.2,123.6,35,28,1
2023-02-26,store_1,item_10,27,20.59,0,6,2,555.93,14.41,389.07,166.86,20,25,1
2023-02-27,store_1,item_10,28,20.59,0,0,2,576.52,14.41,403.48,173.04,27,22,0
2023-02-28,store_1,item_10,34,20.59,0,1,2,700.06,14.41,489.94,210.12,28,34,0
2023-03-02,store_1,item_10,39,20.59,0,3,3,803.01,14.41,561.99,241.02,34,33,0
2023-03-03,store_1,item_10,25,20.59,0,4,3,514.75,14.41,360.25,154.5,39,38,0
2023-03-04,store_1,item_10,26,20.59,0,5,3,535.34,14.41,374.66,160.68,25,35,1
2023-03-05,store_1,item_10,34,16.47,1,6,3,559.98,11.53,392.02,167.96,26,20,1
2023-03-07,store_1,item_10,38,20.59,0,1,3,782.42,14.41,547.58,234.84,34,27,0
2023-03-08,store_1,item_10,37,20.59,0,2,3,761.83,14.41,533.17,228.66,38,28,0
2023-03-09,store_1,item_10,30,20.59,0,3,3,617.7,14.41,432.3,185.4,37,34,0
2023-03-10,store_1,item_10,25,20.59,0,4,3,514.75,14.41,360.25,154.5,30,39,0
2023-03-12,store_1,item_10,25,20.59,0,6,3,514.75,14.41,360.25,154.5,25,25,1
2023-03-13,store_1,item_10,41,16.47,1,0,3,675.27,11.53,472.73,202.54,25,26,0
2023-03-14,store_1,item_10,34,20.59,0,1,3,700.06,14.41,489.94,210.12,41,34,0
2023-03-15,store_1,item_10,36,20.59,0,2,3,741.24,14.41,518.76,222.48,34,38,0
2023-03-17,store_1,item_10,31,20.59,0,4,3,638.29,14.41,446.71,191.58,36,37,0
2023-03-18,store_1,item_10,39,16.47,1,5,3,642.33,11.53,449.67,192.66,31,30,1
2023-03-19,store_1,item_10,39,16.47,1,6,3,642.33,11.53,449.67,192.66,39,25,1
2023-03-20,store_1,item_10,32,20.59,0,0,3,658.88,14.41,461.12,197.76,39,25,0
2023-03-22,store_1,item_10,39,20.59,0,2,3,803.01,14.41,561.99,241.02,32,41,0
2023-03-23,store_1,item_10,38,20.59,0,3,3,782.42,14.41,547.58,234.84,39,34,0
2023-03-24,store_1,item_10,25,20.59,0,4,3,514.75,14.41,360.25,154.5,38,36,0
2023-03-25,store_1,item_10,36,16.47,1,5,3,592.92,11.53,415.08,177.84,25,31,1
2023-03-27,store_1,item_10,28,20.59,0,0,3,576.52,14.41,403.48,173.04,36,39,0
2023-03-28,store_1,item_10,49,16.47,1,1,3,807.03,11.53,564.97,242.06,28,39,0
2023-03-29,store_1,item_10,35,20.59,0,2,3,720.65,14.41,504.35,216.3,49,32,0
2023-03-30,store_1,item_10,33,20.59,0,3,3,679.47,14.41,475.53,203.94,35,39,0
2023-04-01,store_1,item_10,26,20.59,0,5,4,535.34,14.41,374.66,160.68,33,38,1
2023-04-02,store_1,item_10,25,20.59,0,6,4,514.75,14.41,360.25,154.5,26,25,1
2023-04-03,store_1,item_10,45,16.47,1,0,4,741.15,11.53,518.85,222.3,25,36,0
2023-04-04,store_1,item_10,30,20.59,0,1,4,617.7,14.41,432.3,185.4,45,28,0
2023-04-06,store_1,item_10,35,20.59,0,3,4,720.65,14.41,504.35,216.3,30,49,0
2023-04-07,store_1,item_10,27,20.59,0,4,4,555.93,14.41,389.07,166.86,35,35,0
2023-04-08,store_1,item_10,25,20.59,0,5,4,514.75,14.41,360.25,154.5,27,33,1
2023-04-09,store_1,item_10,26,20.59,0,6,4,535.34,14.41,374.66,160.68,25,26,1
2023-04-11,store_1,item_10,54,16.47,1,1,4,889.38,11.53,622.62,266.76,26,25,0
2023-04-12,store_1,item_10,32,20.59,0,2,4,658.88,14.41,461.12,197.76,54,45,0
2023-04-13,store_1,item_10,39,20.59,0,3,4,803.01,14.41,561.99,241.02,32,30,0
2023-04-14,store_1,item_10,32,20.59,0,4,4,658.88,14.41,461.12,197.76,39,35,0
2023-04-16,store_1,item_10,26,20.59,0,6,4,535.34,14.41,374.66,160.68,32,27,1
2023-04-17,store_1,item_10,47,16.47,1,0,4,774.09,11.53,541.91,232.18,26,25,0
2023-04-18,store_1,item_10,33,20.59,0,1,4,679.47,14.41,475.53,203.94,47,26,0
2023-04-19,store_1,item_10,40,20.59,0,2,4,823.6,14.41,576.4,247.2,33,54,0
2023-04-21,store_1,item_10,27,20.59,0,4,4,555.93,14.41,389.07,166.86,40,32,0
2023-04-22,store_1,item_10,26,20.59,0,5,4,535.34,14.41,374.66,160.68,27,39,1
2023-04-23,store_1,item_10,29,20.59,0,6,4,597.11,14.41,417.89,179.22,26,32,1
2023-04-24,store_1,item_10,31,20.59,0,0,4,638.29,14.41,446.71,191.58,29,26,0
2023-04-26,store_1,item_10,56,16.47,1,2,4,922.32,11.53,645.68,276.64,31,47,0
2023-04-27,store_1,item_10,33,20.59,0,3,4,679.47,14.41,475.53,203.94,56,33,0
2023-04-28,store_1,item_10,24,20.59,0,4,4,494.16,14.41,345.84,148.32,33,40,0
2023-04-29,store_1,item_10,27,20.59,0,5,4,555.93,14.41,389.07,166.86,24,27,1
2023-05-01,store_1,item_10,44,16.47,1,0,5,724.68,11.53,507.32,217.36,27,26,0
2023-05-02,store_1,item_10,58,16.47,1,1,5,955.26,11.53,668.74,286.52,44,29,0
2023-05-03,store_1,item_10,34,20.59,0,2,5,700.06,14.41,489.94,210.12,58,31,0
2023-05-04,store_1,item_10,29,20.59,0,3,5,597.11,14.41,417.89,179.22,34,56,0
2023-05-06,store_1,item_10,23,20.59,0,5,5,473.57,14.41,331.43,142.14,29,33,1
2023-05-07,store_1,item_10,36,16.47,1,6,5,592.92,11.53,415.08,177.84,23,24,1
2023-05-08,store_1,item_10,34,20.59,0,0,5,700.06,14.41,489.94,210.12,36,27,0
2023-05-09,store_1,item_10,31,20.59,0,1,5,638.29,14.41,446.71,191.58,34,44,0
2023-05-11,store_1,item_10,32,20.59,0,3,5,658.88,14.41,461.12,197.76,31,58,0
2023-05-12,store_1,item_10,40,16.47,1,4,5,658.8,11.53,461.2,197.6,32,34,0
2023-05-13,store_1,item_10,27,20.59,0,5,5,555.93,14.41,389.07,166.86,40,29,1
2023-05-14,store_1,item_10,31,20.59,0,6,5,638.29,14.41,446.71,191.58,27,23,1
2023-05-16,store_1,item_10,36,20.59,0,1,5,741.24,14.41,518.76,222.48,31,36,0
2023-05-17,store_1,item_10,34,20.59,0,2,5,700.06,14.41,489.94,210.12,36,34,0
2023-05-18,store_1,item_10,31,20.59,0,3,5,638.29,14.41,446.71,191.58,34,31,0
2023-05-19,store_1,item_10,27,20.59,0,4,5,555.93,14.41,389.07,166.86,31,32,0
2023-05-21,store_1,item_10,21,20.59,0,6,5,432.39,14.41,302.61,129.78,27,40,1
2023-05-22,store_1,item_10,32,20.59,0,0,5,658.88,14.41,461.12,197.76,21,27,0
2023-05-23,store_1,item_10,50,16.47,1,1,5,823.5,11.53,576.5,247.0,32,31,0
2023-05-24,store_1,item_10,33,20.59,0,2,5,679.47,14.41,475.53,203.94,50,36,0
2023-05-26,store_1,item_10,26,20.59,0,4,5,535.34,14.41,374.66,160.68,33,34,0
2023-05-27,store_1,item_10,22,20.59,0,5,5,452.98,14.41,317.02,135.96,26,31,1
2023-05-28,store_1,item_10,36,16.47,1,6,5,592.92,11.53,415.08,177.84,22,27,1
2023-05-29,store_1,item_10,27,20.59,0,0,5,555.93,14.41,389.07,166.86,36,21,0
2023-05-31,store_1,item_10,38,20.59,0,2,5,782.42,14.41,547.58,234.84,27,32,0
2023-06-01,store_1,item_10,27,20.59,0,3,6,555.93,14.41,389.07,166.86,38,50,0
2023-06-02,store_1,item_10,23,20.59,0,4,6,473.57,14.41,331.43,142.14,27,33,0
2023-06-03,store_1,item_10,56,20.59,0,5,6,1153.04,14.41,806.96,346.08,23,26,1
2023-06-05,store_1,item_10,29,20.59,0,0,6,597.11,14.41,417.89,179.22,56,22,0
2023-06-06,store_1,item_10,32,20.59,0,1,6,658.88,14.41,461.12,197.76,29,36,0
2023-06-07,store_1,item_10,30,20.59,0,2,6,617.7,14.41,432.3,185.4,32,27,0
2023-06-08,store_1,item_10,79,20.59,0,3,6,1626.61,14.41,1138.39,488.22,30,38,0
2023-06-10,store_1,item_10,24,20.59,0,5,6,494.16,14.41,345.84,148.32,79,27,1
2023-06-11,store_1,item_10,19,20.59,0,6,6,391.21,14.41,273.79,117.42,24,23,1
2023-06-12,store_1,item_10,24,20.59,0,0,6,494.16,14.41,345.84,148.32,19,56,0
2023-06-13,store_1,item_10,28,20.59,0,1,6,576.52,14.41,403.48,173.04,24,29,0
2023-06-15,store_1,item_10,42,16.47,1,3,6,691.74,11.53,484.26,207.48,28,32,0
2023-06-16,store_1,item_10,24,20.59,0,4,6,494.16,14.41,345.84,148.32,42,30,0
2023-06-17,store_1,item_10,20,20.59,0,5,6,411.8,14.41,288.2,123.6,24,79,1
2023-06-18,store_1,item_10,21,20.59,0,6,6,432.39,14.41,302.61,129.78,20,24,1
2023-06-20,store_1,item_10,60,20.59,0,1,6,1235.4,14.41,864.6,370.8,21,19,0
2023-06-21,store_1,item_10,26,20.59,0,2,6,535.34,14.41,374.66,160.68,60,24,0
2023-06-22,store_1,item_10,25,20.59,0,3,6,514.75,14.41,360.25,154.5,26,28,0
2023-06-23,store_1,item_10,22,20.59,0,4,6,452.98,14.41,317.02,135.96,25,42,0
2023-06-25,store_1,item_10,18,20.59,0,6,6,370.62,14.41,259.38,111.24,22,24,1
2023-06-26,store_1,item_10,21,20.59,0,0,6,432.39,14.41,302.61,129.78,18,20,0
2023-06-27,store_1,item_10,23,20.59,0,1,6,473.57,14.41,331.43,142.14,21,21,0
2023-06-28,store_1,item_10,30,20.59,0,2,6,617.7,14.41,432.3,185.4,23,60,0
2023-06-30,store_1,item_10,18,20.59,0,4,6,370.62,14.41,259.38,111.24,30,26,0
2023-07-01,store_1,item_10,19,20.59,0,5,7,391.21,14.41,273.79,117.42,18,25,1
2023-07-02,store_1,item_10,18,20.59,0,6,7,370.62,14.41,259.38,111.24,19,22,1
2023-07-03,store_1,item_10,28,20.59,0,0,7,576.52,14.41,403.48,173.04,18,18,0
2023-07-05,store_1,item_10,33,20.59,0,2,7,679.47,14.41,475.53,203.94,28,21,0
2023-07-06,store_1,item_10,26,20.59,0,3,7,535.34,14.41,374.66,160.68,33,23,0
2023-07-07,store_1,item_10,31,16.47,1,4,7,510.57,11.53,357.43,153.14,26,30,0
2023-07-08,store_1,item_10,18,20.59,0,5,7,370.62,14.41,259.38,111.24,31,18,1
2023-07-10,store_1,item_10,22,20.59,0,0,7,452.98,14.41,317.02,135.96,18,19,0
2023-07-11,store_1,item_10,23,20.59,0,1,7,473.57,14.41,331.43,142.14,22,18,0
2023-07-12,store_1,item_10,29,20.59,0,2,7,597.11,14.41,417.89,179.22,23,28,0
2023-07-13,store_1,item_10,27,20.59,0,3,7,555.93,14.41,389.07,166.86,29,33,0
2023-07-15,store_1,item_10,17,20.59,0,5,7,350.03,14.41,244.97,105.06,27,26,1
2023-07-16,store_1,item_10,22,20.59,0,6,7,452.98,14.41,317.02,135.96,17,31,1
2023-07-17,store_1,item_10,23,20.59,0,0,7,473.57,14.41,331.43,142.14,22,18,0
2023-07-18,store_1,item_10,24,20.59,0,1,7,494.16,14.41,345.84,148.32,23,22,0
2023-07-20,store_1,item_10,26,20.59,0,3,7,535.34,14.41,374.66,160.68,24,23,0
2023-07-21,store_1,item_10,15,20.59,0,4,7,308.85,14.41,216.15,92.7,26,29,0
2023-07-22,store_1,item_10,21,20.59,0,5,7,432.39,14.41,302.61,129.78,15,27,1
2023-07-23,store_1,item_10,18,20.59,0,6,7,370.62,14.41,259.38,111.24,21,17,1
2023-07-25,store_1,item_10,22,20.59,0,1,7,452.98,14.41,317.02,135.96,18,22,0
2023-07-26,store_1,item_10,24,20.59,0,2,7,494.16,14.41,345.84,148.32,22,23,0
2023-07-27,store_1,item_10,36,16.47,1,3,7,592.92,11.53,415.08,177.84,24,24,0
2023-07-28,store_1,item_10,20,20.59,0,4,7,411.8,14.41,288.2,123.6,36,26,0
2023-07-30,store_1,item_10,16,20.59,0,6,7,329.44,14.41,230.56,98.88,20,15,1
2023-07-31,store_1,item_10,21,20.59,0,0,7,432.39,14.41,302.61,129.78,16,21,0
2023-08-01,store_1,item_10,32,20.59,0,1,8,658.88,14.41,461.12,197.76,21,18,0
2023-08-02,store_1,item_10,32,20.59,0,2,8,658.88,14.41,461.12,197.76,32,22,0
2023-08-04,store_1,item_10,16,20.59,0,4,8,329.44,14.41,230.56,98.88,32,24,0
2023-08-05,store_1,item_10,18,20.59,0,5,8,370.62,14.41,259.38,111.24,16,36,1
2023-08-06,store_1,item_10,14,20.59,0,6,8,288.26,14.41,201.74,86.52,18,20,1
2023-08-07,store_1,item_10,19,20.59,0,0,8,391.21,14.41,273.79,117.42,14,16,0
2023-08-09,store_1,item_10,23,20.59,0,2,8,473.57,14.41,331.43,142.14,19,21,0
2023-08-10,store_1,item_10,20,20.59,0,3,8,411.8,14.41,288.2,123.6,23,32,0
2023-08-11,store_1,item_10,16,20.59,0,4,8,329.44,14.41,230.56,98.88,20,32,0
2023-08-12,store_1,item_10,13,20.59,0,5,8,267.67,14.41,187.33,80.34,16,16,1
2023-08-14,store_1,item_10,21,20.59,0,0,8,432.39,14.41,302.61,129.78,13,18,0
2023-08-15,store_1,item_10,24,20.59,0,1,8,494.16,14.41,345.84,148.32,21,14,0
2023-08-16,store_1,item_10,23,20.59,0,2,8,473.57,14.41,331.43,142.14,24,19,0
2023-08-17,store_1,item_10,24,20.59,0,3,8,494.16,14.41,345.84,148.32,23,23,0
2023-08-19,store_1,item_10,15,20.59,0,5,8,308.85,14.41,216.15,92.7,24,20,1
2023-08-20,store_1,item_10,14,20.59,0,6,8,288.26,14.41,201.74,86.52,15,16,1
2023-08-21,store_1,item_10,24,20.59,0,0,8,494.16,14.41,345.84,148.32,14,13,0
2023-08-22,store_1,item_10,21,20.59,0,1,8,432.39,14.41,302.61,129.78,24,21,0
2023-08-24,store_1,item_10,23,20.59,0,3,8,473.57,14.41,331.43,142.14,21,24,0
2023-08-25,store_1,item_10,15,20.59,0,4,8,308.85,14.41,216.15,92.7,23,23,0
2023-08-26,store_1,item_10,17,20.59,0,5,8,350.03,14.41,244.97,105.06,15,24,1
2023-08-27,store_1,item_10,18,20.59,0,6,8,370.62,14.41,259.38,111.24,17,15,1
2023-08-29,store_1,item_10,19,20.59,0,1,8,391.21,14.41,273.79,117.42,18,14,0
2023-08-30,store_1,item_10,17,20.59,0,2,8,350.03,14.41,244.97,105.06,19,24,0
2023-08-31,store_1,item_10,26,20.59,0,3,8,535.34,14.41,374.66,160.68,17,21,0
2023-09-01,store_1,item_10,23,16.47,1,4,9,378.81,11.53,265.19,113.62,26,23,0
2023-09-03,store_1,item_10,13,20.59,0,6,9,267.67,14.41,187.33,80.34,23,15,1
2023-09-04,store_1,item_10,24,20.59,0,0,9,494.16,14.41,345.84,148.32,13,17,0
2023-09-05,store_1,item_10,19,20.59,0,1,9,391.21,14.41,273.79,117.42,24,18,0
2023-09-06,store_1,item_10,21,20.59,0,2,9,432.39,14.41,302.61,129.78,19,19,0
2023-09-08,store_1,item_10,11,20.59,0,4,9,226.49,14.41,158.51,67.98,21,17,0
2023-09-09,store_1,item_10,18,20.59,0,5,9,370.62,14.41,259.38,111.24,11,26,1
2023-09-10,store_1,item_10,15,20.59,0,6,9,308.85,14.41,216.15,92.7,18,23,1
2023-09-11,store_1,item_10,19,20.59,0,0,9,391.21,14.41,273.79,117.42,15,13,0
2023-09-13,store_1,item_10,25,20.59,0,2,9,514.75,14.41,360.25,154.5,19,24,0
2023-09-14,store_1,item_10,16,20.59,0,3,9,329.44,14.41,230.56,98.88,25,19,0
2023-09-15,store_1,item_10,16,20.59,0,4,9,329.44,14.41,230.56,98.88,16,21,0
2023-09-16,store_1,item_10,17,20.59,0,5,9,350.03,14.41,244.97,105.06,16,11,1
2023-09-18,store_1,item_10,26,16.47,1,0,9,428.22,11.53,299.78,128.44,17,18,0
2023-09-19,store_1,item_10,17,20.59,0,1,9,350.03,14.41,244.97,105.06,26,15,0
2023-09-20,store_1,item_10,19,20.59,0,2,9,391.21,14.41,273.79,117.42,17,19,0
2023-09-21,store_1,item_10,26,20.59,0,3,9,535.34,14.41,374.66,160.68,19,25,0
2023-09-23,store_1,item_10,16,20.59,0,5,9,329.44,14.41,230.56,98.88,26,16,1
2023-09-24,store_1,item_10,15,20.59,0,6,9,308.85,14.41,216.15,92.7,16,16,1
2023-09-25,store_1,item_10,12,20.59,0,0,9,247.08,14.41,172.92,74.16,15,17,0
2023-09-26,store_1,item_10,19,20.59,0,1,9,391.21,14.41,273.79,117.42,12,26,0
2023-09-28,store_1,item_10,26,16.47,1,3,9,428.22,11.53,299.78,128.44,19,17,0
2023-09-29,store_1,item_10,24,16.47,1,4,9,395.28,11.53,276.72,118.56,26,19,0
2023-09-30,store_1,item_10,11,20.59,0,5,9,226.49,14.41,158.51,67.98,24,26,1
2023-10-01,store_1,item_10,11,20.59,0,6,10,226.49,14.41,158.51,67.98,11,16,1
2023-10-03,store_1,item_10,26,20.59,0,1,10,535.34,14.41,374.66,160.68,11,15,0
2023-10-04,store_1,item_10,20,20.59,0,2,10,411.8,14.41,288.2,123.6,26,12,0
2023-10-05,store_1,item_10,25,16.47,1,3,10,411.75,11.53,288.25,123.5,20,19,0
2023-10-06,store_1,item_10,13,20.59,0,4,10,267.67,14.41,187.33,80.34,25,26,0
2023-10-08,store_1,item_10,20,20.59,0,6,10,411.8,14.41,288.2,123.6,13,24,1
2023-10-09,store_1,item_10,15,20.59,0,0,10,308.85,14.41,216.15,92.7,20,11,0
2023-10-10,store_1,item_10,20,20.59,0,1,10,411.8,14.41,288.2,123.6,15,11,0
2023-10-11,store_1,item_10,21,20.59,0,2,10,432.39,14.41,302.61,129.78,20,26,0
2023-10-13,store_1,item_10,24,16.47,1,4,10,395.28,11.53,276.72,118.56,21,20,0
2023-10-14,store_1,item_10,16,16.47,1,5,10,263.52,11.53,184.48,79.04,24,25,1
2023-10-15,store_1,item_10,17,20.59,0,6,10,350.03,14.41,244.97,105.06,16,13,1
2023-10-16,store_1,item_10,18,20.59,0,0,10,370.62,14.41,259.38,111.24,17,20,0
2023-10-18,store_1,item_10,24,20.59,0,2,10,494.16,14.41,345.84,148.32,18,15,0
2023-10-19,store_1,item_10,18,20.59,0,3,10,370.62,14.41,259.38,111.24,24,20,0
2023-10-20,store_1,item_10,17,20.59,0,4,10,350.03,14.41,244.97,105.06,18,21,0
2023-10-21,store_1,item_10,14,20.59,0,5,10,288.26,14.41,201.74,86.52,17,24,1
2023-10-23,store_1,item_10,15,20.59,0,0,10,308.85,14.41,216.15,92.7,14,16,0
2023-10-24,store_1,item_10,22,20.59,0,1,10,452.98,14.41,317.02,135.96,15,17,0
2023-10-25,store_1,item_10,28,16.47,1,2,10,461.16,11.53,322.84,138.32,22,18,0
2023-10-26,store_1,item_10,31,16.47,1,3,10,510.57,11.53,357.43,153.14,28,24,0
2023-10-28,store_1,item_10,11,20.59,0,5,10,226.49,14.41,158.51,67.98,31,18,1
2023-10-29,store_1,item_10,19,20.59,0,6,10,391.21,14.41,273.79,117.42,11,17,1
2023-10-30,store_1,item_10,18,20.59,0,0,10,370.62,14.41,259.38,111.24,19,14,0
2023-10-31,store_1,item_10,15,20.59,0,1,10,308.85,14.41,216.15,92.7,18,15,0
2023-11-02,store_1,item_10,21,20.59,0,3,11,432.39,14.41,302.61,129.78,15,22,0
2023-11-03,store_1,item_10,18,20.59,0,4,11,370.62,14.41,259.38,111.24,21,28,0
2023-11-04,store_1,item_10,12,20.59,0,5,11,247.08,14.41,172.92,74.16,18,31,1
2023-11-05,store_1,item_10,14,20.59,0,6,11,288.26,14.41,201.74,86.52,12,11,1
2023-11-07,store_1,item_10,24,20.59,0,1,11,494.16,14.41,345.84,148.32,14,19,0
2023-11-08,store_1,item_10,18,20.59,0,2,11,370.62,14.41,259.38,111.24,24,18,0
2023-11-09,store_1,item_10,16,20.59,0,3,11,329.44,14.41,230.56,98.88,18,15,0
2023-11-10,store_1,item_10,21,20.59,0,4,11,432.39,14.41,302.61,129.78,16,21,0
2023-11-12,store_1,item_10,13,20.59,0,6,11,267.67,14.41,187.33,80.34,21,18,1
2023-11-13,store_1,item_10,18,20.59,0,0,11,370.62,14.41,259.38,111.24,13,12,0
2023-11-14,store_1,item_10,28,20.59,0,1,11,576.52,14.41,403.48,173.04,18,14,0
2023-11-15,store_1,item_10,25,20.59,0,2,11,514.75,14.41,360.25,154.5,28,24,0
2023-11-17,store_1,item_10,21,20.59,0,4,11,432.39,14.41,302.61,129.78,25,18,0
2023-11-18,store_1,item_10,14,20.59,0,5,11,288.26,14.41,201.74,86.52,21,16,1
2023-11-19,store_1,item_10,17,20.59,0,6,11,350.03,14.41,244.97,105.06,14,21,1
2023-11-20,store_1,item_10,19,20.59,0,0,11,391.21,14.41,273.79,117.42,17,13,0
2023-11-22,store_1,item_10,26,20.59,0,2,11,535.34,14.41,374.66,160.68,19,18,0
2023-11-23,store_1,item_10,22,20.59,0,3,11,452.98,14.41,317.02,135.96,26,28,0
2023-11-24,store_1,item_10,20,20.59,0,4,11,411.8,14.41,288.2,123.6,22,25,0
2023-11-25,store_1,item_10,20,20.59,0,5,11,411.8,14.41,288.2,123.6,20,21,1
2023-11-27,store_1,item_10,21,20.59,0,0,11,432.39,14.41,302.61,129.78,20,14,0
2023-11-28,store_1,item_10,25,20.59,0,1,11,514.75,14.41,360.25,154.5,21,17,0
2023-11-29,store_1,item_10,10,20.59,0,2,11,205.9,14.41,144.1,61.8,25,19,0
2023-11-30,store_1,item_10,20,20.59,0,3,11,411.8,14.41,288.2,123.6,10,26,0
2023-12-02,store_1,item_10,11,20.59,0,5,12,226.49,14.41,158.51,67.98,20,22,1
2023-12-03,store_1,item_10,17,20.59,0,6,12,350.03,14.41,244.97,105.06,11,20,1
2023-12-04,store_1,item_10,27,20.59,0,0,12,555.93,14.41,389.07,166.86,17,20,0
2023-12-05,store_1,item_10,22,20.59,0,1,12,452.98,14.41,317.02,135.96,27,21,0
2023-12-07,store_1,item_10,20,20.59,0,3,12,411.8,14.41,288.2,123.6,22,25,0
2023-12-08,store_1,item_10,22,20.59,0,4,12,452.98,14.41,317.02,135.96,20,10,0
2023-12-09,store_1,item_10,17,20.59,0,5,12,350.03,14.41,244.97,105.06,22,20,1
2023-12-10,store_1,item_10,15,20.59,0,6,12,308.85,14.41,216.15,92.7,17,11,1
2023-12-12,store_1,item_10,27,20.59,0,1,12,555.93,14.41,389.07,166.86,15,17,0
2023-12-13,store_1,item_10,23,20.59,0,2,12,473.57,14.41,331.43,142.14,27,27,0
2023-12-14,store_1,item_10,24,20.59,0,3,12,494.16,14.41,345.84,148.32,23,22,0
2023-12-15,store_1,item_10,27,20.59,0,4,12,555.93,14.41,389.07,166.86,24,20,0
2023-12-17,store_1,item_10,14,20.59,0,6,12,288.26,14.41,201.74,86.52,27,22,1
2023-12-18,store_1,item_10,24,20.59,0,0,12,494.16,14.41,345.84,148.32,14,17,0
2023-12-19,store_1,item_10,28,20.59,0,1,12,576.52,14.41,403.48,173.04,24,15,0
2023-12-20,store_1,item_10,31,20.59,0,2,12,638.29,14.41,446.71,191.58,28,27,0
2023-12-22,store_1,item_10,23,20.59,0,4,12,473.57,14.41,331.43,142.14,31,23,0
2023-12-23,store_1,item_10,20,20.59,0,5,12,411.8,14.41,288.2,123.6,23,24,1
2023-12-24,store_1,item_10,20,20.59,0,6,12,411.8,14.41,288.2,123.6,20,27,1
2023-12-25,store_1,item_10,36,16.47,1,0,12,592.92,11.53,415.08,177.84,20,14,0
2023-12-27,store_1,item_10,30,20.59,0,2,12,617.7,14.41,432.3,185.4,36,24,0
2023-12-28,store_1,item_10,29,20.59,0,3,12,597.11,14.41,417.89,179.22,30,28,0
2023-12-29,store_1,item_10,15,20.59,0,4,12,308.85,14.41,216.15,92.7,29,31,0
2023-12-30,store_1,item_10,15,20.59,0,5,12,308.85,14.41,216.15,92.7,15,23,1
2023-01-05,store_2,item_10,31,20.59,0,3,1,638.29,14.41,446.71,191.58,0,0,0
2023-01-10,store_2,item_10,24,20.59,0,1,1,494.16,14.41,345.84,148.32,31,0,0
2023-01-15,store_2,item_10,15,20.59,0,6,1,308.85,14.41,216.15,92.7,24,0,1
2023-01-20,store_2,item_10,21,20.59,0,4,1,432.39,14.41,302.61,129.78,15,0,0
2023-01-25,store_2,item_10,30,20.59,0,2,1,617.7,14.41,432.3,185.4,21,0,0
2023-01-30,store_2,item_10,30,20.59,0,0,1,617.7,14.41,432.3,185.4,30,0,0
2023-02-04,store_2,item_10,17,20.59,0,5,2,350.03,14.41,244.97,105.06,30,0,1
2023-02-09,store_2,item_10,34,20.59,0,3,2,700.06,14.41,489.94,210.12,17,31,0
2023-02-14,store_2,item_10,34,20.59,0,1,2,700.06,14.41,489.94,210.12,34,24,0
2023-02-19,store_2,item_10,30,16.47,1,6,2,494.1,11.53,345.9,148.2,34,15,1
2023-02-24,store_2,item_10,29,20.59,0,4,2,597.11,14.41,417.89,179.22,30,21,0
2023-03-01,store_2,item_10,29,20.59,0,2,3,597.11,14.41,417.89,179.22,29,30,0
2023-03-06,store_2,item_10,27,20.59,0,0,3,555.93,14.41,389.07,166.86,29,30,0
2023-03-11,store_2,item_10,23,20.59,0,5,3,473.57,14.41,331.43,142.14,27,17,1
2023-03-16,store_2,item_10,32,20.59,0,3,3,658.88,14.41,461.12,197.76,23,34,0
2023-03-21,store_2,item_10,34,20.59,0,1,3,700.06,14.41,489.94,210.12,32,34,0
2023-03-26,store_2,item_10,27,20.59,0,6,3,555.93,14.41,389.07,166.86,34,30,1
2023-03-31,store_2,item_10,25,20.59,0,4,3,514.75,14.41,360.25,154.5,27,29,0
2023-04-05,store_2,item_10,52,16.47,1,2,4,856.44,11.53,599.56,256.88,25,29,0
2023-04-10,store_2,item_10,31,20.59,0,0,4,638.29,14.41,446.71,191.58,52,27,0
2023-04-15,store_2,item_10,23,20.59,0,5,4,473.57,14.41,331.43,142.14,31,23,1
2023-04-20,store_2,item_10,33,20.59,0,3,4,679.47,14.41,475.53,203.94,23,32,0
2023-04-25,store_2,item_10,29,20.59,0,1,4,597.11,14.41,417.89,179.22,33,34,0
2023-04-30,store_2,item_10,24,20.59,0,6,4,494.16,14.41,345.84,148.32,29,27,1
2023-05-05,store_2,item_10,25,20.59,0,4,5,514.75,14.41,360.25,154.5,24,25,0
2023-05-10,store_2,item_10,33,20.59,0,2,5,679.47,14.41,475.53,203.94,25,52,0
2023-05-15,store_2,item_10,27,20.59,0,0,5,555.93,14.41,389.07,166.86,33,31,0
2023-05-20,store_2,item_10,32,16.47,1,5,5,527.04,11.53,368.96,158.08,27,23,1
2023-05-25,store_2,item_10,27,20.59,0,3,5,555.93,14.41,389.07,166.86,32,33,0
2023-05-30,store_2,item_10,27,20.59,0,1,5,555.93,14.41,389.07,166.86,27,29,0
2023-06-04,store_2,item_10,22,20.59,0,6,6,452.98,14.41,317.02,135.96,27,24,1
2023-06-09,store_2,item_10,20,20.59,0,4,6,411.8,14.41,288.2,123.6,22,25,0
2023-06-14,store_2,item_10,29,20.59,0,2,6,597.11,14.41,417.89,179.22,20,33,0
2023-06-19,store_2,item_10,22,20.59,0,0,6,452.98,14.41,317.02,135.96,29,27,0
2023-06-24,store_2,item_10,22,20.59,0,5,6,452.98,14.41,317.02,135.96,22,32,1
2023-06-29,store_2,item_10,24,20.59,0,3,6,494.16,14.41,345.84,148.32,22,27,0
2023-07-04,store_2,item_10,23,20.59,0,1,7,473.57,14.41,331.43,142.14,24,27,0
2023-07-09,store_2,item_10,18,20.59,0,6,7,370.62,14.41,259.38,111.24,23,22,1
2023-07-14,store_2,item_10,31,16.47,1,4,7,510.57,11.53,357.43,153.14,18,20,0
2023-07-19,store_2,item_10,22,20.59,0,2,7,452.98,14.41,317.02,135.96,31,29,0
2023-07-24,store_2,item_10,17,20.59,0,0,7,350.03,14.41,244.97,105.06,22,22,0
2023-07-29,store_2,item_10,14,20.59,0,5,7,288.26,14.41,201.74,86.52,17,22,1
2023-08-03,store_2,item_10,23,20.59,0,3,8,473.57,14.41,331.43,142.14,14,24,0
2023-08-08,store_2,item_10,25,20.59,0,1,8,514.75,14.41,360.25,154.5,23,23,0
2023-08-13,store_2,item_10,14,20.59,0,6,8,288.26,14.41,201.74,86.52,25,18,1
2023-08-18,store_2,item_10,11,20.59,0,4,8,226.49,14.41,158.51,67.98,14,31,0
2023-08-23,store_2,item_10,22,20.59,0,2,8,452.98,14.41,317.02,135.96,11,22,0
2023-08-28,store_2,item_10,18,20.59,0,0,8,370.62,14.41,259.38,111.24,22,17,0
2023-09-02,store_2,item_10,16,20.59,0,5,9,329.44,14.41,230.56,98.88,18,14,1
2023-09-07,store_2,item_10,24,20.59,0,3,9,494.16,14.41,345.84,148.32,16,23,0
2023-09-12,store_2,item_10,40,20.59,0,1,9,823.6,14.41,576.4,247.2,24,25,0
2023-09-17,store_2,item_10,11,20.59,0,6,9,226.49,14.41,158.51,67.98,40,14,1
2023-09-22,store_2,item_10,17,20.59,0,4,9,350.03,14.41,244.97,105.06,11,11,0
2023-09-27,store_2,item_10,21,20.59,0,2,9,432.39,14.41,302.61,129.78,17,22,0
2023-10-02,store_2,item_10,22,20.59,0,0,10,452.98,14.41,317.02,135.96,21,18,0
2023-10-07,store_2,item_10,14,20.59,0,5,10,288.26,14.41,201.74,86.52,22,16,1
2023-10-12,store_2,item_10,22,20.59,0,3,10,452.98,14.41,317.02,135.96,14,24,0
2023-10-17,store_2,item_10,16,20.59,0,1,10,329.44,14.41,230.56,98.88,22,40,0
2023-10-22,store_2,item_10,13,20.59,0,6,10,267.67,14.41,187.33,80.34,16,11,1
2023-10-27,store_2,item_10,13,20.59,0,4,10,267.67,14.41,187.33,80.34,13,17,0
2023-11-01,store_2,item_10,19,20.59,0,2,11,391.21,14.41,273.79,117.42,13,21,0
2023-11-06,store_2,item_10,17,20.59,0,0,11,350.03,14.41,244.97,105.06,19,22,0
2023-11-11,store_2,item_10,17,20.59,0,5,11,350.03,14.41,244.97,105.06,17,14,1
2023-11-16,store_2,item_10,19,20.59,0,3,11,391.21,14.41,273.79,117.42,17,22,0
2023-11-21,store_2,item_10,23,20.59,0,1,11,473.57,14.41,331.43,142.14,19,16,0
2023-11-26,store_2,item_10,17,20.59,0,6,11,350.03,14.41,244.97,105.06,23,13,1
2023-12-01,store_2,item_10,18,20.59,0,4,12,370.62,14.41,259.38,111.24,17,13,0
2023-12-06,store_2,item_10,19,20.59,0,2,12,391.21,14.41,273.79,117.42,18,19,0
2023-12-11,store_2,item_10,23,20.59,0,0,12,473.57,14.41,331.43,142.14,19,17,0
2023-12-16,store_2,item_10,16,20.59,0,5,12,329.44,14.41,230.56,98.88,23,17,1
2023-12-21,store_2,item_10,22,20.59,0,3,12,452.98,14.41,317.02,135.96,16,19,0
2023-12-26,store_2,item_10,27,20.59,0,1,12,555.93,14.41,389.07,166.86,22,23,0
2023-12-31,store_2,item_10,19,20.59,0,6,12,391.21,14.41,273.79,117.42,27,17,1
2023-01-02,store_1,item_2,35,38.55,0,0,1,1349.25,26.99,944.65,404.6,0,0,0
2023-01-03,store_1,item_2,43,38.55,0,1,1,1657.65,26.99,1160.57,497.08,35,0,0
2023-01-04,store_1,item_2,45,38.55,0,2,1,1734.75,26.99,1214.55,520.2,43,0,0
2023-01-05,store_1,item_2,43,38.55,0,3,1,1657.65,26.99,1160.57,497.08,45,0,0
2023-01-07,store_1,item_2,33,38.55,0,5,1,1272.15,26.99,890.67,381.48,43,0,1
2023-01-08,store_1,item_2,77,38.55,0,6,1,2968.35,26.99,2078.23,890.12,33,0,1
2023-01-09,store_1,item_2,32,38.55,0,0,1,1233.6,26.99,863.68,369.92,77,0,0
2023-01-10,store_1,item_2,49,38.55,0,1,1,1888.95,26.99,1322.51,566.44,32,35,0
2023-01-12,store_1,item_2,40,38.55,0,3,1,1542.0,26.99,1079.6,462.4,49,43,0
2023-01-13,store_1,item_2,38,38.55,0,4,1,1464.9,26.99,1025.62,439.28,40,45,0
2023-01-14,store_1,item_2,34,38.55,0,5,1,1310.7,26.99,917.66,393.04,38,43,1
2023-01-15,store_1,item_2,39,38.55,0,6,1,1503.45,26.99,1052.61,450.84,34,33,1
2023-01-17,store_1,item_2,47,38.55,0,1,1,1811.85,26.99,1268.53,543.32,39,77,0
2023-01-18,store_1,item_2,50,38.55,0,2,1,1927.5,26.99,1349.5,578.0,47,32,0
2023-01-19,store_1,item_2,74,30.84,1,3,1,2282.16,21.59,1597.66,684.5,50,49,0
2023-01-20,store_1,item_2,43,38.55,0,4,1,1657.65,26.99,1160.57,497.08,74,40,0
2023-01-22,store_1,item_2,40,38.55,0,6,1,1542.0,26.99,1079.6,462.4,43,38,1
2023-01-23,store_1,item_2,37,38.55,0,0,1,1426.35,26.99,998.63,427.72,40,34,0
2023-01-24,store_1,item_2,79,30.84,1,1,1,2436.36,21.59,1705.61,730.75,37,39,0
2023-01-25,store_1,item_2,49,38.55,0,2,1,1888.95,26.99,1322.51,566.44,79,47,0
2023-01-27,store_1,item_2,38,38.55,0,4,1,1464.9,26.99,1025.62,439.28,49,50,0
2023-01-28,store_1,item_2,33,38.55,0,5,1,1272.15,26.99,890.67,381.48,38,74,1
2023-01-29,store_1,item_2,40,38.55,0,6,1,1542.0,26.99,1079.6,462.4,33,43,1
2023-01-30,store_1,item_2,47,38.55,0,0,1,1811.85,26.99,1268.53,543.32,40,40,0
2023-02-01,store_1,item_2,55,38.55,0,2,2,2120.25,26.99,1484.45,635.8,47,37,0
2023-02-02,store_1,item_2,51,38.55,0,3,2,1966.05,26.99,1376.49,589.56,55,79,0
2023-02-03,store_1,item_2,43,38.55,0,4,2,1657.65,26.99,1160.57,497.08,51,49,0
2023-02-04,store_1,item_2,14,30.84,1,5,2,431.76,21.59,302.26,129.5,43,38,1
2023-02-06,store_1,item_2,51,38.55,0,0,2,1966.05,26.99,1376.49,589.56,14,33,0
2023-02-07,store_1,item_2,50,38.55,0,1,2,1927.5,26.99,1349.5,578.0,51,40,0
2023-02-08,store_1,item_2,53,38.55,0,2,2,2043.15,26.99,1430.47,612.68,50,47,0
2023-02-09,store_1,item_2,51,38.55,0,3,2,1966.05,26.99,1376.49,589.56,53,55,0
2023-02-11,store_1,item_2,33,38.55,0,5,2,1272.15,26.99,890.67,381.48,51,51,1
2023-02-12,store_1,item_2,43,38.55,0,6,2,1657.65,26.99,1160.57,497.08,33,43,1
2023-02-13,store_1,item_2,41,38.55,0,0,2,1580.55,26.99,1106.59,473.96,43,14,0
2023-02-14,store_1,item_2,54,38.55,0,1,2,2081.7,26.99,1457.46,624.24,41,51,0
2023-02-16,store_1,item_2,53,38.55,0,3,2,2043.15,26.99,1430.47,612.68,54,50,0
2023-02-17,store_1,item_2,65,30.84,1,4,2,2004.6,21.59,1403.35,601.25,53,53,0
2023-02-18,store_1,item_2,36,38.55,0,5,2,1387.8,26.99,971.64,416.16,65,51,1
2023-02-19,store_1,item_2,18,30.84,1,6,2,555.12,21.59,388.62,166.5,36,33,1
2023-02-21,store_1,item_2,57,38.55,0,1,2,2197.35,26.99,1538.43,658.92,18,43,0
2023-02-22,store_1,item_2,59,38.55,0,2,2,2274.45,26.99,1592.41,682.04,57,41,0
2023-02-23,store_1,item_2,54,38.55,0,3,2,2081.7,26.99,1457.46,624.24,59,54,0
2023-02-24,store_1,item_2,43,38.55,0,4,2,1657.65,26.99,1160.57,497.08,54,53,0
2023-02-26,store_1,item_2,43,38.55,0,6,2,1657.65,26.99,1160.57,497.08,43,65,1
2023-02-27,store_1,item_2,49,38.55,0,0,2,1888.95,26.99,1322.51,566.44,43,36,0
2023-02-28,store_1,item_2,58,38.55,0,1,2,2235.9,26.99,1565.42,670.48,49,18,0
2023-03-01,store_1,item_2,57,38.55,0,2,3,2197.35,26.99,1538.43,658.92,58,57,0
2023-03-03,store_1,item_2,53,38.55,0,4,3,2043.15,26.99,1430.47,612.68,57,59,0
2023-03-04,store_1,item_2,38,38.55,0,5,3,1464.9,26.99,1025.62,439.28,53,54,1
2023-03-05,store_1,item_2,42,38.55,0,6,3,1619.1,26.99,1133.58,485.52,38,43,1
2023-03-06,store_1,item_2,49,38.55,0,0,3,1888.95,26.99,1322.51,566.44,42,43,0
2023-03-08,store_1,item_2,61,38.55,0,2,3,2351.55,26.99,1646.39,705.16,49,49,0
2023-03-09,store_1,item_2,55,38.55,0,3,3,2120.25,26.99,1484.45,635.8,61,58,0
2023-03-10,store_1,item_2,49,38.55,0,4,3,1888.95,26.99,1322.51,566.44,55,57,0
2023-03-11,store_1,item_2,43,38.55,0,5,3,1657.65,26.99,1160.57,497.08,49,53,1
2023-03-13,store_1,item_2,134,38.55,0,0,3,5165.7,26.99,3616.66,1549.04,43,38,0
2023-03-14,store_1,item_2,24,38.55,0,1,3,925.2,26.99,647.76,277.44,134,42,0
2023-03-15,store_1,item_2,63,38.55,0,2,3,2428.65,26.99,1700.37,728.28,24,49,0
2023-03-16,store_1,item_2,52,38.55,0,3,3,2004.6,26.99,1403.48,601.12,63,61,0
2023-03-18,store_1,item_2,37,38.55,0,5,3,1426.35,26.99,998.63,427.72,52,55,1
2023-03-19,store_1,item_2,45,38.55,0,6,3,1734.75,26.99,1214.55,520.2,37,49,1
2023-03-20,store_1,item_2,53,38.55,0,0,3,2043.15,26.99,1430.47,612.68,45,43,0
2023-03-21,store_1,item_2,93,30.84,1,1,3,2868.12,21.59,2007.87,860.25,53,134,0
2023-03-23,store_1,item_2,57,38.55,0,3,3,2197.35,26.99,1538.43,658.92,93,24,0
2023-03-24,store_1,item_2,50,38.55,0,4,3,1927.5,26.99,1349.5,578.0,57,63,0
2023-03-25,store_1,item_2,60,30.84,1,5,3,1850.4,21.59,1295.4,555.0,50,52,1
2023-03-26,store_1,item_2,62,30.84,1,6,3,1912.08,21.59,1338.58,573.5,60,37,1
2023-03-28,store_1,item_2,58,38.55,0,1,3,2235.9,26.99,1565.42,670.48,62,45,0
2023-03-29,store_1,item_2,59,38.55,0,2,3,2274.45,26.99,1592.41,682.04,58,53,0
2023-03-30,store_1,item_2,54,38.55,0,3,3,2081.7,26.99,1457.46,624.24,59,93,0
2023-03-31,store_1,item_2,50,38.55,0,4,3,1927.5,26.99,1349.5,578.0,54,57,0
2023-04-02,store_1,item_2,44,38.55,0,6,4,1696.2,26.99,1187.56,508.64,50,50,1
2023-04-03,store_1,item_2,50,38.55,0,0,4,1927.5,26.99,1349.5,578.0,44,60,0
2023-04-04,store_1,item_2,58,38.55,0,1,4,2235.9,26.99,1565.42,670.48,50,62,0
2023-04-05,store_1,item_2,62,38.55,0,2,4,2390.1,26.99,1673.38,716.72,58,58,0
2023-04-07,store_1,item_2,49,38.55,0,4,4,1888.95,26.99,1322.51,566.44,62,59,0
2023-04-08,store_1,item_2,66,30.84,1,5,4,2035.44,21.59,1424.94,610.5,49,54,1
2023-04-09,store_1,item_2,63,30.84,1,6,4,1942.92,21.59,1360.17,582.75,66,50,1
2023-04-10,store_1,item_2,54,38.55,0,0,4,2081.7,26.99,1457.46,624.24,63,44,0
2023-04-12,store_1,item_2,68,38.55,0,2,4,2621.4,26.99,1835.32,786.08,54,50,0
2023-04-13,store_1,item_2,53,38.55,0,3,4,2043.15,26.99,1430.47,612.68,68,58,0
2023-04-14,store_1,item_2,49,38.55,0,4,4,1888.95,26.99,1322.51,566.44,53,62,0
2023-04-15,store_1,item_2,38,38.55,0,5,4,1464.9,26.99,1025.62,439.28,49,49,1
2023-04-17,store_1,item_2,56,38.55,0,0,4,2158.8,26.99,1511.44,647.36,38,66,0
2023-04-18,store_1,item_2,57,38.55,0,1,4,2197.35,26.99,1538.43,658.92,56,63,0
2023-04-19,store_1,item_2,68,38.55,0,2,4,2621.4,26.99,1835.32,786.08,57,54,0
2023-04-20,store_1,item_2,55,38.55,0,3,4,2120.25,26.99,1484.45,635.8,68,68,0
2023-04-22,store_1,item_2,124,38.55,0,5,4,4780.2,26.99,3346.76,1433.44,55,53,1
2023-04-23,store_1,item_2,44,38.55,0,6,4,1696.2,26.99,1187.56,508.64,124,49,1
2023-04-24,store_1,item_2,47,38.55,0,0,4,1811.85,26.99,1268.53,543.32,44,38,0
2023-04-25,store_1,item_2,57,38.55,0,1,4,2197.35,26.99,1538.43,658.92,47,56,0
2023-04-27,store_1,item_2,54,38.55,0,3,4,2081.7,26.99,1457.46,624.24,57,57,0
2023-04-28,store_1,item_2,47,38.55,0,4,4,1811.85,26.99,1268.53,543.32,54,68,0
2023-04-29,store_1,item_2,36,38.55,0,5,4,1387.8,26.99,971.64,416.16,47,55,1
2023-04-30,store_1,item_2,41,38.55,0,6,4,1580.55,26.99,1106.59,473.96,36,124,1
2023-05-02,store_1,item_2,83,30.84,1,1,5,2559.72,21.59,1791.97,767.75,41,44,0
2023-05-03,store_1,item_2,62,38.55,0,2,5,2390.1,26.99,1673.38,716.72,83,47,0
2023-05-04,store_1,item_2,55,38.55,0,3,5,2120.25,26.99,1484.45,635.8,62,57,0
2023-05-05,store_1,item_2,68,30.84,1,4,5,2097.12,21.59,1468.12,629.0,55,54,0
2023-05-07,store_1,item_2,40,38.55,0,6,5,1542.0,26.99,1079.6,462.4,68,47,1
2023-05-08,store_1,item_2,48,38.55,0,0,5,1850.4,26.99,1295.52,554.88,40,36,0
2023-05-09,store_1,item_2,88,30.84,1,1,5,2713.92,21.59,1899.92,814.0,48,41,0
2023-05-10,store_1,item_2,87,30.84,1,2,5,2683.08,21.59,1878.33,804.75,88,83,0
2023-05-12,store_1,item_2,46,38.55,0,4,5,1773.3,26.99,1241.54,531.76,87,62,0
2023-05-13,store_1,item_2,38,38.55,0,5,5,1464.9,26.99,1025.62,439.28,46,55,1
2023-05-14,store_1,item_2,65,30.84,1,6,5,2004.6,21.59,1403.35,601.25,38,68,1
2023-05-15,store_1,item_2,75,30.84,1,0,5,2313.0,21.59,1619.25,693.75,65,40,0
2023-05-17,store_1,item_2,55,38.55,0,2,5,2120.25,26.99,1484.45,635.8,75,48,0
2023-05-18,store_1,item_2,52,38.55,0,3,5,2004.6,26.99,1403.48,601.12,55,88,0
2023-05-19,store_1,item_2,39,38.55,0,4,5,1503.45,26.99,1052.61,450.84,52,87,0
2023-05-20,store_1,item_2,45,38.55,0,5,5,1734.75,26.99,1214.55,520.2,39,46,1
2023-05-22,store_1,item_2,48,38.55,0,0,5,1850.4,26.99,1295.52,554.88,45,38,0
2023-05-23,store_1,item_2,54,38.55,0,1,5,2081.7,26.99,1457.46,624.24,48,65,0
2023-05-24,store_1,item_2,83,30.84,1,2,5,2559.72,21.59,1791.97,767.75,54,75,0
2023-05-25,store_1,item_2,45,38.55,0,3,5,1734.75,26.99,1214.55,520.2,83,55,0
2023-05-27,store_1,item_2,43,38.55,0,5,5,1657.65,26.99,1160.57,497.08,45,52,1
2023-05-28,store_1,item_2,64,30.84,1,6,5,1973.76,21.59,1381.76,592.0,43,39,1
2023-05-29,store_1,item_2,45,38.55,0,0,5,1734.75,26.99,1214.55,520.2,64,45,0
2023-05-30,store_1,item_2,56,38.55,0,1,5,2158.8,26.99,1511.44,647.36,45,48,0
2023-06-01,store_1,item_2,52,38.55,0,3,6,2004.6,26.99,1403.48,601.12,56,54,0
2023-06-02,store_1,item_2,38,38.55,0,4,6,1464.9,26.99,1025.62,439.28,52,83,0
2023-06-03,store_1,item_2,31,38.55,0,5,6,1195.05,26.99,836.69,358.36,38,45,1
2023-06-04,store_1,item_2,61,30.84,1,6,6,1881.24,21.59,1316.99,564.25,31,43,1
2023-06-06,store_1,item_2,52,38.55,0,1,6,2004.6,26.99,1403.48,601.12,61,64,0
2023-06-07,store_1,item_2,53,38.55,0,2,6,2043.15,26.99,1430.47,612.68,52,45,0
2023-06-08,store_1,item_2,47,38.55,0,3,6,1811.85,26.99,1268.53,543.32,53,56,0
2023-06-09,store_1,item_2,42,38.55,0,4,6,1619.1,26.99,1133.58,485.52,47,52,0
2023-06-11,store_1,item_2,38,38.55,0,6,6,1464.9,26.99,1025.62,439.28,42,38,1
2023-06-12,store_1,item_2,44,38.55,0,0,6,1696.2,26.99,1187.56,508.64,38,31,0
2023-06-13,store_1,item_2,57,38.55,0,1,6,2197.35,26.99,1538.43,658.92,44,61,0
2023-06-14,store_1,item_2,48,38.55,0,2,6,1850.4,26.99,1295.52,554.88,57,52,0
2023-06-16,store_1,item_2,60,30.84,1,4,6,1850.4,21.59,1295.4,555.0,48,53,0
2023-06-17,store_1,item_2,34,38.55,0,5,6,1310.7,26.99,917.66,393.04,60,47,1
2023-06-18,store_1,item_2,71,38.55,0,6,6,2737.05,26.99,1916.29,820.76,34,42,1
2023-06-19,store_1,item_2,46,38.55,0,0,6,1773.3,26.99,1241.54,531.76,71,38,0
2023-06-21,store_1,item_2,47,38.55,0,2,6,1811.85,26.99,1268.53,543.32,46,44,0
2023-06-22,store_1,item_2,47,38.55,0,3,6,1811.85,26.99,1268.53,543.32,47,57,0
2023-06-23,store_1,item_2,43,38.55,0,4,6,1657.65,26.99,1160.57,497.08,47,48,0
2023-06-24,store_1,item_2,33,38.55,0,5,6,1272.15,26.99,890.67,381.48,43,60,1
2023-06-26,store_1,item_2,46,38.55,0,0,6,1773.3,26.99,1241.54,531.76,33,34,0
2023-06-27,store_1,item_2,45,38.55,0,1,6,1734.75,26.99,1214.55,520.2,46,71,0
2023-06-28,store_1,item_2,54,38.55,0,2,6,2081.7,26.99,1457.46,624.24,45,46,0
2023-06-29,store_1,item_2,47,38.55,0,3,6,1811.85,26.99,1268.53,543.32,54,47,0
2023-07-01,store_1,item_2,30,38.55,0,5,7,1156.5,26.99,809.7,346.8,47,47,1
2023-07-02,store_1,item_2,32,38.55,0,6,7,1233.6,26.99,863.68,369.92,30,43,1
2023-07-03,store_1,item_2,34,38.55,0,0,7,1310.7,26.99,917.66,393.04,32,33,0
2023-07-04,store_1,item_2,47,38.55,0,1,7,1811.85,26.99,1268.53,543.32,34,46,0
2023-07-06,store_1,item_2,43,38.55,0,3,7,1657.65,26.99,1160.57,497.08,47,45,0
2023-07-07,store_1,item_2,50,30.84,1,4,7,1542.0,21.59,1079.5,462.5,43,54,0
2023-07-08,store_1,item_2,34,38.55,0,5,7,1310.7,26.99,917.66,393.04,50,47,1
2023-07-09,store_1,item_2,35,38.55,0,6,7,1349.25,26.99,944.65,404.6,34,30,1
2023-07-11,store_1,item_2,45,38.55,0,1,7,1734.75,26.99,1214.55,520.2,35,32,0
2023-07-12,store_1,item_2,46,38.55,0,2,7,1773.3,26.99,1241.54,531.76,45,34,0
2023-07-13,store_1,item_2,46,38.55,0,3,7,1773.3,26.99,1241.54,531.76,46,47,0
2023-07-14,store_1,item_2,31,38.55,0,4,7,1195.05,26.99,836.69,358.36,46,43,0
2023-07-16,store_1,item_2,29,38.55,0,6,7,1117.95,26.99,782.71,335.24,31,50,1
2023-07-17,store_1,item_2,37,38.55,0,0,7,1426.35,26.99,998.63,427.72,29,34,0
2023-07-18,store_1,item_2,44,38.55,0,1,7,1696.2,26.99,1187.56,508.64,37,35,0
2023-07-19,store_1,item_2,42,38.55,0,2,7,1619.1,26.99,1133.58,485.52,44,45,0
2023-07-21,store_1,item_2,36,38.55,0,4,7,1387.8,26.99,971.64,416.16,42,46,0
2023-07-22,store_1,item_2,33,38.55,0,5,7,1272.15,26.99,890.67,381.48,36,46,1
2023-07-23,store_1,item_2,32,38.55,0,6,7,1233.6,26.99,863.68,369.92,33,31,1
2023-07-24,store_1,item_2,35,38.55,0,0,7,1349.25,26.99,944.65,404.6,32,29,0
2023-07-26,store_1,item_2,44,38.55,0,2,7,1696.2,26.99,1187.56,508.64,35,37,0
2023-07-27,store_1,item_2,39,38.55,0,3,7,1503.45,26.99,1052.61,450.84,44,44,0
2023-07-28,store_1,item_2,27,38.55,0,4,7,1040.85,26.99,728.73,312.12,39,42,0
2023-07-29,store_1,item_2,30,38.55,0,5,7,1156.5,26.99,809.7,346.8,27,36,1
2023-07-31,store_1,item_2,30,38.55,0,0,7,1156.5,26.99,809.7,346.8,30,33,0
2023-08-01,store_1,item_2,35,38.55,0,1,8,1349.25,26.99,944.65,404.6,30,32,0
2023-08-02,store_1,item_2,40,38.55,0,2,8,1542.0,26.99,1079.6,462.4,35,35,0
2023-08-03,store_1,item_2,34,38.55,0,3,8,1310.7,26.99,917.66,393.04,40,44,0
2023-08-05,store_1,item_2,26,38.55,0,5,8,1002.3,26.99,701.74,300.56,34,39,1
2023-08-06,store_1,item_2,27,38.55,0,6,8,1040.85,26.99,728.73,312.12,26,27,1
2023-08-07,store_1,item_2,33,38.55,0,0,8,1272.15,26.99,890.67,381.48,27,30,0
2023-08-08,store_1,item_2,55,30.84,1,1,8,1696.2,21.59,1187.45,508.75,33,30,0
2023-08-10,store_1,item_2,37,38.55,0,3,8,1426.35,26.99,998.63,427.72,55,35,0
2023-08-11,store_1,item_2,28,38.55,0,4,8,1079.4,26.99,755.72,323.68,37,40,0
2023-08-12,store_1,item_2,39,30.84,1,5,8,1202.76,21.59,842.01,360.75,28,34,1
2023-08-13,store_1,item_2,31,38.55,0,6,8,1195.05,26.99,836.69,358.36,39,26,1
2023-08-15,store_1,item_2,33,38.55,0,1,8,1272.15,26.99,890.67,381.48,31,27,0
2023-08-16,store_1,item_2,35,38.55,0,2,8,1349.25,26.99,944.65,404.6,33,33,0
2023-08-17,store_1,item_2,32,38.55,0,3,8,1233.6,26.99,863.68,369.92,35,55,0
2023-08-18,store_1,item_2,27,38.55,0,4,8,1040.85,26.99,728.73,312.12,32,37,0
2023-08-20,store_1,item_2,26,38.55,0,6,8,1002.3,26.99,701.74,300.56,27,28,1
2023-08-21,store_1,item_2,49,30.84,1,0,8,1511.16,21.59,1057.91,453.25,26,39,0
2023-08-22,store_1,item_2,39,38.55,0,1,8,1503.45,26.99,1052.61,450.84,49,31,0
2023-08-23,store_1,item_2,54,30.84,1,2,8,1665.36,21.59,1165.86,499.5,39,33,0
2023-08-25,store_1,item_2,25,38.55,0,4,8,963.75,26.99,674.75,289.0,54,35,0
2023-08-26,store_1,item_2,23,38.55,0,5,8,886.65,26.99,620.77,265.88,25,32,1
2023-08-27,store_1,item_2,22,38.55,0,6,8,848.1,26.99,593.78,254.32,23,27,1
2023-08-28,store_1,item_2,34,38.55,0,0,8,1310.7,26.99,917.66,393.04,22,26,0
2023-08-30,store_1,item_2,38,38.55,0,2,8,1464.9,26.99,1025.62,439.28,34,49,0
2023-08-31,store_1,item_2,28,38.55,0,3,8,1079.4,26.99,755.72,323.68,38,39,0
2023-09-01,store_1,item_2,29,38.55,0,4,9,1117.95,26.99,782.71,335.24,28,54,0
2023-09-02,store_1,item_2,24,38.55,0,5,9,925.2,26.99,647.76,277.44,29,25,1
2023-09-04,store_1,item_2,26,38.55,0,0,9,1002.3,26.99,701.74,300.56,24,23,0
2023-09-05,store_1,item_2,49,30.84,1,1,9,1511.16,21.59,1057.91,453.25,26,22,0
2023-09-06,store_1,item_2,34,38.55,0,2,9,1310.7,26.99,917.66,393.04,49,34,0
2023-09-07,store_1,item_2,31,38.55,0,3,9,1195.05,26.99,836.69,358.36,34,38,0
2023-09-09,store_1,item_2,23,38.55,0,5,9,886.65,26.99,620.77,265.88,31,28,1
2023-09-10,store_1,item_2,36,30.84,1,6,9,1110.24,21.59,777.24,333.0,23,29,1
2023-09-11,store_1,item_2,23,38.55,0,0,9,886.65,26.99,620.77,265.88,36,24,0
2023-09-12,store_1,item_2,36,38.55,0,1,9,1387.8,26.99,971.64,416.16,23,26,0
2023-09-14,store_1,item_2,32,38.55,0,3,9,1233.6,26.99,863.68,369.92,36,49,0
2023-09-15,store_1,item_2,36,30.84,1,4,9,1110.24,21.59,777.24,333.0,32,34,0
2023-09-16,store_1,item_2,20,38.55,0,5,9,771.0,26.99,539.8,231.2,36,31,1
2023-09-17,store_1,item_2,26,38.55,0,6,9,1002.3,26.99,701.74,300.56,20,23,1
2023-09-19,store_1,item_2,32,38.55,0,1,9,1233.6,26.99,863.68,369.92,26,36,0
2023-09-20,store_1,item_2,36,38.55,0,2,9,1387.8,26.99,971.64,416.16,32,23,0
2023-09-21,store_1,item_2,25,38.55,0,3,9,963.75,26.99,674.75,289.0,36,36,0
2023-09-22,store_1,item_2,28,38.55,0,4,9,1079.4,26.99,755.72,323.68,25,32,0
2023-09-24,store_1,item_2,21,38.55,0,6,9,809.55,26.99,566.79,242.76,28,36,1
2023-09-25,store_1,item_2,24,38.55,0,0,9,925.2,26.99,647.76,277.44,21,20,0
2023-09-26,store_1,item_2,33,38.55,0,1,9,1272.15,26.99,890.67,381.48,24,26,0
2023-09-27,store_1,item_2,55,30.84,1,2,9,1696.2,21.59,1187.45,508.75,33,32,0
2023-09-29,store_1,item_2,23,38.55,0,4,9,886.65,26.99,620.77,265.88,55,36,0
2023-09-30,store_1,item_2,23,38.55,0,5,9,886.65,26.99,620.77,265.88,23,25,1
2023-10-01,store_1,item_2,29,38.55,0,6,10,1117.95,26.99,782.71,335.24,23,28,1
2023-10-02,store_1,item_2,30,38.55,0,0,10,1156.5,26.99,809.7,346.8,29,21,0
2023-10-04,store_1,item_2,38,38.55,0,2,10,1464.9,26.99,1025.62,439.28,30,24,0
2023-10-05,store_1,item_2,32,38.55,0,3,10,1233.6,26.99,863.68,369.92,38,33,0
2023-10-06,store_1,item_2,24,38.55,0,4,10,925.2,26.99,647.76,277.44,32,55,0
2023-10-07,store_1,item_2,18,38.55,0,5,10,693.9,26.99,485.82,208.08,24,23,1
2023-10-09,store_1,item_2,25,38.55,0,0,10,963.75,26.99,674.75,289.0,18,23,0
2023-10-10,store_1,item_2,35,38.55,0,1,10,1349.25,26.99,944.65,404.6,25,29,0
2023-10-11,store_1,item_2,37,38.55,0,2,10,1426.35,26.99,998.63,427.72,35,30,0
2023-10-12,store_1,item_2,32,38.55,0,3,10,1233.6,26.99,863.68,369.92,37,38,0
2023-10-14,store_1,item_2,29,38.55,0,5,10,1117.95,26.99,782.71,335.24,32,32,1
2023-10-15,store_1,item_2,23,38.55,0,6,10,886.65,26.99,620.77,265.88,29,24,1
2023-10-16,store_1,item_2,31,38.55,0,0,10,1195.05,26.99,836.69,358.36,23,18,0
2023-10-17,store_1,item_2,34,38.55,0,1,10,1310.7,26.99,917.66,393.04,31,25,0
2023-10-19,store_1,item_2,33,38.55,0,3,10,1272.15,26.99,890.67,381.48,34,35,0
2023-10-20,store_1,item_2,25,38.55,0,4,10,963.75,26.99,674.75,289.0,33,37,0
2023-10-21,store_1,item_2,27,38.55,0,5,10,1040.85,26.99,728.73,312.12,25,32,1
2023-10-22,store_1,item_2,20,38.55,0,6,10,771.0,26.99,539.8,231.2,27,29,1
2023-10-24,store_1,item_2,38,38.55,0,1,10,1464.9,26.99,1025.62,439.28,20,23,0
2023-10-25,store_1,item_2,55,30.84,1,2,10,1696.2,21.59,1187.45,508.75,38,31,0
2023-10-26,store_1,item_2,40,38.55,0,3,10,1542.0,26.99,1079.6,462.4,55,34,0
2023-10-27,store_1,item_2,57,38.55,0,4,10,2197.35,26.99,1538.43,658.92,40,33,0
2023-10-29,store_1,item_2,20,38.55,0,6,10,771.0,26.99,539.8,231.2,57,25,1
2023-10-30,store_1,item_2,41,30.84,1,0,10,1264.44,21.59,885.19,379.25,20,27,0
2023-10-31,store_1,item_2,38,38.55,0,1,10,1464.9,26.99,1025.62,439.28,41,20,0
2023-11-01,store_1,item_2,49,30.84,1,2,11,1511.16,21.59,1057.91,453.25,38,38,0
2023-11-03,store_1,item_2,31,38.55,0,4,11,1195.05,26.99,836.69,358.36,49,55,0
2023-11-04,store_1,item_2,26,38.55,0,5,11,1002.3,26.99,701.74,300.56,31,40,1
2023-11-05,store_1,item_2,26,38.55,0,6,11,1002.3,26.99,701.74,300.56,26,57,1
2023-11-06,store_1,item_2,30,38.55,0,0,11,1156.5,26.99,809.7,346.8,26,20,0
2023-11-08,store_1,item_2,57,30.84,1,2,11,1757.88,21.59,1230.63,527.25,30,41,0
2023-11-09,store_1,item_2,32,38.55,0,3,11,1233.6,26.99,863.68,369.92,57,38,0
2023-11-10,store_1,item_2,30,38.55,0,4,11,1156.5,26.99,809.7,346.8,32,49,0
2023-11-11,store_1,item_2,29,38.55,0,5,11,1117.95,26.99,782.71,335.24,30,31,1
2023-11-13,store_1,item_2,98,38.55,0,0,11,3777.9,26.99,2645.02,1132.88,29,26,0
2023-11-14,store_1,item_2,38,38.55,0,1,11,1464.9,26.99,1025.62,439.28,98,26,0
2023-11-15,store_1,item_2,59,30.84,1,2,11,1819.56,21.59,1273.81,545.75,38,30,0
2023-11-16,store_1,item_2,38,38.55,0,3,11,1464.9,26.99,1025.62,439.28,59,57,0
2023-11-18,store_1,item_2,25,38.55,0,5,11,963.75,26.99,674.75,289.0,38,32,1
2023-11-19,store_1,item_2,26,38.55,0,6,11,1002.3,26.99,701.74,300.56,25,30,1
2023-11-20,store_1,item_2,47,30.84,1,0,11,1449.48,21.59,1014.73,434.75,26,29,0
2023-11-21,store_1,item_2,33,38.55,0,1,11,1272.15,26.99,890.67,381.48,47,98,0
2023-11-23,store_1,item_2,40,38.55,0,3,11,1542.0,26.99,1079.6,462.4,33,38,0
2023-11-24,store_1,item_2,26,38.55,0,4,11,1002.3,26.99,701.74,300.56,40,59,0
2023-11-25,store_1,item_2,32,38.55,0,5,11,1233.6,26.99,863.68,369.92,26,38,1
2023-11-26,store_1,item_2,31,38.55,0,6,11,1195.05,26.99,836.69,358.36,32,25,1
2023-11-28,store_1,item_2,42,38.55,0,1,11,1619.1,26.99,1133.58,485.52,31,26,0
2023-11-29,store_1,item_2,42,38.55,0,2,11,1619.1,26.99,1133.58,485.52,42,47,0
2023-11-30,store_1,item_2,34,38.55,0,3,11,1310.7,26.99,917.66,393.04,42,33,0
2023-12-01,store_1,item_2,32,38.55,0,4,12,1233.6,26.99,863.68,369.92,34,40,0
2023-12-03,store_1,item_2,32,38.55,0,6,12,1233.6,26.99,863.68,369.92,32,26,1
2023-12-04,store_1,item_2,33,38.55,0,0,12,1272.15,26.99,890.67,381.48,32,32,0
2023-12-05,store_1,item_2,41,38.55,0,1,12,1580.55,26.99,1106.59,473.96,33,31,0
2023-12-06,store_1,item_2,42,38.55,0,2,12,1619.1,26.99,1133.58,485.52,41,42,0
2023-12-08,store_1,item_2,55,30.84,1,4,12,1696.2,21.59,1187.45,508.75,42,42,0
2023-12-09,store_1,item_2,29,38.55,0,5,12,1117.95,26.99,782.71,335.24,55,34,1
2023-12-10,store_1,item_2,35,38.55,0,6,12,1349.25,26.99,944.65,404.6,29,32,1
2023-12-11,store_1,item_2,38,38.55,0,0,12,1464.9,26.99,1025.62,439.28,35,32,0
2023-12-13,store_1,item_2,43,38.55,0,2,12,1657.65,26.99,1160.57,497.08,38,33,0
2023-12-14,store_1,item_2,43,38.55,0,3,12,1657.65,26.99,1160.57,497.08,43,41,0
2023-12-15,store_1,item_2,51,30.84,1,4,12,1572.84,21.59,1101.09,471.75,43,42,0
2023-12-16,store_1,item_2,21,38.55,0,5,12,809.55,26.99,566.79,242.76,51,55,1
2023-12-18,store_1,item_2,40,38.55,0,0,12,1542.0,26.99,1079.6,462.4,21,29,0
2023-12-19,store_1,item_2,46,38.55,0,1,12,1773.3,26.99,1241.54,531.76,40,35,0
2023-12-20,store_1,item_2,42,38.55,0,2,12,1619.1,26.99,1133.58,485.52,46,38,0
2023-12-21,store_1,item_2,43,38.55,0,3,12,1657.65,26.99,1160.57,497.08,42,43,0
2023-12-23,store_1,item_2,32,38.55,0,5,12,1233.6,26.99,863.68,369.92,43,43,1
2023-12-24,store_1,item_2,36,38.55,0,6,12,1387.8,26.99,971.64,416.16,32,51,1
2023-12-25,store_1,item_2,42,38.55,0,0,12,1619.1,26.99,1133.58,485.52,36,21,0
2023-12-26,store_1,item_2,46,38.55,0,1,12,1773.3,26.99,1241.54,531.76,42,40,0
2023-12-28,store_1,item_2,47,38.55,0,3,12,1811.85,26.99,1268.53,543.32,46,46,0
2023-12-29,store_1,item_2,38,38.55,0,4,12,1464.9,26.99,1025.62,439.28,47,42,0
2023-12-30,store_1,item_2,29,38.55,0,5,12,1117.95,26.99,782.71,335.24,38,43,1
2023-12-31,store_1,item_2,35,38.55,0,6,12,1349.25,26.99,944.65,404.6,29,32,1
2023-01-01,store_2,item_2,32,38.55,0,6,1,1233.6,26.99,863.68,369.92,0,0,1
2023-01-06,store_2,item_2,38,38.55,0,4,1,1464.9,26.99,1025.62,439.28,32,0,0
2023-01-11,store_2,item_2,71,30.84,1,2,1,2189.64,21.59,1532.89,656.75,38,0,0
2023-01-16,store_2,item_2,37,38.55,0,0,1,1426.35,26.99,998.63,427.72,71,0,0
2023-01-21,store_2,item_2,32,38.55,0,5,1,1233.6,26.99,863.68,369.92,37,0,1
2023-01-26,store_2,item_2,50,38.55,0,3,1,1927.5,26.99,1349.5,578.0,32,0,0
2023-01-31,store_2,item_2,93,38.55,0,1,1,3585.15,26.99,2510.07,1075.08,50,0,0
2023-02-05,store_2,item_2,37,38.55,0,6,2,1426.35,26.99,998.63,427.72,93,32,1
2023-02-10,store_2,item_2,56,30.84,1,4,2,1727.04,21.59,1209.04,518.0,37,38,0
2023-02-15,store_2,item_2,81,30.84,1,2,2,2498.04,21.59,1748.79,749.25,56,71,0
2023-02-20,store_2,item_2,42,38.55,0,0,2,1619.1,26.99,1133.58,485.52,81,37,0
2023-02-25,store_2,item_2,42,38.55,0,5,2,1619.1,26.99,1133.58,485.52,42,32,1
2023-03-02,store_2,item_2,49,38.55,0,3,3,1888.95,26.99,1322.51,566.44,42,50,0
2023-03-07,store_2,item_2,77,30.84,1,1,3,2374.68,21.59,1662.43,712.25,49,93,0
2023-03-12,store_2,item_2,41,38.55,0,6,3,1580.55,26.99,1106.59,473.96,77,37,1
2023-03-17,store_2,item_2,42,38.55,0,4,3,1619.1,26.99,1133.58,485.52,41,56,0
2023-03-22,store_2,item_2,56,38.55,0,2,3,2158.8,26.99,1511.44,647.36,42,81,0
2023-03-27,store_2,item_2,45,38.55,0,0,3,1734.75,26.99,1214.55,520.2,56,42,0
2023-04-01,store_2,item_2,57,30.84,1,5,4,1757.88,21.59,1230.63,527.25,45,42,1
2023-04-06,store_2,item_2,52,38.55,0,3,4,2004.6,26.99,1403.48,601.12,57,49,0
2023-04-11,store_2,item_2,52,38.55,0,1,4,2004.6,26.99,1403.48,601.12,52,77,0
2023-04-16,store_2,item_2,59,30.84,1,6,4,1819.56,21.59,1273.81,545.75,52,41,1
2023-04-21,store_2,item_2,45,38.55,0,4,4,1734.75,26.99,1214.55,520.2,59,42,0
2023-04-26,store_2,item_2,59,38.55,0,2,4,2274.45,26.99,1592.41,682.04,45,56,0
2023-05-01,store_2,item_2,50,38.55,0,0,5,1927.5,26.99,1349.5,578.0,59,45,0
2023-05-06,store_2,item_2,36,38.55,0,5,5,1387.8,26.99,971.64,416.16,50,57,1
2023-05-11,store_2,item_2,54,38.55,0,3,5,2081.7,26.99,1457.46,624.24,36,52,0
2023-05-16,store_2,item_2,47,38.55,0,1,5,1811.85,26.99,1268.53,543.32,54,52,0
2023-05-21,store_2,item_2,40,38.55,0,6,5,1542.0,26.99,1079.6,462.4,47,59,1
2023-05-26,store_2,item_2,35,38.55,0,4,5,1349.25,26.99,944.65,404.6,40,45,0
2023-05-31,store_2,item_2,52,38.55,0,2,5,2004.6,26.99,1403.48,601.12,35,59,0
2023-06-05,store_2,item_2,36,38.55,0,0,6,1387.8,26.99,971.64,416.16,52,50,0
2023-06-10,store_2,item_2,31,38.55,0,5,6,1195.05,26.99,836.69,358.36,36,36,1
2023-06-15,store_2,item_2,43,38.55,0,3,6,1657.65,26.99,1160.57,497.08,31,54,0
2023-06-20,store_2,item_2,46,38.55,0,1,6,1773.3,26.99,1241.54,531.76,43,47,0
2023-06-25,store_2,item_2,32,38.55,0,6,6,1233.6,26.99,863.68,369.92,46,40,1
2023-06-30,store_2,item_2,31,38.55,0,4,6,1195.05,26.99,836.69,358.36,32,35,0
2023-07-05,store_2,item_2,40,38.55,0,2,7,1542.0,26.99,1079.6,462.4,31,52,0
2023-07-10,store_2,item_2,33,38.55,0,0,7,1272.15,26.99,890.67,381.48,40,36,0
2023-07-15,store_2,item_2,28,38.55,0,5,7,1079.4,26.99,755.72,323.68,33,31,1
2023-07-20,store_2,item_2,36,38.55,0,3,7,1387.8,26.99,971.64,416.16,28,43,0
2023-07-25,store_2,item_2,37,38.55,0,1,7,1426.35,26.99,998.63,427.72,36,46,0
2023-07-30,store_2,item_2,25,38.55,0,6,7,963.75,26.99,674.75,289.0,37,32,1
2023-08-04,store_2,item_2,22,38.55,0,4,8,848.1,26.99,593.78,254.32,25,31,0
2023-08-09,store_2,item_2,41,38.55,0,2,8,1580.55,26.99,1106.59,473.96,22,40,0
2023-08-14,store_2,item_2,32,38.55,0,0,8,1233.6,26.99,863.68,369.92,41,33,0
2023-08-19,store_2,item_2,40,38.55,0,5,8,1542.0,26.99,1079.6,462.4,32,28,1
2023-08-24,store_2,item_2,27,38.55,0,3,8,1040.85,26.99,728.73,312.12,40,36,0
2023-08-29,store_2,item_2,29,38.55,0,1,8,1117.95,26.99,782.71,335.24,27,37,0
2023-09-03,store_2,item_2,28,38.55,0,6,9,1079.4,26.99,755.72,323.68,29,25,1
2023-09-08,store_2,item_2,24,38.55,0,4,9,925.2,26.99,647.76,277.44,28,22,0
2023-09-13,store_2,item_2,40,38.55,0,2,9,1542.0,26.99,1079.6,462.4,24,41,0
2023-09-18,store_2,item_2,28,38.55,0,0,9,1079.4,26.99,755.72,323.68,40,32,0
2023-09-23,store_2,item_2,22,38.55,0,5,9,848.1,26.99,593.78,254.32,28,40,1
2023-09-28,store_2,item_2,28,38.55,0,3,9,1079.4,26.99,755.72,323.68,22,27,0
2023-10-03,store_2,item_2,31,38.55,0,1,10,1195.05,26.99,836.69,358.36,28,29,0
2023-10-08,store_2,item_2,30,30.84,1,6,10,925.2,21.59,647.7,277.5,31,28,1
2023-10-13,store_2,item_2,20,38.55,0,4,10,771.0,26.99,539.8,231.2,30,24,0
2023-10-18,store_2,item_2,32,38.55,0,2,10,1233.6,26.99,863.68,369.92,20,40,0
2023-10-23,store_2,item_2,24,38.55,0,0,10,925.2,26.99,647.76,277.44,32,28,0
2023-10-28,store_2,item_2,27,38.55,0,5,10,1040.85,26.99,728.73,312.12,24,22,1
2023-11-02,store_2,item_2,29,38.55,0,3,11,1117.95,26.99,782.71,335.24,27,28,0
2023-11-07,store_2,item_2,33,38.55,0,1,11,1272.15,26.99,890.67,381.48,29,31,0
2023-11-12,store_2,item_2,24,38.55,0,6,11,925.2,26.99,647.76,277.44,33,30,1
2023-11-17,store_2,item_2,25,38.55,0,4,11,963.75,26.99,674.75,289.0,24,20,0
2023-11-22,store_2,item_2,28,38.55,0,2,11,1079.4,26.99,755.72,323.68,25,32,0
2023-11-27,store_2,item_2,30,38.55,0,0,11,1156.5,26.99,809.7,346.8,28,24,0
2023-12-02,store_2,item_2,23,38.55,0,5,12,886.65,26.99,620.77,265.88,30,27,1
2023-12-07,store_2,item_2,36,38.55,0,3,12,1387.8,26.99,971.64,416.16,23,29,0
2023-12-12,store_2,item_2,43,38.55,0,1,12,1657.65,26.99,1160.57,497.08,36,33,0
2023-12-17,store_2,item_2,27,38.55,0,6,12,1040.85,26.99,728.73,312.12,43,24,1
2023-12-22,store_2,item_2,34,38.55,0,4,12,1310.7,26.99,917.66,393.04,27,25,0
2023-12-27,store_2,item_2,42,38.55,0,2,12,1619.1,26.99,1133.58,485.52,34,28,0
2023-01-01,store_1,item_3,40,82.6,0,6,1,3304.0,57.82,2312.8,991.2,0,0,1
2023-01-02,store_1,item_3,46,82.6,0,0,1,3799.6,57.82,2659.72,1139.88,40,0,0
2023-01-03,store_1,item_3,58,82.6,0,1,1,4790.8,57.82,3353.56,1437.24,46,0,0
2023-01-05,store_1,item_3,54,82.6,0,3,1,4460.4,57.82,3122.28,1338.12,58,0,0
2023-01-06,store_1,item_3,43,82.6,0,4,1,3551.8,57.82,2486.26,1065.54,54,0,0
2023-01-07,store_1,item_3,34,82.6,0,5,1,2808.4,57.82,1965.88,842.52,43,0,1
2023-01-08,store_1,item_3,45,82.6,0,6,1,3717.0,57.82,2601.9,1115.1,34,0,1
2023-01-10,store_1,item_3,54,82.6,0,1,1,4460.4,57.82,3122.28,1338.12,45,40,0
2023-01-11,store_1,item_3,59,82.6,0,2,1,4873.4,57.82,3411.38,1462.02,54,46,0
2023-01-12,store_1,item_3,51,82.6,0,3,1,4212.6,57.82,2948.82,1263.78,59,58,0
2023-01-13,store_1,item_3,46,82.6,0,4,1,3799.6,57.82,2659.72,1139.88,51,54,0
2023-01-15,store_1,item_3,38,82.6,0,6,1,3138.8,57.82,2197.16,941.64,46,43,1
2023-01-16,store_1,item_3,52,82.6,0,0,1,4295.2,57.82,3006.64,1288.56,38,34,0
2023-01-17,store_1,item_3,84,66.08,1,1,1,5550.72,46.26,3885.84,1664.88,52,45,0
2023-01-18,store_1,item_3,59,82.6,0,2,1,4873.4,57.82,3411.38,1462.02,84,54,0
2023-01-20,store_1,item_3,51,82.6,0,4,1,4212.6,57.82,2948.82,1263.78,59,59,0
2023-01-21,store_1,item_3,44,82.6,0,5,1,3634.4,57.82,2544.08,1090.32,51,51,1
2023-01-22,store_1,item_3,42,82.6,0,6,1,3469.2,57.82,2428.44,1040.76,44,46,1
2023-01-23,store_1,item_3,49,82.6,0,0,1,4047.4,57.82,2833.18,1214.22,42,38,0
2023-01-25,store_1,item_3,97,66.08,1,2,1,6409.76,46.26,4487.22,1922.54,49,52,0
2023-01-26,store_1,item_3,58,82.6,0,3,1,4790.8,57.82,3353.56,1437.24,97,84,0
2023-01-27,store_1,item_3,53,82.6,0,4,1,4377.8,57.82,3064.46,1313.34,58,59,0
2023-01-28,store_1,item_3,39,82.6,0,5,1,3221.4,57.82,2254.98,966.42,53,51,1
2023-01-30,store_1,item_3,48,82.6,0,0,1,3964.8,57.82,2775.36,1189.44,39,44,0
2023-01-31,store_1,item_3,62,82.6,0,1,1,5121.2,57.82,3584.84,1536.36,48,42,0
2023-02-01,store_1,item_3,63,82.6,0,2,2,5203.8,57.82,3642.66,1561.14,62,49,0
2023-02-02,store_1,item_3,57,82.6,0,3,2,4708.2,57.82,3295.74,1412.46,63,97,0
2023-02-04,store_1,item_3,68,66.08,1,5,2,4493.44,46.26,3145.68,1347.76,57,58,1
2023-02-05,store_1,item_3,40,82.6,0,6,2,3304.0,57.82,2312.8,991.2,68,53,1
2023-02-06,store_1,item_3,51,82.6,0,0,2,4212.6,57.82,2948.82,1263.78,40,39,0
2023-02-07,store_1,item_3,64,82.6,0,1,2,5286.4,57.82,3700.48,1585.92,51,48,0
2023-02-09,store_1,item_3,56,82.6,0,3,2,4625.6,57.82,3237.92,1387.68,64,62,0
2023-02-10,store_1,item_3,52,82.6,0,4,2,4295.2,57.82,3006.64,1288.56,56,63,0
2023-02-11,store_1,item_3,40,82.6,0,5,2,3304.0,57.82,2312.8,991.2,52,57,1
2023-02-12,store_1,item_3,45,82.6,0,6,2,3717.0,57.82,2601.9,1115.1,40,68,1
2023-02-14,store_1,item_3,62,82.6,0,1,2,5121.2,57.82,3584.84,1536.36,45,40,0
2023-02-15,store_1,item_3,101,66.08,1,2,2,6674.08,46.26,4672.26,2001.82,62,51,0
2023-02-16,store_1,item_3,58,82.6,0,3,2,4790.8,57.82,3353.56,1437.24,101,64,0
2023-02-17,store_1,item_3,55,82.6,0,4,2,4543.0,57.82,3180.1,1362.9,58,56,0
2023-02-19,store_1,item_3,49,82.6,0,6,2,4047.4,57.82,2833.18,1214.22,55,52,1
2023-02-20,store_1,item_3,58,82.6,0,0,2,4790.8,57.82,3353.56,1437.24,49,40,0
2023-02-21,store_1,item_3,95,66.08,1,1,2,6277.6,46.26,4394.7,1882.9,58,45,0
2023-02-22,store_1,item_3,61,82.6,0,2,2,5038.6,57.82,3527.02,1511.58,95,62,0
2023-02-24,store_1,item_3,52,82.6,0,4,2,4295.2,57.82,3006.64,1288.56,61,101,0
2023-02-25,store_1,item_3,47,82.6,0,5,2,3882.2,57.82,2717.54,1164.66,52,58,1
2023-02-26,store_1,item_3,47,82.6,0,6,2,3882.2,57.82,2717.54,1164.66,47,55,1
2023-02-27,store_1,item_3,55,82.6,0,0,2,4543.0,57.82,3180.1,1362.9,47,49,0
2023-03-01,store_1,item_3,64,82.6,0,2,3,5286.4,57.82,3700.48,1585.92,55,58,0
2023-03-02,store_1,item_3,64,82.6,0,3,3,5286.4,57.82,3700.48,1585.92,64,95,0
2023-03-03,store_1,item_3,51,82.6,0,4,3,4212.6,57.82,2948.82,1263.78,64,61,0
2023-03-04,store_1,item_3,45,82.6,0,5,3,3717.0,57.82,2601.9,1115.1,51,52,1
2023-03-06,store_1,item_3,55,82.6,0,0,3,4543.0,57.82,3180.1,1362.9,45,47,0
2023-03-07,store_1,item_3,68,82.6,0,1,3,5616.8,57.82,3931.76,1685.04,55,47,0
2023-03-08,store_1,item_3,108,66.08,1,2,3,7136.64,46.26,4996.08,2140.56,68,55,0
2023-03-09,store_1,item_3,64,82.6,0,3,3,5286.4,57.82,3700.48,1585.92,108,64,0
2023-03-11,store_1,item_3,44,82.6,0,5,3,3634.4,57.82,2544.08,1090.32,64,64,1
2023-03-12,store_1,item_3,51,82.6,0,6,3,4212.6,57.82,2948.82,1263.78,44,51,1
2023-03-13,store_1,item_3,65,82.6,0,0,3,5369.0,57.82,3758.3,1610.7,51,45,0
2023-03-14,store_1,item_3,66,82.6,0,1,3,5451.6,57.82,3816.12,1635.48,65,55,0
2023-03-16,store_1,item_3,62,82.6,0,3,3,5121.2,57.82,3584.84,1536.36,66,68,0
2023-03-17,store_1,item_3,52,82.6,0,4,3,4295.2,57.82,3006.64,1288.56,62,108,0
2023-03-18,store_1,item_3,39,82.6,0,5,3,3221.4,57.82,2254.98,966.42,52,64,1
2023-03-19,store_1,item_3,51,82.6,0,6,3,4212.6,57.82,2948.82,1263.78,39,44,1
2023-03-21,store_1,item_3,63,82.6,0,1,3,5203.8,57.82,3642.66,1561.14,51,51,0
2023-03-22,store_1,item_3,73,82.6,0,2,3,6029.8,57.82,4220.86,1808.94,63,65,0
2023-03-23,store_1,item_3,61,82.6,0,3,3,5038.6,57.82,3527.02,1511.58,73,66,0
2023-03-24,store_1,item_3,53,82.6,0,4,3,4377.8,57.82,3064.46,1313.34,61,62,0
2023-03-26,store_1,item_3,46,82.6,0,6,3,3799.6,57.82,2659.72,1139.88,53,52,1
2023-03-27,store_1,item_3,54,82.6,0,0,3,4460.4,57.82,3122.28,1338.12,46,39,0
2023-03-28,store_1,item_3,69,82.6,0,1,3,5699.4,57.82,3989.58,1709.82,54,51,0
2023-03-29,store_1,item_3,109,66.08,1,2,3,7202.72,46.26,5042.34,2160.38,69,63,0
2023-03-31,store_1,item_3,55,82.6,0,4,3,4543.0,57.82,3180.1,1362.9,109,73,0
2023-04-01,store_1,item_3,49,82.6,0,5,4,4047.4,57.82,2833.18,1214.22,55,61,1
2023-04-02,store_1,item_3,103,82.6,0,6,4,8507.8,57.82,5955.46,2552.34,49,53,1
2023-04-03,store_1,item_3,62,82.6,0,0,4,5121.2,57.82,3584.84,1536.36,103,46,0
2023-04-05,store_1,item_3,105,66.08,1,2,4,6938.4,46.26,4857.3,2081.1,62,54,0
2023-04-06,store_1,item_3,68,82.6,0,3,4,5616.8,57.82,3931.76,1685.04,105,69,0
2023-04-07,store_1,item_3,57,82.6,0,4,4,4708.2,57.82,3295.74,1412.46,68,109,0
2023-04-08,store_1,item_3,48,82.6,0,5,4,3964.8,57.82,2775.36,1189.44,57,55,1
2023-04-10,store_1,item_3,56,82.6,0,0,4,4625.6,57.82,3237.92,1387.68,48,49,0
2023-04-11,store_1,item_3,68,82.6,0,1,4,5616.8,57.82,3931.76,1685.04,56,103,0
2023-04-12,store_1,item_3,72,82.6,0,2,4,5947.2,57.82,4163.04,1784.16,68,62,0
2023-04-13,store_1,item_3,63,82.6,0,3,4,5203.8,57.82,3642.66,1561.14,72,105,0
2023-04-15,store_1,item_3,51,82.6,0,5,4,4212.6,57.82,2948.82,1263.78,63,68,1
2023-04-16,store_1,item_3,50,82.6,0,6,4,4130.0,57.82,2891.0,1239.0,51,57,1
2023-04-17,store_1,item_3,58,82.6,0,0,4,4790.8,57.82,3353.56,1437.24,50,48,0
2023-04-18,store_1,item_3,70,82.6,0,1,4,5782.0,57.82,4047.4,1734.6,58,56,0
2023-04-20,store_1,item_3,55,82.6,0,3,4,4543.0,57.82,3180.1,1362.9,70,68,0
2023-04-21,store_1,item_3,81,66.08,1,4,4,5352.48,46.26,3747.06,1605.42,55,72,0
2023-04-22,store_1,item_3,43,82.6,0,5,4,3551.8,57.82,2486.26,1065.54,81,63,1
2023-04-23,store_1,item_3,51,82.6,0,6,4,4212.6,57.82,2948.82,1263.78,43,51,1
2023-04-25,store_1,item_3,69,82.6,0,1,4,5699.4,57.82,3989.58,1709.82,51,50,0
2023-04-26,store_1,item_3,68,82.6,0,2,4,5616.8,57.82,3931.76,1685.04,69,58,0
2023-04-27,store_1,item_3,57,82.6,0,3,4,4708.2,57.82,3295.74,1412.46,68,70,0
2023-04-28,store_1,item_3,52,82.6,0,4,4,4295.2,57.82,3006.64,1288.56,57,55,0
2023-04-30,store_1,item_3,52,82.6,0,6,4,4295.2,57.82,3006.64,1288.56,52,81,1
2023-05-01,store_1,item_3,54,82.6,0,0,5,4460.4,57.82,3122.28,1338.12,52,43,0
2023-05-02,store_1,item_3,70,82.6,0,1,5,5782.0,57.82,4047.4,1734.6,54,51,0
2023-05-03,store_1,item_3,67,82.6,0,2,5,5534.2,57.82,3873.94,1660.26,70,69,0
2023-05-05,store_1,item_3,51,82.6,0,4,5,4212.6,57.82,2948.82,1263.78,67,68,0
2023-05-06,store_1,item_3,46,82.6,0,5,5,3799.6,57.82,2659.72,1139.88,51,57,1
2023-05-07,store_1,item_3,51,82.6,0,6,5,4212.6,57.82,2948.82,1263.78,46,52,1
2023-05-08,store_1,item_3,53,82.6,0,0,5,4377.8,57.82,3064.46,1313.34,51,52,0
2023-05-10,store_1,item_3,68,82.6,0,2,5,5616.8,57.82,3931.76,1685.04,53,54,0
2023-05-11,store_1,item_3,68,82.6,0,3,5,5616.8,57.82,3931.76,1685.04,68,70,0
2023-05-12,store_1,item_3,49,82.6,0,4,5,4047.4,57.82,2833.18,1214.22,68,67,0
2023-05-13,store_1,item_3,51,82.6,0,5,5,4212.6,57.82,2948.82,1263.78,49,51,1
2023-05-15,store_1,item_3,56,82.6,0,0,5,4625.6,57.82,3237.92,1387.68,51,46,0
2023-05-16,store_1,item_3,63,82.6,0,1,5,5203.8,57.82,3642.66,1561.14,56,51,0
2023-05-17,store_1,item_3,64,82.6,0,2,5,5286.4,57.82,3700.48,1585.92,63,53,0
2023-05-18,store_1,item_3,60,82.6,0,3,5,4956.0,57.82,3469.2,1486.8,64,68,0
2023-05-20,store_1,item_3,44,82.6,0,5,5,3634.4,57.82,2544.08,1090.32,60,68,1
2023-05-21,store_1,item_3,51,82.6,0,6,5,4212.6,57.82,2948.82,1263.78,44,49,1
2023-05-22,store_1,item_3,53,82.6,0,0,5,4377.8,57.82,3064.46,1313.34,51,51,0
2023-05-23,store_1,item_3,62,82.6,0,1,5,5121.2,57.82,3584.84,1536.36,53,56,0
2023-05-25,store_1,item_3,60,82.6,0,3,5,4956.0,57.82,3469.2,1486.8,62,63,0
2023-05-26,store_1,item_3,50,82.6,0,4,5,4130.0,57.82,2891.0,1239.0,60,64,0
2023-05-27,store_1,item_3,43,82.6,0,5,5,3551.8,57.82,2486.26,1065.54,50,60,1
2023-05-28,store_1,item_3,45,82.6,0,6,5,3717.0,57.82,2601.9,1115.1,43,44,1
2023-05-30,store_1,item_3,63,82.6,0,1,5,5203.8,57.82,3642.66,1561.14,45,51,0
2023-05-31,store_1,item_3,63,82.6,0,2,5,5203.8,57.82,3642.66,1561.14,63,53,0
2023-06-01,store_1,item_3,58,82.6,0,3,6,4790.8,57.82,3353.56,1437.24,63,62,0
2023-06-02,store_1,item_3,49,82.6,0,4,6,4047.4,57.82,2833.18,1214.22,58,60,0
2023-06-04,store_1,item_3,68,66.08,1,6,6,4493.44,46.26,3145.68,1347.76,49,50,1
2023-06-05,store_1,item_3,79,66.08,1,0,6,5220.32,46.26,3654.54,1565.78,68,43,0
2023-06-06,store_1,item_3,64,82.6,0,1,6,5286.4,57.82,3700.48,1585.92,79,45,0
2023-06-07,store_1,item_3,63,82.6,0,2,6,5203.8,57.82,3642.66,1561.14,64,63,0
2023-06-09,store_1,item_3,49,82.6,0,4,6,4047.4,57.82,2833.18,1214.22,63,63,0
2023-06-10,store_1,item_3,35,82.6,0,5,6,2891.0,57.82,2023.7,867.3,49,58,1
2023-06-11,store_1,item_3,68,66.08,1,6,6,4493.44,46.26,3145.68,1347.76,35,49,1
2023-06-12,store_1,item_3,51,82.6,0,0,6,4212.6,57.82,2948.82,1263.78,68,68,0
2023-06-14,store_1,item_3,61,82.6,0,2,6,5038.6,57.82,3527.02,1511.58,51,79,0
2023-06-15,store_1,item_3,53,82.6,0,3,6,4377.8,57.82,3064.46,1313.34,61,64,0
2023-06-16,store_1,item_3,69,66.08,1,4,6,4559.52,46.26,3191.94,1367.58,53,63,0
2023-06-17,store_1,item_3,38,82.6,0,5,6,3138.8,57.82,2197.16,941.64,69,49,1
2023-06-19,store_1,item_3,49,82.6,0,0,6,4047.4,57.82,2833.18,1214.22,38,35,0
2023-06-20,store_1,item_3,55,82.6,0,1,6,4543.0,57.82,3180.1,1362.9,49,68,0
2023-06-21,store_1,item_3,55,82.6,0,2,6,4543.0,57.82,3180.1,1362.9,55,51,0
2023-06-22,store_1,item_3,53,82.6,0,3,6,4377.8,57.82,3064.46,1313.34,55,61,0
2023-06-24,store_1,item_3,40,82.6,0,5,6,3304.0,57.82,2312.8,991.2,53,53,1
2023-06-25,store_1,item_3,37,82.6,0,6,6,3056.2,57.82,2139.34,916.86,40,69,1
2023-06-26,store_1,item_3,43,82.6,0,0,6,3551.8,57.82,2486.26,1065.54,37,38,0
2023-06-27,store_1,item_3,56,82.6,0,1,6,4625.6,57.82,3237.92,1387.68,43,49,0
2023-06-29,store_1,item_3,48,82.6,0,3,6,3964.8,57.82,2775.36,1189.44,56,55,0
2023-06-30,store_1,item_3,68,66.08,1,4,6,4493.44,46.26,3145.68,1347.76,48,55,0
2023-07-01,store_1,item_3,38,82.6,0,5,7,3138.8,57.82,2197.16,941.64,68,53,1
2023-07-02,store_1,item_3,39,82.6,0,6,7,3221.4,57.82,2254.98,966.42,38,40,1
2023-07-04,store_1,item_3,48,82.6,0,1,7,3964.8,57.82,2775.36,1189.44,39,37,0
2023-07-05,store_1,item_3,57,82.6,0,2,7,4708.2,57.82,3295.74,1412.46,48,43,0
2023-07-06,store_1,item_3,47,82.6,0,3,7,3882.2,57.82,2717.54,1164.66,57,56,0
2023-07-07,store_1,item_3,39,82.6,0,4,7,3221.4,57.82,2254.98,966.42,47,48,0
2023-07-09,store_1,item_3,11,82.6,0,6,7,908.6,57.82,636.02,272.58,39,68,1
2023-07-10,store_1,item_3,40,82.6,0,0,7,3304.0,57.82,2312.8,991.2,11,38,0
2023-07-11,store_1,item_3,51,82.6,0,1,7,4212.6,57.82,2948.82,1263.78,40,39,0
2023-07-12,store_1,item_3,53,82.6,0,2,7,4377.8,57.82,3064.46,1313.34,51,48,0
2023-07-14,store_1,item_3,39,82.6,0,4,7,3221.4,57.82,2254.98,966.42,53,57,0
2023-07-15,store_1,item_3,59,66.08,1,5,7,3898.72,46.26,2729.34,1169.38,39,47,1
2023-07-16,store_1,item_3,35,82.6,0,6,7,2891.0,57.82,2023.7,867.3,59,39,1
2023-07-17,store_1,item_3,42,82.6,0,0,7,3469.2,57.82,2428.44,1040.76,35,11,0
2023-07-19,store_1,item_3,51,82.6,0,2,7,4212.6,57.82,2948.82,1263.78,42,40,0
2023-07-20,store_1,item_3,47,82.6,0,3,7,3882.2,57.82,2717.54,1164.66,51,51,0
2023-07-21,store_1,item_3,42,82.6,0,4,7,3469.2,57.82,2428.44,1040.76,47,53,0
2023-07-22,store_1,item_3,29,82.6,0,5,7,2395.4,57.82,1676.78,718.62,42,39,1
2023-07-24,store_1,item_3,42,82.6,0,0,7,3469.2,57.82,2428.44,1040.76,29,59,0
2023-07-25,store_1,item_3,72,66.08,1,1,7,4757.76,46.26,3330.72,1427.04,42,35,0
2023-07-26,store_1,item_3,48,82.6,0,2,7,3964.8,57.82,2775.36,1189.44,72,42,0
2023-07-27,store_1,item_3,45,82.6,0,3,7,3717.0,57.82,2601.9,1115.1,48,51,0
2023-07-29,store_1,item_3,53,66.08,1,5,7,3502.24,46.26,2451.78,1050.46,45,47,1
2023-07-30,store_1,item_3,90,82.6,0,6,7,7434.0,57.82,5203.8,2230.2,53,42,1
2023-07-31,store_1,item_3,35,82.6,0,0,7,2891.0,57.82,2023.7,867.3,90,29,0
2023-08-01,store_1,item_3,42,82.6,0,1,8,3469.2,57.82,2428.44,1040.76,35,42,0
2023-08-03,store_1,item_3,65,66.08,1,3,8,4295.2,46.26,3006.9,1288.3,42,72,0
2023-08-04,store_1,item_3,31,82.6,0,4,8,2560.6,57.82,1792.42,768.18,65,48,0
2023-08-05,store_1,item_3,30,82.6,0,5,8,2478.0,57.82,1734.6,743.4,31,45,1
2023-08-06,store_1,item_3,34,82.6,0,6,8,2808.4,57.82,1965.88,842.52,30,53,1
2023-08-08,store_1,item_3,45,82.6,0,1,8,3717.0,57.82,2601.9,1115.1,34,90,0
2023-08-09,store_1,item_3,42,82.6,0,2,8,3469.2,57.82,2428.44,1040.76,45,35,0
2023-08-10,store_1,item_3,43,82.6,0,3,8,3551.8,57.82,2486.26,1065.54,42,42,0
2023-08-11,store_1,item_3,32,82.6,0,4,8,2643.2,57.82,1850.24,792.96,43,65,0
2023-08-13,store_1,item_3,62,82.6,0,6,8,5121.2,57.82,3584.84,1536.36,32,31,1
2023-08-14,store_1,item_3,37,82.6,0,0,8,3056.2,57.82,2139.34,916.86,62,30,0
2023-08-15,store_1,item_3,43,82.6,0,1,8,3551.8,57.82,2486.26,1065.54,37,34,0
2023-08-16,store_1,item_3,41,82.6,0,2,8,3386.6,57.82,2370.62,1015.98,43,45,0
2023-08-18,store_1,item_3,33,82.6,0,4,8,2725.8,57.82,1908.06,817.74,41,42,0
2023-08-19,store_1,item_3,25,82.6,0,5,8,2065.0,57.82,1445.5,619.5,33,43,1
2023-08-20,store_1,item_3,29,82.6,0,6,8,2395.4,57.82,1676.78,718.62,25,32,1
2023-08-21,store_1,item_3,55,66.08,1,0,8,3634.4,46.26,2544.3,1090.1,29,62,0
2023-08-23,store_1,item_3,46,82.6,0,2,8,3799.6,57.82,2659.72,1139.88,55,37,0
2023-08-24,store_1,item_3,61,66.08,1,3,8,4030.88,46.26,2821.86,1209.02,46,43,0
2023-08-25,store_1,item_3,28,82.6,0,4,8,2312.8,57.82,1618.96,693.84,61,41,0
2023-08-26,store_1,item_3,32,82.6,0,5,8,2643.2,57.82,1850.24,792.96,28,33,1
2023-08-28,store_1,item_3,36,82.6,0,0,8,2973.6,57.82,2081.52,892.08,32,25,0
2023-08-29,store_1,item_3,39,82.6,0,1,8,3221.4,57.82,2254.98,966.42,36,29,0
2023-08-30,store_1,item_3,44,82.6,0,2,8,3634.4,57.82,2544.08,1090.32,39,55,0
2023-08-31,store_1,item_3,39,82.6,0,3,8,3221.4,57.82,2254.98,966.42,44,46,0
2023-09-02,store_1,item_3,24,82.6,0,5,9,1982.4,57.82,1387.68,594.72,39,61,1
2023-09-03,store_1,item_3,24,82.6,0,6,9,1982.4,57.82,1387.68,594.72,24,28,1
2023-09-04,store_1,item_3,35,82.6,0,0,9,2891.0,57.82,2023.7,867.3,24,32,0
2023-09-05,store_1,item_3,41,82.6,0,1,9,3386.6,57.82,2370.62,1015.98,35,36,0
2023-09-07,store_1,item_3,36,82.6,0,3,9,2973.6,57.82,2081.52,892.08,41,39,0
2023-09-08,store_1,item_3,27,82.6,0,4,9,2230.2,57.82,1561.14,669.06,36,44,0
2023-09-09,store_1,item_3,25,82.6,0,5,9,2065.0,57.82,1445.5,619.5,27,39,1
2023-09-10,store_1,item_3,32,82.6,0,6,9,2643.2,57.82,1850.24,792.96,25,24,1
2023-09-12,store_1,item_3,39,82.6,0,1,9,3221.4,57.82,2254.98,966.42,32,24,0
2023-09-13,store_1,item_3,36,82.6,0,2,9,2973.6,57.82,2081.52,892.08,39,35,0
2023-09-14,store_1,item_3,37,82.6,0,3,9,3056.2,57.82,2139.34,916.86,36,41,0
2023-09-15,store_1,item_3,44,66.08,1,4,9,2907.52,46.26,2035.44,872.08,37,36,0
2023-09-17,store_1,item_3,30,82.6,0,6,9,2478.0,57.82,1734.6,743.4,44,27,1
2023-09-18,store_1,item_3,31,82.6,0,0,9,2560.6,57.82,1792.42,768.18,30,25,0
2023-09-19,store_1,item_3,38,82.6,0,1,9,3138.8,57.82,2197.16,941.64,31,32,0
2023-09-20,store_1,item_3,130,66.08,1,2,9,8590.4,46.26,6013.8,2576.6,38,39,0
2023-09-22,store_1,item_3,27,82.6,0,4,9,2230.2,57.82,1561.14,669.06,130,36,0
2023-09-23,store_1,item_3,27,82.6,0,5,9,2230.2,57.82,1561.14,669.06,27,37,1
2023-09-24,store_1,item_3,29,82.6,0,6,9,2395.4,57.82,1676.78,718.62,27,44,1
2023-09-25,store_1,item_3,33,82.6,0,0,9,2725.8,57.82,1908.06,817.74,29,30,0
2023-09-27,store_1,item_3,42,82.6,0,2,9,3469.2,57.82,2428.44,1040.76,33,31,0
2023-09-28,store_1,item_3,36,82.6,0,3,9,2973.6,57.82,2081.52,892.08,42,38,0
2023-09-29,store_1,item_3,32,82.6,0,4,9,2643.2,57.82,1850.24,792.96,36,130,0
2023-09-30,store_1,item_3,21,82.6,0,5,9,1734.6,57.82,1214.22,520.38,32,27,1
2023-10-02,store_1,item_3,33,82.6,0,0,10,2725.8,57.82,1908.06,817.74,21,27,0
2023-10-03,store_1,item_3,33,82.6,0,1,10,2725.8,57.82,1908.06,817.74,33,29,0
2023-10-04,store_1,item_3,38,82.6,0,2,10,3138.8,57.82,2197.16,941.64,33,33,0
2023-10-05,store_1,item_3,35,82.6,0,3,10,2891.0,57.82,2023.7,867.3,38,42,0
2023-10-07,store_1,item_3,28,82.6,0,5,10,2312.8,57.82,1618.96,693.84,35,36,1
2023-10-08,store_1,item_3,28,82.6,0,6,10,2312.8,57.82,1618.96,693.84,28,32,1
2023-10-09,store_1,item_3,35,82.6,0,0,10,2891.0,57.82,2023.7,867.3,28,21,0
2023-10-10,store_1,item_3,39,82.6,0,1,10,3221.4,57.82,2254.98,966.42,35,33,0
2023-10-12,store_1,item_3,39,82.6,0,3,10,3221.4,57.82,2254.98,966.42,39,33,0
2023-10-13,store_1,item_3,42,66.08,1,4,10,2775.36,46.26,1942.92,832.44,39,38,0
2023-10-14,store_1,item_3,28,82.6,0,5,10,2312.8,57.82,1618.96,693.84,42,35,1
2023-10-15,store_1,item_3,23,82.6,0,6,10,1899.8,57.82,1329.86,569.94,28,28,1
2023-10-17,store_1,item_3,39,82.6,0,1,10,3221.4,57.82,2254.98,966.42,23,28,0
2023-10-18,store_1,item_3,45,82.6,0,2,10,3717.0,57.82,2601.9,1115.1,39,35,0
2023-10-19,store_1,item_3,32,82.6,0,3,10,2643.2,57.82,1850.24,792.96,45,39,0
2023-10-20,store_1,item_3,29,82.6,0,4,10,2395.4,57.82,1676.78,718.62,32,39,0
2023-10-22,store_1,item_3,29,82.6,0,6,10,2395.4,57.82,1676.78,718.62,29,42,1
2023-10-23,store_1,item_3,34,82.6,0,0,10,2808.4,57.82,1965.88,842.52,29,28,0
2023-10-24,store_1,item_3,36,82.6,0,1,10,2973.6,57.82,2081.52,892.08,34,23,0
2023-10-25,store_1,item_3,39,82.6,0,2,10,3221.4,57.82,2254.98,966.42,36,39,0
2023-10-27,store_1,item_3,31,82.6,0,4,10,2560.6,57.82,1792.42,768.18,39,45,0
2023-10-28,store_1,item_3,29,82.6,0,5,10,2395.4,57.82,1676.78,718.62,31,32,1
2023-10-29,store_1,item_3,29,82.6,0,6,10,2395.4,57.82,1676.78,718.62,29,29,1
2023-10-30,store_1,item_3,31,82.6,0,0,10,2560.6,57.82,1792.42,768.18,29,29,0
2023-11-01,store_1,item_3,43,82.6,0,2,11,3551.8,57.82,2486.26,1065.54,31,34,0
2023-11-02,store_1,item_3,45,82.6,0,3,11,3717.0,57.82,2601.9,1115.1,43,36,0
2023-11-03,store_1,item_3,29,82.6,0,4,11,2395.4,57.82,1676.78,718.62,45,39,0
2023-11-04,store_1,item_3,31,82.6,0,5,11,2560.6,57.82,1792.42,768.18,29,31,1
2023-11-06,store_1,item_3,36,82.6,0,0,11,2973.6,57.82,2081.52,892.08,31,29,0
2023-11-07,store_1,item_3,44,82.6,0,1,11,3634.4,57.82,2544.08,1090.32,36,29,0
2023-11-08,store_1,item_3,36,82.6,0,2,11,2973.6,57.82,2081.52,892.08,44,31,0
2023-11-09,store_1,item_3,38,82.6,0,3,11,3138.8,57.82,2197.16,941.64,36,43,0
2023-11-11,store_1,item_3,27,82.6,0,5,11,2230.2,57.82,1561.14,669.06,38,45,1
2023-11-12,store_1,item_3,81,82.6,0,6,11,6690.6,57.82,4683.42,2007.18,27,29,1
2023-11-13,store_1,item_3,40,82.6,0,0,11,3304.0,57.82,2312.8,991.2,81,31,0
2023-11-14,store_1,item_3,42,82.6,0,1,11,3469.2,57.82,2428.44,1040.76,40,36,0
2023-11-16,store_1,item_3,41,82.6,0,3,11,3386.6,57.82,2370.62,1015.98,42,44,0
2023-11-17,store_1,item_3,34,82.6,0,4,11,2808.4,57.82,1965.88,842.52,41,36,0
2023-11-18,store_1,item_3,27,82.6,0,5,11,2230.2,57.82,1561.14,669.06,34,38,1
2023-11-19,store_1,item_3,35,82.6,0,6,11,2891.0,57.82,2023.7,867.3,27,27,1
2023-11-21,store_1,item_3,45,82.6,0,1,11,3717.0,57.82,2601.9,1115.1,35,81,0
2023-11-22,store_1,item_3,66,66.08,1,2,11,4361.28,46.26,3053.16,1308.12,45,40,0
2023-11-23,store_1,item_3,40,82.6,0,3,11,3304.0,57.82,2312.8,991.2,66,42,0
2023-11-24,store_1,item_3,35,82.6,0,4,11,2891.0,57.82,2023.7,867.3,40,41,0
2023-11-26,store_1,item_3,28,82.6,0,6,11,2312.8,57.82,1618.96,693.84,35,34,1
2023-11-27,store_1,item_3,37,82.6,0,0,11,3056.2,57.82,2139.34,916.86,28,27,0
2023-11-28,store_1,item_3,47,82.6,0,1,11,3882.2,57.82,2717.54,1164.66,37,35,0
2023-11-29,store_1,item_3,45,82.6,0,2,11,3717.0,57.82,2601.9,1115.1,47,45,0
2023-12-01,store_1,item_3,34,82.6,0,4,12,2808.4,57.82,1965.88,842.52,45,66,0
2023-12-02,store_1,item_3,31,82.6,0,5,12,2560.6,57.82,1792.42,768.18,34,40,1
2023-12-03,store_1,item_3,33,82.6,0,6,12,2725.8,57.82,1908.06,817.74,31,35,1
2023-12-04,store_1,item_3,47,82.6,0,0,12,3882.2,57.82,2717.54,1164.66,33,28,0
2023-12-06,store_1,item_3,52,82.6,0,2,12,4295.2,57.82,3006.64,1288.56,47,37,0
2023-12-07,store_1,item_3,48,82.6,0,3,12,3964.8,57.82,2775.36,1189.44,52,47,0
2023-12-08,store_1,item_3,54,66.08,1,4,12,3568.32,46.26,2498.04,1070.28,48,45,0
2023-12-09,store_1,item_3,30,82.6,0,5,12,2478.0,57.82,1734.6,743.4,54,34,1
2023-12-11,store_1,item_3,46,82.6,0,0,12,3799.6,57.82,2659.72,1139.88,30,31,0
2023-12-12,store_1,item_3,48,82.6,0,1,12,3964.8,57.82,2775.36,1189.44,46,33,0
2023-12-13,store_1,item_3,47,82.6,0,2,12,3882.2,57.82,2717.54,1164.66,48,47,0
2023-12-14,store_1,item_3,69,66.08,1,3,12,4559.52,46.26,3191.94,1367.58,47,52,0
2023-12-16,store_1,item_3,36,82.6,0,5,12,2973.6,57.82,2081.52,892.08,69,48,1
2023-12-17,store_1,item_3,38,82.6,0,6,12,3138.8,57.82,2197.16,941.64,36,54,1
2023-12-18,store_1,item_3,41,82.6,0,0,12,3386.6,57.82,2370.62,1015.98,38,30,0
2023-12-19,store_1,item_3,53,82.6,0,1,12,4377.8,57.82,3064.46,1313.34,41,46,0
2023-12-21,store_1,item_3,48,82.6,0,3,12,3964.8,57.82,2775.36,1189.44,53,48,0
2023-12-22,store_1,item_3,43,82.6,0,4,12,3551.8,57.82,2486.26,1065.54,48,47,0
2023-12-23,store_1,item_3,34,82.6,0,5,12,2808.4,57.82,1965.88,842.52,43,69,1
2023-12-24,store_1,item_3,37,82.6,0,6,12,3056.2,57.82,2139.34,916.86,34,36,1
2023-12-26,store_1,item_3,51,82.6,0,1,12,4212.6,57.82,2948.82,1263.78,37,38,0
2023-12-27,store_1,item_3,54,82.6,0,2,12,4460.4,57.82,3122.28,1338.12,51,41,0
2023-12-28,store_1,item_3,52,82.6,0,3,12,4295.2,57.82,3006.64,1288.56,54,53,0
2023-12-29,store_1,item_3,49,82.6,0,4,12,4047.4,57.82,2833.18,1214.22,52,48,0
2023-12-31,store_1,item_3,41,82.6,0,6,12,3386.6,57.82,2370.62,1015.98,49,43,1
2023-01-04,store_2,item_3,50,82.6,0,2,1,4130.0,57.82,2891.0,1239.0,0,0,0
2023-01-09,store_2,item_3,46,82.6,0,0,1,3799.6,57.82,2659.72,1139.88,50,0,0
2023-01-14,store_2,item_3,29,82.6,0,5,1,2395.4,57.82,1676.78,718.62,46,0,1
2023-01-19,store_2,item_3,46,82.6,0,3,1,3799.6,57.82,2659.72,1139.88,29,0,0
2023-01-24,store_2,item_3,57,82.6,0,1,1,4708.2,57.82,3295.74,1412.46,46,0,0
2023-01-29,store_2,item_3,38,82.6,0,6,1,3138.8,57.82,2197.16,941.64,57,0,1
2023-02-03,store_2,item_3,47,82.6,0,4,2,3882.2,57.82,2717.54,1164.66,38,0,0
2023-02-08,store_2,item_3,58,82.6,0,2,2,4790.8,57.82,3353.56,1437.24,47,50,0
2023-02-13,store_2,item_3,52,82.6,0,0,2,4295.2,57.82,3006.64,1288.56,58,46,0
2023-02-18,store_2,item_3,40,82.6,0,5,2,3304.0,57.82,2312.8,991.2,52,29,1
2023-02-23,store_2,item_3,57,82.6,0,3,2,4708.2,57.82,3295.74,1412.46,40,46,0
2023-02-28,store_2,item_3,66,82.6,0,1,2,5451.6,57.82,3816.12,1635.48,57,57,0
2023-03-05,store_2,item_3,44,82.6,0,6,3,3634.4,57.82,2544.08,1090.32,66,38,1
2023-03-10,store_2,item_3,49,82.6,0,4,3,4047.4,57.82,2833.18,1214.22,44,47,0
2023-03-15,store_2,item_3,63,82.6,0,2,3,5203.8,57.82,3642.66,1561.14,49,58,0
2023-03-20,store_2,item_3,52,82.6,0,0,3,4295.2,57.82,3006.64,1288.56,63,52,0
2023-03-25,store_2,item_3,48,82.6,0,5,3,3964.8,57.82,2775.36,1189.44,52,40,1
2023-03-30,store_2,item_3,55,82.6,0,3,3,4543.0,57.82,3180.1,1362.9,48,57,0
2023-04-04,store_2,item_3,65,82.6,0,1,4,5369.0,57.82,3758.3,1610.7,55,66,0
2023-04-09,store_2,item_3,67,66.08,1,6,4,4427.36,46.26,3099.42,1327.94,65,44,1
2023-04-14,store_2,item_3,43,82.6,0,4,4,3551.8,57.82,2486.26,1065.54,67,49,0
2023-04-19,store_2,item_3,69,82.6,0,2,4,5699.4,57.82,3989.58,1709.82,43,63,0
2023-04-24,store_2,item_3,54,82.6,0,0,4,4460.4,57.82,3122.28,1338.12,69,52,0
2023-04-29,store_2,item_3,18,82.6,0,5,4,1486.8,57.82,1040.76,446.04,54,48,1
2023-05-04,store_2,item_3,87,66.08,1,3,5,5748.96,46.26,4024.62,1724.34,18,55,0
2023-05-09,store_2,item_3,58,82.6,0,1,5,4790.8,57.82,3353.56,1437.24,87,65,0
2023-05-14,store_2,item_3,49,82.6,0,6,5,4047.4,57.82,2833.18,1214.22,58,67,1
2023-05-19,store_2,item_3,42,82.6,0,4,5,3469.2,57.82,2428.44,1040.76,49,43,0
2023-05-24,store_2,item_3,55,82.6,0,2,5,4543.0,57.82,3180.1,1362.9,42,69,0
2023-05-29,store_2,item_3,48,82.6,0,0,5,3964.8,57.82,2775.36,1189.44,55,54,0
2023-06-03,store_2,item_3,42,82.6,0,5,6,3469.2,57.82,2428.44,1040.76,48,18,1
2023-06-08,store_2,item_3,55,82.6,0,3,6,4543.0,57.82,3180.1,1362.9,42,87,0
2023-06-13,store_2,item_3,53,82.6,0,1,6,4377.8,57.82,3064.46,1313.34,55,58,0
2023-06-18,store_2,item_3,41,82.6,0,6,6,3386.6,57.82,2370.62,1015.98,53,49,1
2023-06-23,store_2,item_3,40,82.6,0,4,6,3304.0,57.82,2312.8,991.2,41,42,0
2023-06-28,store_2,item_3,55,82.6,0,2,6,4543.0,57.82,3180.1,1362.9,40,55,0
2023-07-03,store_2,item_3,41,82.6,0,0,7,3386.6,57.82,2370.62,1015.98,55,48,0
2023-07-08,store_2,item_3,36,82.6,0,5,7,2973.6,57.82,2081.52,892.08,41,42,1
2023-07-13,store_2,item_3,45,82.6,0,3,7,3717.0,57.82,2601.9,1115.1,36,55,0
2023-07-18,store_2,item_3,42,82.6,0,1,7,3469.2,57.82,2428.44,1040.76,45,53,0
2023-07-23,store_2,item_3,14,82.6,0,6,7,1156.4,57.82,809.48,346.92,42,41,1
2023-07-28,store_2,item_3,31,82.6,0,4,7,2560.6,57.82,1792.42,768.18,14,40,0
2023-08-02,store_2,item_3,40,82.6,0,2,8,3304.0,57.82,2312.8,991.2,31,55,0
2023-08-07,store_2,item_3,35,82.6,0,0,8,2891.0,57.82,2023.7,867.3,40,41,0
2023-08-12,store_2,item_3,40,66.08,1,5,8,2643.2,46.26,1850.4,792.8,35,36,1
2023-08-17,store_2,item_3,36,82.6,0,3,8,2973.6,57.82,2081.52,892.08,40,45,0
2023-08-22,store_2,item_3,34,82.6,0,1,8,2808.4,57.82,1965.88,842.52,36,42,0
2023-08-27,store_2,item_3,27,82.6,0,6,8,2230.2,57.82,1561.14,669.06,34,14,1
2023-09-01,store_2,item_3,27,82.6,0,4,9,2230.2,57.82,1561.14,669.06,27,31,0
2023-09-06,store_2,item_3,39,82.6,0,2,9,3221.4,57.82,2254.98,966.42,27,40,0
2023-09-11,store_2,item_3,45,66.08,1,0,9,2973.6,46.26,2081.7,891.9,39,35,0
2023-09-16,store_2,item_3,28,82.6,0,5,9,2312.8,57.82,1618.96,693.84,45,40,1
2023-09-21,store_2,item_3,29,82.6,0,3,9,2395.4,57.82,1676.78,718.62,28,36,0
2023-09-26,store_2,item_3,34,82.6,0,1,9,2808.4,57.82,1965.88,842.52,29,34,0
2023-10-01,store_2,item_3,15,82.6,0,6,10,1239.0,57.82,867.3,371.7,34,27,1
2023-10-06,store_2,item_3,32,82.6,0,4,10,2643.2,57.82,1850.24,792.96,15,27,0
2023-10-11,store_2,item_3,53,66.08,1,2,10,3502.24,46.26,2451.78,1050.46,32,39,0
2023-10-16,store_2,item_3,31,82.6,0,0,10,2560.6,57.82,1792.42,768.18,53,45,0
2023-10-21,store_2,item_3,27,82.6,0,5,10,2230.2,57.82,1561.14,669.06,31,28,1
2023-10-26,store_2,item_3,38,82.6,0,3,10,3138.8,57.82,2197.16,941.64,27,29,0
2023-10-31,store_2,item_3,40,82.6,0,1,10,3304.0,57.82,2312.8,991.2,38,34,0
2023-11-05,store_2,item_3,24,82.6,0,6,11,1982.4,57.82,1387.68,594.72,40,15,1
2023-11-10,store_2,item_3,44,66.08,1,4,11,2907.52,46.26,2035.44,872.08,24,32,0
2023-11-15,store_2,item_3,41,82.6,0,2,11,3386.6,57.82,2370.62,1015.98,44,53,0
2023-11-20,store_2,item_3,36,82.6,0,0,11,2973.6,57.82,2081.52,892.08,41,31,0
2023-11-25,store_2,item_3,25,82.6,0,5,11,2065.0,57.82,1445.5,619.5,36,27,1
2023-11-30,store_2,item_3,37,82.6,0,3,11,3056.2,57.82,2139.34,916.86,25,38,0
2023-12-05,store_2,item_3,46,82.6,0,1,12,3799.6,57.82,2659.72,1139.88,37,40,0
2023-12-10,store_2,item_3,29,82.6,0,6,12,2395.4,57.82,1676.78,718.62,46,24,1
2023-12-15,store_2,item_3,36,82.6,0,4,12,2973.6,57.82,2081.52,892.08,29,44,0
2023-12-20,store_2,item_3,47,82.6,0,2,12,3882.2,57.82,2717.54,1164.66,36,41,0
2023-12-25,store_2,item_3,43,82.6,0,0,12,3551.8,57.82,2486.26,1065.54,47,36,0
2023-12-30,store_2,item_3,37,82.6,0,5,12,3056.2,57.82,2139.34,916.86,43,25,1
2023-01-01,store_1,item_4,52,71.72,1,6,1,3729.44,50.21,2610.92,1118.52,0,0,1
2023-01-03,store_1,item_4,49,89.65,0,1,1,4392.85,62.76,3075.24,1317.61,52,0,0
2023-01-04,store_1,item_4,50,89.65,0,2,1,4482.5,62.76,3138.0,1344.5,49,0,0
2023-01-05,store_1,item_4,74,71.72,1,3,1,5307.28,50.21,3715.54,1591.74,50,0,0
2023-01-06,store_1,item_4,62,71.72,1,4,1,4446.64,50.21,3113.02,1333.62,74,0,0
2023-01-08,store_1,item_4,34,89.65,0,6,1,3048.1,62.76,2133.84,914.26,62,0,1
2023-01-09,store_1,item_4,42,89.65,0,0,1,3765.3,62.76,2635.92,1129.38,34,0,0
2023-01-10,store_1,item_4,51,89.65,0,1,1,4572.15,62.76,3200.76,1371.39,42,52,0
2023-01-11,store_1,item_4,55,89.65,0,2,1,4930.75,62.76,3451.8,1478.95,51,49,0
2023-01-13,store_1,item_4,43,89.65,0,4,1,3854.95,62.76,2698.68,1156.27,55,50,0
2023-01-14,store_1,item_4,40,89.65,0,5,1,3586.0,62.76,2510.4,1075.6,43,74,1
2023-01-15,store_1,item_4,36,89.65,0,6,1,3227.4,62.76,2259.36,968.04,40,62,1
2023-01-16,store_1,item_4,44,89.65,0,0,1,3944.6,62.76,2761.44,1183.16,36,34,0
2023-01-18,store_1,item_4,56,89.65,0,2,1,5020.4,62.76,3514.56,1505.84,44,42,0
2023-01-19,store_1,item_4,54,89.65,0,3,1,4841.1,62.76,3389.04,1452.06,56,51,0
2023-01-20,store_1,item_4,44,89.65,0,4,1,3944.6,62.76,2761.44,1183.16,54,55,0
2023-01-21,store_1,item_4,44,89.65,0,5,1,3944.6,62.76,2761.44,1183.16,44,43,1
2023-01-23,store_1,item_4,75,71.72,1,0,1,5379.0,50.21,3765.75,1613.25,44,40,0
2023-01-24,store_1,item_4,57,89.65,0,1,1,5110.05,62.76,3577.32,1532.73,75,36,0
2023-01-25,store_1,item_4,54,89.65,0,2,1,4841.1,62.76,3389.04,1452.06,57,44,0
2023-01-26,store_1,item_4,47,89.65,0,3,1,4213.55,62.76,2949.72,1263.83,54,56,0
2023-01-28,store_1,item_4,44,89.65,0,5,1,3944.6,62.76,2761.44,1183.16,47,54,1
2023-01-29,store_1,item_4,45,89.65,0,6,1,4034.25,62.76,2824.2,1210.05,44,44,1
2023-01-30,store_1,item_4,50,89.65,0,0,1,4482.5,62.76,3138.0,1344.5,45,44,0
2023-01-31,store_1,item_4,57,89.65,0,1,1,5110.05,62.76,3577.32,1532.73,50,75,0
2023-02-02,store_1,item_4,54,89.65,0,3,2,4841.1,62.76,3389.04,1452.06,57,57,0
2023-02-03,store_1,item_4,45,89.65,0,4,2,4034.25,62.76,2824.2,1210.05,54,54,0
2023-02-04,store_1,item_4,20,71.72,1,5,2,1434.4,50.21,1004.2,430.2,45,47,1
2023-02-05,store_1,item_4,39,89.65,0,6,2,3496.35,62.76,2447.64,1048.71,20,44,1
2023-02-07,store_1,item_4,65,89.65,0,1,2,5827.25,62.76,4079.4,1747.85,39,45,0
2023-02-08,store_1,item_4,64,89.65,0,2,2,5737.6,62.76,4016.64,1720.96,65,50,0
2023-02-09,store_1,item_4,53,89.65,0,3,2,4751.45,62.76,3326.28,1425.17,64,57,0
2023-02-10,store_1,item_4,43,89.65,0,4,2,3854.95,62.76,2698.68,1156.27,53,54,0
2023-02-12,store_1,item_4,45,89.65,0,6,2,4034.25,62.76,2824.2,1210.05,43,45,1
2023-02-13,store_1,item_4,83,71.72,1,0,2,5952.76,50.21,4167.43,1785.33,45,20,0
2023-02-14,store_1,item_4,63,89.65,0,1,2,5647.95,62.76,3953.88,1694.07,83,39,0
2023-02-15,store_1,item_4,62,89.65,0,2,2,5558.3,62.76,3891.12,1667.18,63,65,0
2023-02-17,store_1,item_4,69,71.72,1,4,2,4948.68,50.21,3464.49,1484.19,62,64,0
2023-02-18,store_1,item_4,43,89.65,0,5,2,3854.95,62.76,2698.68,1156.27,69,53,1
2023-02-19,store_1,item_4,64,71.72,1,6,2,4590.08,50.21,3213.44,1376.64,43,43,1
2023-02-20,store_1,item_4,57,89.65,0,0,2,5110.05,62.76,3577.32,1532.73,64,45,0
2023-02-22,store_1,item_4,66,89.65,0,2,2,5916.9,62.76,4142.16,1774.74,57,83,0
2023-02-23,store_1,item_4,55,89.65,0,3,2,4930.75,62.76,3451.8,1478.95,66,63,0
2023-02-24,store_1,item_4,74,71.72,1,4,2,5307.28,50.21,3715.54,1591.74,55,62,0
2023-02-25,store_1,item_4,43,89.65,0,5,2,3854.95,62.76,2698.68,1156.27,74,69,1
2023-02-27,store_1,item_4,56,89.65,0,0,2,5020.4,62.76,3514.56,1505.84,43,43,0
2023-02-28,store_1,item_4,62,89.65,0,1,2,5558.3,62.76,3891.12,1667.18,56,64,0
2023-03-01,store_1,item_4,64,89.65,0,2,3,5737.6,62.76,4016.64,1720.96,62,57,0
2023-03-02,store_1,item_4,62,89.65,0,3,3,5558.3,62.76,3891.12,1667.18,64,66,0
2023-03-04,store_1,item_4,42,89.65,0,5,3,3765.3,62.76,2635.92,1129.38,62,55,1
2023-03-05,store_1,item_4,47,89.65,0,6,3,4213.55,62.76,2949.72,1263.83,42,74,1
2023-03-06,store_1,item_4,58,89.65,0,0,3,5199.7,62.76,3640.08,1559.62,47,43,0
2023-03-07,store_1,item_4,61,89.65,0,1,3,5468.65,62.76,3828.36,1640.29,58,56,0
2023-03-09,store_1,item_4,57,89.65,0,3,3,5110.05,62.76,3577.32,1532.73,61,62,0
2023-03-10,store_1,item_4,56,89.65,0,4,3,5020.4,62.76,3514.56,1505.84,57,64,0
2023-03-11,store_1,item_4,49,89.65,0,5,3,4392.85,62.76,3075.24,1317.61,56,62,1
2023-03-12,store_1,item_4,43,89.65,0,6,3,3854.95,62.76,2698.68,1156.27,49,42,1
2023-03-14,store_1,item_4,67,89.65,0,1,3,6006.55,62.76,4204.92,1801.63,43,47,0
2023-03-15,store_1,item_4,66,89.65,0,2,3,5916.9,62.76,4142.16,1774.74,67,58,0
2023-03-16,store_1,item_4,58,89.65,0,3,3,5199.7,62.76,3640.08,1559.62,66,61,0
2023-03-17,store_1,item_4,57,89.65,0,4,3,5110.05,62.76,3577.32,1532.73,58,57,0
2023-03-19,store_1,item_4,46,89.65,0,6,3,4123.9,62.76,2886.96,1236.94,57,56,1
2023-03-20,store_1,item_4,55,89.65,0,0,3,4930.75,62.76,3451.8,1478.95,46,49,0
2023-03-21,store_1,item_4,107,89.65,0,1,3,9592.55,62.76,6715.32,2877.23,55,43,0
2023-03-22,store_1,item_4,68,89.65,0,2,3,6096.2,62.76,4267.68,1828.52,107,67,0
2023-03-24,store_1,item_4,54,89.65,0,4,3,4841.1,62.76,3389.04,1452.06,68,66,0
2023-03-25,store_1,item_4,49,89.65,0,5,3,4392.85,62.76,3075.24,1317.61,54,58,1
2023-03-26,store_1,item_4,49,89.65,0,6,3,4392.85,62.76,3075.24,1317.61,49,57,1
2023-03-27,store_1,item_4,58,89.65,0,0,3,5199.7,62.76,3640.08,1559.62,49,46,0
2023-03-29,store_1,item_4,66,89.65,0,2,3,5916.9,62.76,4142.16,1774.74,58,55,0
2023-03-30,store_1,item_4,60,89.65,0,3,3,5379.0,62.76,3765.6,1613.4,66,107,0
2023-03-31,store_1,item_4,56,89.65,0,4,3,5020.4,62.76,3514.56,1505.84,60,68,0
2023-04-01,store_1,item_4,48,89.65,0,5,4,4303.2,62.76,3012.48,1290.72,56,54,1
2023-04-03,store_1,item_4,112,89.65,0,0,4,10040.8,62.76,7029.12,3011.68,48,49,0
2023-04-04,store_1,item_4,66,89.65,0,1,4,5916.9,62.76,4142.16,1774.74,112,49,0
2023-04-05,store_1,item_4,69,89.65,0,2,4,6185.85,62.76,4330.44,1855.41,66,58,0
2023-04-06,store_1,item_4,64,89.65,0,3,4,5737.6,62.76,4016.64,1720.96,69,66,0
2023-04-08,store_1,item_4,72,71.72,1,5,4,5163.84,50.21,3615.12,1548.72,64,60,1
2023-04-09,store_1,item_4,51,89.65,0,6,4,4572.15,62.76,3200.76,1371.39,72,56,1
2023-04-10,store_1,item_4,83,71.72,1,0,4,5952.76,50.21,4167.43,1785.33,51,48,0
2023-04-11,store_1,item_4,70,89.65,0,1,4,6275.5,62.76,4393.2,1882.3,83,112,0
2023-04-13,store_1,item_4,63,89.65,0,3,4,5647.95,62.76,3953.88,1694.07,70,66,0
2023-04-14,store_1,item_4,52,89.65,0,4,4,4661.8,62.76,3263.52,1398.28,63,69,0
2023-04-15,store_1,item_4,68,71.72,1,5,4,4876.96,50.21,3414.28,1462.68,52,64,1
2023-04-16,store_1,item_4,48,89.65,0,6,4,4303.2,62.76,3012.48,1290.72,68,72,1
2023-04-18,store_1,item_4,60,89.65,0,1,4,5379.0,62.76,3765.6,1613.4,48,51,0
2023-04-19,store_1,item_4,71,89.65,0,2,4,6365.15,62.76,4455.96,1909.19,60,83,0
2023-04-20,store_1,item_4,60,89.65,0,3,4,5379.0,62.76,3765.6,1613.4,71,70,0
2023-04-21,store_1,item_4,55,89.65,0,4,4,4930.75,62.76,3451.8,1478.95,60,63,0
2023-04-23,store_1,item_4,46,89.65,0,6,4,4123.9,62.76,2886.96,1236.94,55,52,1
2023-04-24,store_1,item_4,56,89.65,0,0,4,5020.4,62.76,3514.56,1505.84,46,68,0
2023-04-25,store_1,item_4,65,89.65,0,1,4,5827.25,62.76,4079.4,1747.85,56,48,0
2023-04-26,store_1,item_4,72,89.65,0,2,4,6454.8,62.76,4518.72,1936.08,65,60,0
2023-04-28,store_1,item_4,50,89.65,0,4,4,4482.5,62.76,3138.0,1344.5,72,71,0
2023-04-29,store_1,item_4,40,89.65,0,5,4,3586.0,62.76,2510.4,1075.6,50,60,1
2023-04-30,store_1,item_4,47,89.65,0,6,4,4213.55,62.76,2949.72,1263.83,40,55,1
2023-05-01,store_1,item_4,82,71.72,1,0,5,5881.04,50.21,4117.22,1763.82,47,46,0
2023-05-03,store_1,item_4,71,89.65,0,2,5,6365.15,62.76,4455.96,1909.19,82,56,0
2023-05-04,store_1,item_4,58,89.65,0,3,5,5199.7,62.76,3640.08,1559.62,71,65,0
2023-05-05,store_1,item_4,50,89.65,0,4,5,4482.5,62.76,3138.0,1344.5,58,72,0
2023-05-06,store_1,item_4,43,89.65,0,5,5,3854.95,62.76,2698.68,1156.27,50,50,1
2023-05-08,store_1,item_4,63,89.65,0,0,5,5647.95,62.76,3953.88,1694.07,43,40,0
2023-05-09,store_1,item_4,90,71.72,1,1,5,6454.8,50.21,4518.9,1935.9,63,47,0
2023-05-10,store_1,item_4,67,89.65,0,2,5,6006.55,62.76,4204.92,1801.63,90,82,0
2023-05-11,store_1,item_4,66,89.65,0,3,5,5916.9,62.76,4142.16,1774.74,67,71,0
2023-05-13,store_1,item_4,44,89.65,0,5,5,3944.6,62.76,2761.44,1183.16,66,58,1
2023-05-14,store_1,item_4,42,89.65,0,6,5,3765.3,62.76,2635.92,1129.38,44,50,1
2023-05-15,store_1,item_4,58,89.65,0,0,5,5199.7,62.76,3640.08,1559.62,42,43,0
2023-05-16,store_1,item_4,96,71.72,1,1,5,6885.12,50.21,4820.16,2064.96,58,63,0
2023-05-18,store_1,item_4,57,89.65,0,3,5,5110.05,62.76,3577.32,1532.73,96,90,0
2023-05-19,store_1,item_4,45,89.65,0,4,5,4034.25,62.76,2824.2,1210.05,57,67,0
2023-05-20,store_1,item_4,34,89.65,0,5,5,3048.1,62.76,2133.84,914.26,45,66,1
2023-05-21,store_1,item_4,41,89.65,0,6,5,3675.65,62.76,2573.16,1102.49,34,44,1
2023-05-23,store_1,item_4,63,89.65,0,1,5,5647.95,62.76,3953.88,1694.07,41,42,0
2023-05-24,store_1,item_4,62,89.65,0,2,5,5558.3,62.76,3891.12,1667.18,63,58,0
2023-05-25,store_1,item_4,61,89.65,0,3,5,5468.65,62.76,3828.36,1640.29,62,96,0
2023-05-26,store_1,item_4,51,89.65,0,4,5,4572.15,62.76,3200.76,1371.39,61,57,0
2023-05-28,store_1,item_4,43,89.65,0,6,5,3854.95,62.76,2698.68,1156.27,51,45,1
2023-05-29,store_1,item_4,53,89.65,0,0,5,4751.45,62.76,3326.28,1425.17,43,34,0
2023-05-30,store_1,item_4,59,89.65,0,1,5,5289.35,62.76,3702.84,1586.51,53,41,0
2023-05-31,store_1,item_4,57,89.65,0,2,5,5110.05,62.76,3577.32,1532.73,59,63,0
2023-06-02,store_1,item_4,48,89.65,0,4,6,4303.2,62.76,3012.48,1290.72,57,62,0
2023-06-03,store_1,item_4,45,89.65,0,5,6,4034.25,62.76,2824.2,1210.05,48,61,1
2023-06-04,store_1,item_4,45,89.65,0,6,6,4034.25,62.76,2824.2,1210.05,45,51,1
2023-06-05,store_1,item_4,51,89.65,0,0,6,4572.15,62.76,3200.76,1371.39,45,43,0
2023-06-07,store_1,item_4,123,89.65,0,2,6,11026.95,62.76,7719.48,3307.47,51,53,0
2023-06-08,store_1,item_4,54,89.65,0,3,6,4841.1,62.76,3389.04,1452.06,123,59,0
2023-06-09,store_1,item_4,49,89.65,0,4,6,4392.85,62.76,3075.24,1317.61,54,57,0
2023-06-10,store_1,item_4,42,89.65,0,5,6,3765.3,62.76,2635.92,1129.38,49,48,1
2023-06-12,store_1,item_4,45,89.65,0,0,6,4034.25,62.76,2824.2,1210.05,42,45,0
2023-06-13,store_1,item_4,54,89.65,0,1,6,4841.1,62.76,3389.04,1452.06,45,45,0
2023-06-14,store_1,item_4,55,89.65,0,2,6,4930.75,62.76,3451.8,1478.95,54,51,0
2023-06-15,store_1,item_4,53,89.65,0,3,6,4751.45,62.76,3326.28,1425.17,55,123,0
2023-06-17,store_1,item_4,35,89.65,0,5,6,3137.75,62.76,2196.6,941.15,53,54,1
2023-06-18,store_1,item_4,43,89.65,0,6,6,3854.95,62.76,2698.68,1156.27,35,49,1
2023-06-19,store_1,item_4,44,89.65,0,0,6,3944.6,62.76,2761.44,1183.16,43,42,0
2023-06-20,store_1,item_4,61,89.65,0,1,6,5468.65,62.76,3828.36,1640.29,44,45,0
2023-06-22,store_1,item_4,53,89.65,0,3,6,4751.45,62.76,3326.28,1425.17,61,54,0
2023-06-23,store_1,item_4,45,89.65,0,4,6,4034.25,62.76,2824.2,1210.05,53,55,0
2023-06-24,store_1,item_4,39,89.65,0,5,6,3496.35,62.76,2447.64,1048.71,45,53,1
2023-06-25,store_1,item_4,36,89.65,0,6,6,3227.4,62.76,2259.36,968.04,39,35,1
2023-06-27,store_1,item_4,56,89.65,0,1,6,5020.4,62.76,3514.56,1505.84,36,43,0
2023-06-28,store_1,item_4,57,89.65,0,2,6,5110.05,62.76,3577.32,1532.73,56,44,0
2023-06-29,store_1,item_4,52,89.65,0,3,6,4661.8,62.76,3263.52,1398.28,57,61,0
2023-06-30,store_1,item_4,44,89.65,0,4,6,3944.6,62.76,2761.44,1183.16,52,53,0
2023-07-02,store_1,item_4,33,89.65,0,6,7,2958.45,62.76,2071.08,887.37,44,45,1
2023-07-03,store_1,item_4,42,89.65,0,0,7,3765.3,62.76,2635.92,1129.38,33,39,0
2023-07-04,store_1,item_4,49,89.65,0,1,7,4392.85,62.76,3075.24,1317.61,42,36,0
2023-07-05,store_1,item_4,50,89.65,0,2,7,4482.5,62.76,3138.0,1344.5,49,56,0
2023-07-07,store_1,item_4,43,89.65,0,4,7,3854.95,62.76,2698.68,1156.27,50,57,0
2023-07-08,store_1,item_4,34,89.65,0,5,7,3048.1,62.76,2133.84,914.26,43,52,1
2023-07-09,store_1,item_4,34,89.65,0,6,7,3048.1,62.76,2133.84,914.26,34,44,1
2023-07-10,store_1,item_4,45,89.65,0,0,7,4034.25,62.76,2824.2,1210.05,34,33,0
2023-07-12,store_1,item_4,51,89.65,0,2,7,4572.15,62.76,3200.76,1371.39,45,42,0
2023-07-13,store_1,item_4,45,89.65,0,3,7,4034.25,62.76,2824.2,1210.05,51,49,0
2023-07-14,store_1,item_4,39,89.65,0,4,7,3496.35,62.76,2447.64,1048.71,45,50,0
2023-07-15,store_1,item_4,30,89.65,0,5,7,2689.5,62.76,1882.8,806.7,39,43,1
2023-07-17,store_1,item_4,41,89.65,0,0,7,3675.65,62.76,2573.16,1102.49,30,34,0
2023-07-18,store_1,item_4,45,89.65,0,1,7,4034.25,62.76,2824.2,1210.05,41,34,0
2023-07-19,store_1,item_4,50,89.65,0,2,7,4482.5,62.76,3138.0,1344.5,45,45,0
2023-07-20,store_1,item_4,42,89.65,0,3,7,3765.3,62.76,2635.92,1129.38,50,51,0
2023-07-22,store_1,item_4,29,89.65,0,5,7,2599.85,62.76,1820.04,779.81,42,45,1
2023-07-23,store_1,item_4,28,89.65,0,6,7,2510.2,62.76,1757.28,752.92,29,39,1
2023-07-24,store_1,item_4,41,89.65,0,0,7,3675.65,62.76,2573.16,1102.49,28,30,0
2023-07-25,store_1,item_4,49,89.65,0,1,7,4392.85,62.76,3075.24,1317.61,41,41,0
2023-07-27,store_1,item_4,40,89.65,0,3,7,3586.0,62.76,2510.4,1075.6,49,45,0
2023-07-28,store_1,item_4,30,89.65,0,4,7,2689.5,62.76,1882.8,806.7,40,50,0
2023-07-29,store_1,item_4,24,89.65,0,5,7,2151.6,62.76,1506.24,645.36,30,42,1
2023-07-30,store_1,item_4,34,89.65,0,6,7,3048.1,62.76,2133.84,914.26,24,29,1
2023-08-01,store_1,item_4,62,71.72,1,1,8,4446.64,50.21,3113.02,1333.62,34,28,0
2023-08-02,store_1,item_4,46,89.65,0,2,8,4123.9,62.76,2886.96,1236.94,62,41,0
2023-08-03,store_1,item_4,41,89.65,0,3,8,3675.65,62.76,2573.16,1102.49,46,49,0
2023-08-04,store_1,item_4,35,89.65,0,4,8,3137.75,62.76,2196.6,941.15,41,40,0
2023-08-06,store_1,item_4,30,89.65,0,6,8,2689.5,62.76,1882.8,806.7,35,30,1
2023-08-07,store_1,item_4,33,89.65,0,0,8,2958.45,62.76,2071.08,887.37,30,24,0
2023-08-08,store_1,item_4,40,89.65,0,1,8,3586.0,62.76,2510.4,1075.6,33,34,0
2023-08-09,store_1,item_4,43,89.65,0,2,8,3854.95,62.76,2698.68,1156.27,40,62,0
2023-08-11,store_1,item_4,31,89.65,0,4,8,2779.15,62.76,1945.56,833.59,43,46,0
2023-08-12,store_1,item_4,28,89.65,0,5,8,2510.2,62.76,1757.28,752.92,31,41,1
2023-08-13,store_1,item_4,28,89.65,0,6,8,2510.2,62.76,1757.28,752.92,28,35,1
2023-08-14,store_1,item_4,52,71.72,1,0,8,3729.44,50.21,2610.92,1118.52,28,30,0
2023-08-16,store_1,item_4,44,89.65,0,2,8,3944.6,62.76,2761.44,1183.16,52,33,0
2023-08-17,store_1,item_4,43,89.65,0,3,8,3854.95,62.76,2698.68,1156.27,44,40,0
2023-08-18,store_1,item_4,27,89.65,0,4,8,2420.55,62.76,1694.52,726.03,43,43,0
2023-08-19,store_1,item_4,27,89.65,0,5,8,2420.55,62.76,1694.52,726.03,27,31,1
2023-08-21,store_1,item_4,29,89.65,0,0,8,2599.85,62.76,1820.04,779.81,27,28,0
2023-08-22,store_1,item_4,36,89.65,0,1,8,3227.4,62.76,2259.36,968.04,29,28,0
2023-08-23,store_1,item_4,39,89.65,0,2,8,3496.35,62.76,2447.64,1048.71,36,52,0
2023-08-24,store_1,item_4,43,89.65,0,3,8,3854.95,62.76,2698.68,1156.27,39,44,0
2023-08-26,store_1,item_4,30,89.65,0,5,8,2689.5,62.76,1882.8,806.7,43,43,1
2023-08-27,store_1,item_4,28,89.65,0,6,8,2510.2,62.76,1757.28,752.92,30,27,1
2023-08-28,store_1,item_4,30,89.65,0,0,8,2689.5,62.76,1882.8,806.7,28,27,0
2023-08-29,store_1,item_4,47,89.65,0,1,8,4213.55,62.76,2949.72,1263.83,30,29,0
2023-08-31,store_1,item_4,37,89.65,0,3,8,3317.05,62.76,2322.12,994.93,47,36,0
2023-09-01,store_1,item_4,32,89.65,0,4,9,2868.8,62.76,2008.32,860.48,37,39,0
2023-09-02,store_1,item_4,28,89.65,0,5,9,2510.2,62.76,1757.28,752.92,32,43,1
2023-09-03,store_1,item_4,34,89.65,0,6,9,3048.1,62.76,2133.84,914.26,28,30,1
2023-09-05,store_1,item_4,35,89.65,0,1,9,3137.75,62.76,2196.6,941.15,34,28,0
2023-09-06,store_1,item_4,45,89.65,0,2,9,4034.25,62.76,2824.2,1210.05,35,30,0
2023-09-07,store_1,item_4,51,71.72,1,3,9,3657.72,50.21,2560.71,1097.01,45,47,0
2023-09-08,store_1,item_4,31,89.65,0,4,9,2779.15,62.76,1945.56,833.59,51,37,0
2023-09-10,store_1,item_4,30,89.65,0,6,9,2689.5,62.76,1882.8,806.7,31,32,1
2023-09-11,store_1,item_4,31,89.65,0,0,9,2779.15,62.76,1945.56,833.59,30,28,0
2023-09-12,store_1,item_4,34,89.65,0,1,9,3048.1,62.76,2133.84,914.26,31,34,0
2023-09-13,store_1,item_4,42,89.65,0,2,9,3765.3,62.76,2635.92,1129.38,34,35,0
2023-09-15,store_1,item_4,34,89.65,0,4,9,3048.1,62.76,2133.84,914.26,42,45,0
2023-09-16,store_1,item_4,21,89.65,0,5,9,1882.65,62.76,1317.96,564.69,34,51,1
2023-09-17,store_1,item_4,45,71.72,1,6,9,3227.4,50.21,2259.45,967.95,21,31,1
2023-09-18,store_1,item_4,31,89.65,0,0,9,2779.15,62.76,1945.56,833.59,45,30,0
2023-09-20,store_1,item_4,40,89.65,0,2,9,3586.0,62.76,2510.4,1075.6,31,31,0
2023-09-21,store_1,item_4,35,89.65,0,3,9,3137.75,62.76,2196.6,941.15,40,34,0
2023-09-22,store_1,item_4,29,89.65,0,4,9,2599.85,62.76,1820.04,779.81,35,42,0
2023-09-23,store_1,item_4,25,89.65,0,5,9,2241.25,62.76,1569.0,672.25,29,34,1
2023-09-25,store_1,item_4,28,89.65,0,0,9,2510.2,62.76,1757.28,752.92,25,21,0
2023-09-26,store_1,item_4,35,89.65,0,1,9,3137.75,62.76,2196.6,941.15,28,45,0
2023-09-27,store_1,item_4,41,89.65,0,2,9,3675.65,62.76,2573.16,1102.49,35,31,0
2023-09-28,store_1,item_4,30,89.65,0,3,9,2689.5,62.76,1882.8,806.7,41,40,0
2023-09-30,store_1,item_4,38,71.72,1,5,9,2725.36,50.21,1907.98,817.38,30,35,1
2023-10-01,store_1,item_4,42,71.72,1,6,10,3012.24,50.21,2108.82,903.42,38,29,1
2023-10-02,store_1,item_4,50,71.72,1,0,10,3586.0,50.21,2510.5,1075.5,42,25,0
2023-10-03,store_1,item_4,39,89.65,0,1,10,3496.35,62.76,2447.64,1048.71,50,28,0
2023-10-05,store_1,item_4,34,89.65,0,3,10,3048.1,62.76,2133.84,914.26,39,35,0
2023-10-06,store_1,item_4,31,89.65,0,4,10,2779.15,62.76,1945.56,833.59,34,41,0
2023-10-07,store_1,item_4,22,89.65,0,5,10,1972.3,62.76,1380.72,591.58,31,30,1
2023-10-08,store_1,item_4,23,89.65,0,6,10,2061.95,62.76,1443.48,618.47,22,38,1
2023-10-10,store_1,item_4,38,89.65,0,1,10,3406.7,62.76,2384.88,1021.82,23,42,0
2023-10-11,store_1,item_4,44,89.65,0,2,10,3944.6,62.76,2761.44,1183.16,38,50,0
2023-10-12,store_1,item_4,35,89.65,0,3,10,3137.75,62.76,2196.6,941.15,44,39,0
2023-10-13,store_1,item_4,35,89.65,0,4,10,3137.75,62.76,2196.6,941.15,35,34,0
2023-10-15,store_1,item_4,39,71.72,1,6,10,2797.08,50.21,1958.19,838.89,35,31,1
2023-10-16,store_1,item_4,35,89.65,0,0,10,3137.75,62.76,2196.6,941.15,39,22,0
2023-10-17,store_1,item_4,36,89.65,0,1,10,3227.4,62.76,2259.36,968.04,35,23,0
2023-10-18,store_1,item_4,39,89.65,0,2,10,3496.35,62.76,2447.64,1048.71,36,38,0
2023-10-20,store_1,item_4,25,89.65,0,4,10,2241.25,62.76,1569.0,672.25,39,44,0
2023-10-21,store_1,item_4,41,71.72,1,5,10,2940.52,50.21,2058.61,881.91,25,35,1
2023-10-22,store_1,item_4,31,89.65,0,6,10,2779.15,62.76,1945.56,833.59,41,35,1
2023-10-23,store_1,item_4,55,71.72,1,0,10,3944.6,50.21,2761.55,1183.05,31,39,0
2023-10-25,store_1,item_4,44,89.65,0,2,10,3944.6,62.76,2761.44,1183.16,55,35,0
2023-10-26,store_1,item_4,40,89.65,0,3,10,3586.0,62.76,2510.4,1075.6,44,36,0
2023-10-27,store_1,item_4,29,89.65,0,4,10,2599.85,62.76,1820.04,779.81,40,39,0
2023-10-28,store_1,item_4,31,89.65,0,5,10,2779.15,62.76,1945.56,833.59,29,25,1
2023-10-30,store_1,item_4,37,89.65,0,0,10,3317.05,62.76,2322.12,994.93,31,41,0
2023-10-31,store_1,item_4,45,89.65,0,1,10,4034.25,62.76,2824.2,1210.05,37,31,0
2023-11-01,store_1,item_4,63,71.72,1,2,11,4518.36,50.21,3163.23,1355.13,45,55,0
2023-11-02,store_1,item_4,30,89.65,0,3,11,2689.5,62.76,1882.8,806.7,63,44,0
2023-11-04,store_1,item_4,23,89.65,0,5,11,2061.95,62.76,1443.48,618.47,30,40,1
2023-11-05,store_1,item_4,29,89.65,0,6,11,2599.85,62.76,1820.04,779.81,23,29,1
2023-11-06,store_1,item_4,34,89.65,0,0,11,3048.1,62.76,2133.84,914.26,29,31,0
2023-11-07,store_1,item_4,38,89.65,0,1,11,3406.7,62.76,2384.88,1021.82,34,37,0
2023-11-09,store_1,item_4,36,89.65,0,3,11,3227.4,62.76,2259.36,968.04,38,45,0
2023-11-10,store_1,item_4,31,89.65,0,4,11,2779.15,62.76,1945.56,833.59,36,63,0
2023-11-11,store_1,item_4,28,89.65,0,5,11,2510.2,62.76,1757.28,752.92,31,30,1
2023-11-12,store_1,item_4,30,89.65,0,6,11,2689.5,62.76,1882.8,806.7,28,23,1
2023-11-14,store_1,item_4,40,89.65,0,1,11,3586.0,62.76,2510.4,1075.6,30,29,0
2023-11-15,store_1,item_4,46,89.65,0,2,11,4123.9,62.76,2886.96,1236.94,40,34,0
2023-11-16,store_1,item_4,39,89.65,0,3,11,3496.35,62.76,2447.64,1048.71,46,38,0
2023-11-17,store_1,item_4,36,89.65,0,4,11,3227.4,62.76,2259.36,968.04,39,36,0
2023-11-19,store_1,item_4,39,89.65,0,6,11,3496.35,62.76,2447.64,1048.71,36,31,1
2023-11-20,store_1,item_4,38,89.65,0,0,11,3406.7,62.76,2384.88,1021.82,39,28,0
2023-11-21,store_1,item_4,47,89.65,0,1,11,4213.55,62.76,2949.72,1263.83,38,30,0
2023-11-22,store_1,item_4,42,89.65,0,2,11,3765.3,62.76,2635.92,1129.38,47,40,0
2023-11-24,store_1,item_4,33,89.65,0,4,11,2958.45,62.76,2071.08,887.37,42,46,0
2023-11-25,store_1,item_4,38,89.65,0,5,11,3406.7,62.76,2384.88,1021.82,33,39,1
2023-11-26,store_1,item_4,31,89.65,0,6,11,2779.15,62.76,1945.56,833.59,38,36,1
2023-11-27,store_1,item_4,35,89.65,0,0,11,3137.75,62.76,2196.6,941.15,31,39,0
2023-11-29,store_1,item_4,46,89.65,0,2,11,4123.9,62.76,2886.96,1236.94,35,38,0
2023-11-30,store_1,item_4,41,89.65,0,3,11,3675.65,62.76,2573.16,1102.49,46,47,0
2023-12-01,store_1,item_4,33,89.65,0,4,12,2958.45,62.76,2071.08,887.37,41,42,0
2023-12-02,store_1,item_4,33,89.65,0,5,12,2958.45,62.76,2071.08,887.37,33,33,1
2023-12-04,store_1,item_4,42,89.65,0,0,12,3765.3,62.76,2635.92,1129.38,33,38,0
2023-12-05,store_1,item_4,44,89.65,0,1,12,3944.6,62.76,2761.44,1183.16,42,31,0
2023-12-06,store_1,item_4,44,89.65,0,2,12,3944.6,62.76,2761.44,1183.16,44,35,0
2023-12-07,store_1,item_4,31,89.65,0,3,12,2779.15,62.76,1945.56,833.59,44,46,0
2023-12-09,store_1,item_4,31,89.65,0,5,12,2779.15,62.76,1945.56,833.59,31,41,1
2023-12-10,store_1,item_4,34,89.65,0,6,12,3048.1,62.76,2133.84,914.26,31,33,1
2023-12-11,store_1,item_4,40,89.65,0,0,12,3586.0,62.76,2510.4,1075.6,34,33,0
2023-12-12,store_1,item_4,56,89.65,0,1,12,5020.4,62.76,3514.56,1505.84,40,42,0
2023-12-14,store_1,item_4,41,89.65,0,3,12,3675.65,62.76,2573.16,1102.49,56,44,0
2023-12-15,store_1,item_4,40,89.65,0,4,12,3586.0,62.76,2510.4,1075.6,41,44,0
2023-12-16,store_1,item_4,35,89.65,0,5,12,3137.75,62.76,2196.6,941.15,40,31,1
2023-12-17,store_1,item_4,32,89.65,0,6,12,2868.8,62.76,2008.32,860.48,35,31,1
2023-12-19,store_1,item_4,51,89.65,0,1,12,4572.15,62.76,3200.76,1371.39,32,34,0
2023-12-20,store_1,item_4,54,89.65,0,2,12,4841.1,62.76,3389.04,1452.06,51,40,0
2023-12-21,store_1,item_4,42,89.65,0,3,12,3765.3,62.76,2635.92,1129.38,54,56,0
2023-12-22,store_1,item_4,42,89.65,0,4,12,3765.3,62.76,2635.92,1129.38,42,41,0
2023-12-24,store_1,item_4,43,89.65,0,6,12,3854.95,62.76,2698.68,1156.27,42,40,1
2023-12-25,store_1,item_4,95,89.65,0,0,12,8516.75,62.76,5962.2,2554.55,43,35,0
2023-12-26,store_1,item_4,51,89.65,0,1,12,4572.15,62.76,3200.76,1371.39,95,32,0
2023-12-27,store_1,item_4,53,89.65,0,2,12,4751.45,62.76,3326.28,1425.17,51,51,0
2023-12-29,store_1,item_4,61,71.72,1,4,12,4374.92,50.21,3062.81,1312.11,53,54,0
2023-12-30,store_1,item_4,34,89.65,0,5,12,3048.1,62.76,2133.84,914.26,61,42,1
2023-12-31,store_1,item_4,39,89.65,0,6,12,3496.35,62.76,2447.64,1048.71,34,42,1
2023-01-02,store_2,item_4,35,89.65,0,0,1,3137.75,62.76,2196.6,941.15,0,0,0
2023-01-07,store_2,item_4,34,89.65,0,5,1,3048.1,62.76,2133.84,914.26,35,0,1
2023-01-12,store_2,item_4,45,89.65,0,3,1,4034.25,62.76,2824.2,1210.05,34,0,0
2023-01-17,store_2,item_4,51,89.65,0,1,1,4572.15,62.76,3200.76,1371.39,45,0,0
2023-01-22,store_2,item_4,33,89.65,0,6,1,2958.45,62.76,2071.08,887.37,51,0,1
2023-01-27,store_2,item_4,39,89.65,0,4,1,3496.35,62.76,2447.64,1048.71,33,0,0
2023-02-01,store_2,item_4,53,89.65,0,2,2,4751.45,62.76,3326.28,1425.17,39,0,0
2023-02-06,store_2,item_4,49,89.65,0,0,2,4392.85,62.76,3075.24,1317.61,53,35,0
2023-02-11,store_2,item_4,40,89.65,0,5,2,3586.0,62.76,2510.4,1075.6,49,34,1
2023-02-16,store_2,item_4,52,89.65,0,3,2,4661.8,62.76,3263.52,1398.28,40,45,0
2023-02-21,store_2,item_4,59,89.65,0,1,2,5289.35,62.76,3702.84,1586.51,52,51,0
2023-02-26,store_2,item_4,63,71.72,1,6,2,4518.36,50.21,3163.23,1355.13,59,33,1
2023-03-03,store_2,item_4,43,89.65,0,4,3,3854.95,62.76,2698.68,1156.27,63,39,0
2023-03-08,store_2,item_4,66,89.65,0,2,3,5916.9,62.76,4142.16,1774.74,43,53,0
2023-03-13,store_2,item_4,47,89.65,0,0,3,4213.55,62.76,2949.72,1263.83,66,49,0
2023-03-18,store_2,item_4,39,89.65,0,5,3,3496.35,62.76,2447.64,1048.71,47,40,1
2023-03-23,store_2,item_4,54,89.65,0,3,3,4841.1,62.76,3389.04,1452.06,39,52,0
2023-03-28,store_2,item_4,91,71.72,1,1,3,6526.52,50.21,4569.11,1957.41,54,59,0
2023-04-02,store_2,item_4,116,89.65,0,6,4,10399.4,62.76,7280.16,3119.24,91,63,1
2023-04-07,store_2,item_4,42,89.65,0,4,4,3765.3,62.76,2635.92,1129.38,116,43,0
2023-04-12,store_2,item_4,56,89.65,0,2,4,5020.4,62.76,3514.56,1505.84,42,66,0
2023-04-17,store_2,item_4,53,89.65,0,0,4,4751.45,62.76,3326.28,1425.17,56,47,0
2023-04-22,store_2,item_4,64,71.72,1,5,4,4590.08,50.21,3213.44,1376.64,53,39,1
2023-04-27,store_2,item_4,52,89.65,0,3,4,4661.8,62.76,3263.52,1398.28,64,54,0
2023-05-02,store_2,item_4,58,89.65,0,1,5,5199.7,62.76,3640.08,1559.62,52,91,0
2023-05-07,store_2,item_4,41,89.65,0,6,5,3675.65,62.76,2573.16,1102.49,58,116,1
2023-05-12,store_2,item_4,72,71.72,1,4,5,5163.84,50.21,3615.12,1548.72,41,42,0
2023-05-17,store_2,item_4,54,89.65,0,2,5,4841.1,62.76,3389.04,1452.06,72,56,0
2023-05-22,store_2,item_4,49,89.65,0,0,5,4392.85,62.76,3075.24,1317.61,54,53,0
2023-05-27,store_2,item_4,38,89.65,0,5,5,3406.7,62.76,2384.88,1021.82,49,64,1
2023-06-01,store_2,item_4,50,89.65,0,3,6,4482.5,62.76,3138.0,1344.5,38,52,0
2023-06-06,store_2,item_4,84,71.72,1,1,6,6024.48,50.21,4217.64,1806.84,50,58,0
2023-06-11,store_2,item_4,41,89.65,0,6,6,3675.65,62.76,2573.16,1102.49,84,41,1
2023-06-16,store_2,item_4,45,89.65,0,4,6,4034.25,62.76,2824.2,1210.05,41,72,0
2023-06-21,store_2,item_4,47,89.65,0,2,6,4213.55,62.76,2949.72,1263.83,45,54,0
2023-06-26,store_2,item_4,40,89.65,0,0,6,3586.0,62.76,2510.4,1075.6,47,49,0
2023-07-01,store_2,item_4,29,89.65,0,5,7,2599.85,62.76,1820.04,779.81,40,38,1
2023-07-06,store_2,item_4,44,89.65,0,3,7,3944.6,62.76,2761.44,1183.16,29,50,0
2023-07-11,store_2,item_4,44,89.65,0,1,7,3944.6,62.76,2761.44,1183.16,44,84,0
2023-07-16,store_2,item_4,34,89.65,0,6,7,3048.1,62.76,2133.84,914.26,44,41,1
2023-07-21,store_2,item_4,32,89.65,0,4,7,2868.8,62.76,2008.32,860.48,34,45,0
2023-07-26,store_2,item_4,41,89.65,0,2,7,3675.65,62.76,2573.16,1102.49,32,47,0
2023-07-31,store_2,item_4,29,89.65,0,0,7,2599.85,62.76,1820.04,779.81,41,40,0
2023-08-05,store_2,item_4,28,89.65,0,5,8,2510.2,62.76,1757.28,752.92,29,29,1
2023-08-10,store_2,item_4,31,89.65,0,3,8,2779.15,62.76,1945.56,833.59,28,44,0
2023-08-15,store_2,item_4,40,89.65,0,1,8,3586.0,62.76,2510.4,1075.6,31,44,0
2023-08-20,store_2,item_4,30,89.65,0,6,8,2689.5,62.76,1882.8,806.7,40,34,1
2023-08-25,store_2,item_4,26,89.65,0,4,8,2330.9,62.76,1631.76,699.14,30,32,0
2023-08-30,store_2,item_4,37,89.65,0,2,8,3317.05,62.76,2322.12,994.93,26,41,0
2023-09-04,store_2,item_4,51,71.72,1,0,9,3657.72,50.21,2560.71,1097.01,37,29,0
2023-09-09,store_2,item_4,20,89.65,0,5,9,1793.0,62.76,1255.2,537.8,51,28,1
2023-09-14,store_2,item_4,36,89.65,0,3,9,3227.4,62.76,2259.36,968.04,20,31,0
2023-09-19,store_2,item_4,40,89.65,0,1,9,3586.0,62.76,2510.4,1075.6,36,40,0
2023-09-24,store_2,item_4,23,89.65,0,6,9,2061.95,62.76,1443.48,618.47,40,30,1
2023-09-29,store_2,item_4,30,89.65,0,4,9,2689.5,62.76,1882.8,806.7,23,26,0
2023-10-04,store_2,item_4,35,89.65,0,2,10,3137.75,62.76,2196.6,941.15,30,37,0
2023-10-09,store_2,item_4,28,89.65,0,0,10,2510.2,62.76,1757.28,752.92,35,51,0
2023-10-14,store_2,item_4,25,89.65,0,5,10,2241.25,62.76,1569.0,672.25,28,20,1
2023-10-19,store_2,item_4,29,89.65,0,3,10,2599.85,62.76,1820.04,779.81,25,36,0
2023-10-24,store_2,item_4,32,89.65,0,1,10,2868.8,62.76,2008.32,860.48,29,40,0
2023-10-29,store_2,item_4,29,89.65,0,6,10,2599.85,62.76,1820.04,779.81,32,23,1
2023-11-03,store_2,item_4,29,89.65,0,4,11,2599.85,62.76,1820.04,779.81,29,30,0
2023-11-08,store_2,item_4,35,89.65,0,2,11,3137.75,62.76,2196.6,941.15,29,35,0
2023-11-13,store_2,item_4,34,89.65,0,0,11,3048.1,62.76,2133.84,914.26,35,28,0
2023-11-18,store_2,item_4,26,89.65,0,5,11,2330.9,62.76,1631.76,699.14,34,25,1
2023-11-23,store_2,item_4,36,89.65,0,3,11,3227.4,62.76,2259.36,968.04,26,29,0
2023-11-28,store_2,item_4,44,89.65,0,1,11,3944.6,62.76,2761.44,1183.16,36,32,0
2023-12-03,store_2,item_4,33,89.65,0,6,12,2958.45,62.76,2071.08,887.37,44,29,1
2023-12-08,store_2,item_4,105,89.65,0,4,12,9413.25,62.76,6589.8,2823.45,33,29,0
2023-12-13,store_2,item_4,47,89.65,0,2,12,4213.55,62.76,2949.72,1263.83,105,35,0
2023-12-18,store_2,item_4,40,89.65,0,0,12,3586.0,62.76,2510.4,1075.6,47,34,0
2023-12-23,store_2,item_4,36,89.65,0,5,12,3227.4,62.76,2259.36,968.04,40,26,1
2023-12-28,store_2,item_4,47,89.65,0,3,12,4213.55,62.76,2949.72,1263.83,36,36,0
2023-01-01,store_1,item_5,32,69.38,0,6,1,2220.16,48.57,1554.24,665.92,0,0,1
2023-01-02,store_1,item_5,34,69.38,0,0,1,2358.92,48.57,1651.38,707.54,32,0,0
2023-01-03,store_1,item_5,39,69.38,0,1,1,2705.82,48.57,1894.23,811.59,34,0,0
2023-01-04,store_1,item_5,35,69.38,0,2,1,2428.3,48.57,1699.95,728.35,39,0,0
2023-01-06,store_1,item_5,31,69.38,0,4,1,2150.78,48.57,1505.67,645.11,35,0,0
2023-01-07,store_1,item_5,30,69.38,0,5,1,2081.4,48.57,1457.1,624.3,31,0,1
2023-01-08,store_1,item_5,27,69.38,0,6,1,1873.26,48.57,1311.39,561.87,30,0,1
2023-01-09,store_1,item_5,13,69.38,0,0,1,901.94,48.57,631.41,270.53,27,32,0
2023-01-11,store_1,item_5,39,69.38,0,2,1,2705.82,48.57,1894.23,811.59,13,34,0
2023-01-12,store_1,item_5,38,69.38,0,3,1,2636.44,48.57,1845.66,790.78,39,39,0
2023-01-13,store_1,item_5,40,69.38,0,4,1,2775.2,48.57,1942.8,832.4,38,35,0
2023-01-14,store_1,item_5,25,69.38,0,5,1,1734.5,48.57,1214.25,520.25,40,31,1
2023-01-16,store_1,item_5,35,69.38,0,0,1,2428.3,48.57,1699.95,728.35,25,30,0
2023-01-17,store_1,item_5,44,69.38,0,1,1,3052.72,48.57,2137.08,915.64,35,27,0
2023-01-18,store_1,item_5,47,69.38,0,2,1,3260.86,48.57,2282.79,978.07,44,13,0
2023-01-19,store_1,item_5,38,69.38,0,3,1,2636.44,48.57,1845.66,790.78,47,39,0
2023-01-21,store_1,item_5,36,69.38,0,5,1,2497.68,48.57,1748.52,749.16,38,38,1
2023-01-22,store_1,item_5,47,55.5,1,6,1,2608.5,38.86,1826.42,782.08,36,40,1
2023-01-23,store_1,item_5,39,69.38,0,0,1,2705.82,48.57,1894.23,811.59,47,25,0
2023-01-24,store_1,item_5,41,69.38,0,1,1,2844.58,48.57,1991.37,853.21,39,35,0
2023-01-26,store_1,item_5,40,69.38,0,3,1,2775.2,48.57,1942.8,832.4,41,44,0
2023-01-27,store_1,item_5,54,55.5,1,4,1,2997.0,38.86,2098.44,898.56,40,47,0
2023-01-28,store_1,item_5,34,69.38,0,5,1,2358.92,48.57,1651.38,707.54,54,38,1
2023-01-29,store_1,item_5,32,69.38,0,6,1,2220.16,48.57,1554.24,665.92,34,36,1
2023-01-31,store_1,item_5,71,55.5,1,1,1,3940.5,38.86,2759.06,1181.44,32,47,0
2023-02-01,store_1,item_5,48,69.38,0,2,2,3330.24,48.57,2331.36,998.88,71,39,0
2023-02-02,store_1,item_5,40,69.38,0,3,2,2775.2,48.57,1942.8,832.4,48,41,0
2023-02-03,store_1,item_5,33,69.38,0,4,2,2289.54,48.57,1602.81,686.73,40,40,0
2023-02-05,store_1,item_5,36,69.38,0,6,2,2497.68,48.57,1748.52,749.16,33,54,1
2023-02-06,store_1,item_5,35,69.38,0,0,2,2428.3,48.57,1699.95,728.35,36,34,0
2023-02-07,store_1,item_5,47,69.38,0,1,2,3260.86,48.57,2282.79,978.07,35,32,0
2023-02-08,store_1,item_5,44,69.38,0,2,2,3052.72,48.57,2137.08,915.64,47,71,0
2023-02-10,store_1,item_5,36,69.38,0,4,2,2497.68,48.57,1748.52,749.16,44,48,0
2023-02-11,store_1,item_5,36,69.38,0,5,2,2497.68,48.57,1748.52,749.16,36,40,1
2023-02-12,store_1,item_5,37,69.38,0,6,2,2567.06,48.57,1797.09,769.97,36,33,1
2023-02-13,store_1,item_5,44,69.38,0,0,2,3052.72,48.57,2137.08,915.64,37,36,0
2023-02-15,store_1,item_5,48,69.38,0,2,2,3330.24,48.57,2331.36,998.88,44,35,0
2023-02-16,store_1,item_5,40,69.38,0,3,2,2775.2,48.57,1942.8,832.4,48,47,0
2023-02-17,store_1,item_5,34,69.38,0,4,2,2358.92,48.57,1651.38,707.54,40,44,0
2023-02-18,store_1,item_5,26,69.38,0,5,2,1803.88,48.57,1262.82,541.06,34,36,1
2023-02-20,store_1,item_5,41,69.38,0,0,2,2844.58,48.57,1991.37,853.21,26,36,0
2023-02-21,store_1,item_5,46,69.38,0,1,2,3191.48,48.57,2234.22,957.26,41,37,0
2023-02-22,store_1,item_5,48,69.38,0,2,2,3330.24,48.57,2331.36,998.88,46,44,0
2023-02-23,store_1,item_5,46,69.38,0,3,2,3191.48,48.57,2234.22,957.26,48,48,0
2023-02-25,store_1,item_5,30,69.38,0,5,2,2081.4,48.57,1457.1,624.3,46,40,1
2023-02-26,store_1,item_5,35,69.38,0,6,2,2428.3,48.57,1699.95,728.35,30,34,1
2023-02-27,store_1,item_5,60,55.5,1,0,2,3330.0,38.86,2331.6,998.4,35,26,0
2023-02-28,store_1,item_5,47,69.38,0,1,2,3260.86,48.57,2282.79,978.07,60,41,0
2023-03-02,store_1,item_5,45,69.38,0,3,3,3122.1,48.57,2185.65,936.45,47,46,0
2023-03-03,store_1,item_5,44,69.38,0,4,3,3052.72,48.57,2137.08,915.64,45,48,0
2023-03-04,store_1,item_5,38,69.38,0,5,3,2636.44,48.57,1845.66,790.78,44,46,1
2023-03-05,store_1,item_5,34,69.38,0,6,3,2358.92,48.57,1651.38,707.54,38,30,1
2023-03-07,store_1,item_5,49,69.38,0,1,3,3399.62,48.57,2379.93,1019.69,34,35,0
2023-03-08,store_1,item_5,54,69.38,0,2,3,3746.52,48.57,2622.78,1123.74,49,60,0
2023-03-09,store_1,item_5,45,69.38,0,3,3,3122.1,48.57,2185.65,936.45,54,47,0
2023-03-10,store_1,item_5,41,69.38,0,4,3,2844.58,48.57,1991.37,853.21,45,45,0
2023-03-12,store_1,item_5,34,69.38,0,6,3,2358.92,48.57,1651.38,707.54,41,44,1
2023-03-13,store_1,item_5,41,69.38,0,0,3,2844.58,48.57,1991.37,853.21,34,38,0
2023-03-14,store_1,item_5,104,69.38,0,1,3,7215.52,48.57,5051.28,2164.24,41,34,0
2023-03-15,store_1,item_5,52,69.38,0,2,3,3607.76,48.57,2525.64,1082.12,104,49,0
2023-03-17,store_1,item_5,38,69.38,0,4,3,2636.44,48.57,1845.66,790.78,52,54,0
2023-03-18,store_1,item_5,34,69.38,0,5,3,2358.92,48.57,1651.38,707.54,38,45,1
2023-03-19,store_1,item_5,32,69.38,0,6,3,2220.16,48.57,1554.24,665.92,34,41,1
2023-03-20,store_1,item_5,45,69.38,0,0,3,3122.1,48.57,2185.65,936.45,32,34,0
2023-03-22,store_1,item_5,43,69.38,0,2,3,2983.34,48.57,2088.51,894.83,45,41,0
2023-03-23,store_1,item_5,47,69.38,0,3,3,3260.86,48.57,2282.79,978.07,43,104,0
2023-03-24,store_1,item_5,37,69.38,0,4,3,2567.06,48.57,1797.09,769.97,47,52,0
2023-03-25,store_1,item_5,91,69.38,0,5,3,6313.58,48.57,4419.87,1893.71,37,38,1
2023-03-27,store_1,item_5,40,69.38,0,0,3,2775.2,48.57,1942.8,832.4,91,34,0
2023-03-28,store_1,item_5,52,69.38,0,1,3,3607.76,48.57,2525.64,1082.12,40,32,0
2023-03-29,store_1,item_5,50,69.38,0,2,3,3469.0,48.57,2428.5,1040.5,52,45,0
2023-03-30,store_1,item_5,45,69.38,0,3,3,3122.1,48.57,2185.65,936.45,50,43,0
2023-04-01,store_1,item_5,32,69.38,0,5,4,2220.16,48.57,1554.24,665.92,45,47,1
2023-04-02,store_1,item_5,32,69.38,0,6,4,2220.16,48.57,1554.24,665.92,32,37,1
2023-04-03,store_1,item_5,48,69.38,0,0,4,3330.24,48.57,2331.36,998.88,32,91,0
2023-04-04,store_1,item_5,52,69.38,0,1,4,3607.76,48.57,2525.64,1082.12,48,40,0
2023-04-06,store_1,item_5,47,69.38,0,3,4,3260.86,48.57,2282.79,978.07,52,52,0
2023-04-07,store_1,item_5,41,69.38,0,4,4,2844.58,48.57,1991.37,853.21,47,50,0
2023-04-08,store_1,item_5,38,69.38,0,5,4,2636.44,48.57,1845.66,790.78,41,45,1
2023-04-09,store_1,item_5,34,69.38,0,6,4,2358.92,48.57,1651.38,707.54,38,32,1
2023-04-11,store_1,item_5,48,69.38,0,1,4,3330.24,48.57,2331.36,998.88,34,32,0
2023-04-12,store_1,item_5,51,69.38,0,2,4,3538.38,48.57,2477.07,1061.31,48,48,0
2023-04-13,store_1,item_5,47,69.38,0,3,4,3260.86,48.57,2282.79,978.07,51,52,0
2023-04-14,store_1,item_5,39,69.38,0,4,4,2705.82,48.57,1894.23,811.59,47,47,0
2023-04-16,store_1,item_5,38,69.38,0,6,4,2636.44,48.57,1845.66,790.78,39,41,1
2023-04-17,store_1,item_5,38,69.38,0,0,4,2636.44,48.57,1845.66,790.78,38,38,0
2023-04-18,store_1,item_5,46,69.38,0,1,4,3191.48,48.57,2234.22,957.26,38,34,0
2023-04-19,store_1,item_5,50,69.38,0,2,4,3469.0,48.57,2428.5,1040.5,46,48,0
2023-04-21,store_1,item_5,37,69.38,0,4,4,2567.06,48.57,1797.09,769.97,50,51,0
2023-04-22,store_1,item_5,34,69.38,0,5,4,2358.92,48.57,1651.38,707.54,37,47,1
2023-04-23,store_1,item_5,34,69.38,0,6,4,2358.92,48.57,1651.38,707.54,34,39,1
2023-04-24,store_1,item_5,41,69.38,0,0,4,2844.58,48.57,1991.37,853.21,34,38,0
2023-04-26,store_1,item_5,55,69.38,0,2,4,3815.9,48.57,2671.35,1144.55,41,38,0
2023-04-27,store_1,item_5,48,69.38,0,3,4,3330.24,48.57,2331.36,998.88,55,46,0
2023-04-28,store_1,item_5,36,69.38,0,4,4,2497.68,48.57,1748.52,749.16,48,50,0
2023-04-29,store_1,item_5,59,55.5,1,5,4,3274.5,38.86,2292.74,981.76,36,37,1
2023-05-01,store_1,item_5,40,69.38,0,0,5,2775.2,48.57,1942.8,832.4,59,34,0
2023-05-02,store_1,item_5,53,69.38,0,1,5,3677.14,48.57,2574.21,1102.93,40,34,0
2023-05-03,store_1,item_5,49,69.38,0,2,5,3399.62,48.57,2379.93,1019.69,53,41,0
2023-05-04,store_1,item_5,51,69.38,0,3,5,3538.38,48.57,2477.07,1061.31,49,55,0
2023-05-06,store_1,item_5,38,69.38,0,5,5,2636.44,48.57,1845.66,790.78,51,48,1
2023-05-07,store_1,item_5,36,69.38,0,6,5,2497.68,48.57,1748.52,749.16,38,36,1
2023-05-08,store_1,item_5,45,69.38,0,0,5,3122.1,48.57,2185.65,936.45,36,59,0
2023-05-09,store_1,item_5,54,69.38,0,1,5,3746.52,48.57,2622.78,1123.74,45,40,0
2023-05-11,store_1,item_5,49,69.38,0,3,5,3399.62,48.57,2379.93,1019.69,54,53,0
2023-05-12,store_1,item_5,33,69.38,0,4,5,2289.54,48.57,1602.81,686.73,49,49,0
2023-05-13,store_1,item_5,30,69.38,0,5,5,2081.4,48.57,1457.1,624.3,33,51,1
2023-05-14,store_1,item_5,32,69.38,0,6,5,2220.16,48.57,1554.24,665.92,30,38,1
2023-05-16,store_1,item_5,71,55.5,1,1,5,3940.5,38.86,2759.06,1181.44,32,36,0
2023-05-17,store_1,item_5,48,69.38,0,2,5,3330.24,48.57,2331.36,998.88,71,45,0
2023-05-18,store_1,item_5,44,69.38,0,3,5,3052.72,48.57,2137.08,915.64,48,54,0
2023-05-19,store_1,item_5,39,69.38,0,4,5,2705.82,48.57,1894.23,811.59,44,49,0
2023-05-21,store_1,item_5,37,69.38,0,6,5,2567.06,48.57,1797.09,769.97,39,33,1
2023-05-22,store_1,item_5,45,69.38,0,0,5,3122.1,48.57,2185.65,936.45,37,30,0
2023-05-23,store_1,item_5,69,55.5,1,1,5,3829.5,38.86,2681.34,1148.16,45,32,0
2023-05-24,store_1,item_5,46,69.38,0,2,5,3191.48,48.57,2234.22,957.26,69,71,0
2023-05-26,store_1,item_5,51,55.5,1,4,5,2830.5,38.86,1981.86,848.64,46,48,0
2023-05-27,store_1,item_5,30,69.38,0,5,5,2081.4,48.57,1457.1,624.3,51,44,1
2023-05-28,store_1,item_5,36,69.38,0,6,5,2497.68,48.57,1748.52,749.16,30,39,1
2023-05-29,store_1,item_5,39,69.38,0,0,5,2705.82,48.57,1894.23,811.59,36,37,0
2023-05-31,store_1,item_5,42,69.38,0,2,5,2913.96,48.57,2039.94,874.02,39,45,0
2023-06-01,store_1,item_5,42,69.38,0,3,6,2913.96,48.57,2039.94,874.02,42,69,0
2023-06-02,store_1,item_5,56,55.5,1,4,6,3108.0,38.86,2176.16,931.84,42,46,0
2023-06-03,store_1,item_5,34,69.38,0,5,6,2358.92,48.57,1651.38,707.54,56,51,1
2023-06-05,store_1,item_5,44,69.38,0,0,6,3052.72,48.57,2137.08,915.64,34,30,0
2023-06-06,store_1,item_5,85,69.38,0,1,6,5897.3,48.57,4128.45,1768.85,44,36,0
2023-06-07,store_1,item_5,45,69.38,0,2,6,3122.1,48.57,2185.65,936.45,85,39,0
2023-06-08,store_1,item_5,33,69.38,0,3,6,2289.54,48.57,1602.81,686.73,45,42,0
2023-06-10,store_1,item_5,33,69.38,0,5,6,2289.54,48.57,1602.81,686.73,33,42,1
2023-06-11,store_1,item_5,36,69.38,0,6,6,2497.68,48.57,1748.52,749.16,33,56,1
2023-06-12,store_1,item_5,9,69.38,0,0,6,624.42,48.57,437.13,187.29,36,34,0
2023-06-13,store_1,item_5,44,69.38,0,1,6,3052.72,48.57,2137.08,915.64,9,44,0
2023-06-15,store_1,item_5,40,69.38,0,3,6,2775.2,48.57,1942.8,832.4,44,85,0
2023-06-16,store_1,item_5,26,69.38,0,4,6,1803.88,48.57,1262.82,541.06,40,45,0
2023-06-17,store_1,item_5,30,69.38,0,5,6,2081.4,48.57,1457.1,624.3,26,33,1
2023-06-18,store_1,item_5,33,69.38,0,6,6,2289.54,48.57,1602.81,686.73,30,33,1
2023-06-20,store_1,item_5,40,69.38,0,1,6,2775.2,48.57,1942.8,832.4,33,36,0
2023-06-21,store_1,item_5,39,69.38,0,2,6,2705.82,48.57,1894.23,811.59,40,9,0
2023-06-22,store_1,item_5,50,55.5,1,3,6,2775.0,38.86,1943.0,832.0,39,44,0
2023-06-23,store_1,item_5,35,69.38,0,4,6,2428.3,48.57,1699.95,728.35,50,40,0
2023-06-25,store_1,item_5,34,69.38,0,6,6,2358.92,48.57,1651.38,707.54,35,26,1
2023-06-26,store_1,item_5,37,69.38,0,0,6,2567.06,48.57,1797.09,769.97,34,30,0
2023-06-27,store_1,item_5,39,69.38,0,1,6,2705.82,48.57,1894.23,811.59,37,33,0
2023-06-28,store_1,item_5,41,69.38,0,2,6,2844.58,48.57,1991.37,853.21,39,40,0
2023-06-30,store_1,item_5,34,69.38,0,4,6,2358.92,48.57,1651.38,707.54,41,39,0
2023-07-01,store_1,item_5,28,69.38,0,5,7,1942.64,48.57,1359.96,582.68,34,50,1
2023-07-02,store_1,item_5,32,69.38,0,6,7,2220.16,48.57,1554.24,665.92,28,35,1
2023-07-03,store_1,item_5,33,69.38,0,0,7,2289.54,48.57,1602.81,686.73,32,34,0
2023-07-05,store_1,item_5,39,69.38,0,2,7,2705.82,48.57,1894.23,811.59,33,37,0
2023-07-06,store_1,item_5,36,69.38,0,3,7,2497.68,48.57,1748.52,749.16,39,39,0
2023-07-07,store_1,item_5,26,69.38,0,4,7,1803.88,48.57,1262.82,541.06,36,41,0
2023-07-08,store_1,item_5,22,69.38,0,5,7,1526.36,48.57,1068.54,457.82,26,34,1
2023-07-10,store_1,item_5,47,55.5,1,0,7,2608.5,38.86,1826.42,782.08,22,28,0
2023-07-11,store_1,item_5,37,69.38,0,1,7,2567.06,48.57,1797.09,769.97,47,32,0
2023-07-12,store_1,item_5,37,69.38,0,2,7,2567.06,48.57,1797.09,769.97,37,33,0
2023-07-13,store_1,item_5,39,69.38,0,3,7,2705.82,48.57,1894.23,811.59,37,39,0
2023-07-15,store_1,item_5,22,69.38,0,5,7,1526.36,48.57,1068.54,457.82,39,36,1
2023-07-16,store_1,item_5,25,69.38,0,6,7,1734.5,48.57,1214.25,520.25,22,26,1
2023-07-17,store_1,item_5,34,69.38,0,0,7,2358.92,48.57,1651.38,707.54,25,22,0
2023-07-18,store_1,item_5,38,69.38,0,1,7,2636.44,48.57,1845.66,790.78,34,47,0
2023-07-20,store_1,item_5,30,69.38,0,3,7,2081.4,48.57,1457.1,624.3,38,37,0
2023-07-21,store_1,item_5,26,69.38,0,4,7,1803.88,48.57,1262.82,541.06,30,37,0
2023-07-22,store_1,item_5,23,69.38,0,5,7,1595.74,48.57,1117.11,478.63,26,39,1
2023-07-23,store_1,item_5,39,55.5,1,6,7,2164.5,38.86,1515.54,648.96,23,22,1
2023-07-25,store_1,item_5,32,69.38,0,1,7,2220.16,48.57,1554.24,665.92,39,25,0
2023-07-26,store_1,item_5,32,69.38,0,2,7,2220.16,48.57,1554.24,665.92,32,34,0
2023-07-27,store_1,item_5,32,69.38,0,3,7,2220.16,48.57,1554.24,665.92,32,38,0
2023-07-28,store_1,item_5,43,55.5,1,4,7,2386.5,38.86,1670.98,715.52,32,30,0
2023-07-30,store_1,item_5,29,69.38,0,6,7,2012.02,48.57,1408.53,603.49,43,26,1
2023-07-31,store_1,item_5,28,69.38,0,0,7,1942.64,48.57,1359.96,582.68,29,23,0
2023-08-01,store_1,item_5,31,69.38,0,1,8,2150.78,48.57,1505.67,645.11,28,39,0
2023-08-02,store_1,item_5,29,69.38,0,2,8,2012.02,48.57,1408.53,603.49,31,32,0
2023-08-04,store_1,item_5,25,69.38,0,4,8,1734.5,48.57,1214.25,520.25,29,32,0
2023-08-05,store_1,item_5,23,69.38,0,5,8,1595.74,48.57,1117.11,478.63,25,32,1
2023-08-06,store_1,item_5,21,69.38,0,6,8,1456.98,48.57,1019.97,437.01,23,43,1
2023-08-07,store_1,item_5,27,69.38,0,0,8,1873.26,48.57,1311.39,561.87,21,29,0
2023-08-09,store_1,item_5,33,69.38,0,2,8,2289.54,48.57,1602.81,686.73,27,28,0
2023-08-10,store_1,item_5,43,55.5,1,3,8,2386.5,38.86,1670.98,715.52,33,31,0
2023-08-11,store_1,item_5,20,69.38,0,4,8,1387.6,48.57,971.4,416.2,43,29,0
2023-08-12,store_1,item_5,30,69.38,0,5,8,2081.4,48.57,1457.1,624.3,20,25,1
2023-08-14,store_1,item_5,28,69.38,0,0,8,1942.64,48.57,1359.96,582.68,30,23,0
2023-08-15,store_1,item_5,26,69.38,0,1,8,1803.88,48.57,1262.82,541.06,28,21,0
2023-08-16,store_1,item_5,26,69.38,0,2,8,1803.88,48.57,1262.82,541.06,26,27,0
2023-08-17,store_1,item_5,44,55.5,1,3,8,2442.0,38.86,1709.84,732.16,26,33,0
2023-08-19,store_1,item_5,36,55.5,1,5,8,1998.0,38.86,1398.96,599.04,44,43,1
2023-08-20,store_1,item_5,23,69.38,0,6,8,1595.74,48.57,1117.11,478.63,36,20,1
2023-08-21,store_1,item_5,26,69.38,0,0,8,1803.88,48.57,1262.82,541.06,23,30,0
2023-08-22,store_1,item_5,27,69.38,0,1,8,1873.26,48.57,1311.39,561.87,26,28,0
2023-08-24,store_1,item_5,31,69.38,0,3,8,2150.78,48.57,1505.67,645.11,27,26,0
2023-08-25,store_1,item_5,20,69.38,0,4,8,1387.6,48.57,971.4,416.2,31,26,0
2023-08-26,store_1,item_5,31,55.5,1,5,8,1720.5,38.86,1204.66,515.84,20,44,1
2023-08-27,store_1,item_5,22,69.38,0,6,8,1526.36,48.57,1068.54,457.82,31,36,1
2023-08-29,store_1,item_5,32,69.38,0,1,8,2220.16,48.57,1554.24,665.92,22,23,0
2023-08-30,store_1,item_5,33,69.38,0,2,8,2289.54,48.57,1602.81,686.73,32,26,0
2023-08-31,store_1,item_5,27,69.38,0,3,8,1873.26,48.57,1311.39,561.87,33,27,0
2023-09-01,store_1,item_5,22,69.38,0,4,9,1526.36,48.57,1068.54,457.82,27,31,0
2023-09-03,store_1,item_5,24,69.38,0,6,9,1665.12,48.57,1165.68,499.44,22,20,1
2023-09-04,store_1,item_5,37,55.5,1,0,9,2053.5,38.86,1437.82,615.68,24,31,0
2023-09-05,store_1,item_5,24,69.38,0,1,9,1665.12,48.57,1165.68,499.44,37,22,0
2023-09-06,store_1,item_5,31,69.38,0,2,9,2150.78,48.57,1505.67,645.11,24,32,0
2023-09-08,store_1,item_5,14,69.38,0,4,9,971.32,48.57,679.98,291.34,31,33,0
2023-09-09,store_1,item_5,20,69.38,0,5,9,1387.6,48.57,971.4,416.2,14,27,1
2023-09-10,store_1,item_5,19,69.38,0,6,9,1318.22,48.57,922.83,395.39,20,22,1
2023-09-11,store_1,item_5,24,69.38,0,0,9,1665.12,48.57,1165.68,499.44,19,24,0
2023-09-13,store_1,item_5,29,69.38,0,2,9,2012.02,48.57,1408.53,603.49,24,37,0
2023-09-14,store_1,item_5,31,69.38,0,3,9,2150.78,48.57,1505.67,645.11,29,24,0
2023-09-15,store_1,item_5,32,55.5,1,4,9,1776.0,38.86,1243.52,532.48,31,31,0
2023-09-16,store_1,item_5,22,69.38,0,5,9,1526.36,48.57,1068.54,457.82,32,14,1
2023-09-18,store_1,item_5,26,69.38,0,0,9,1803.88,48.57,1262.82,541.06,22,20,0
2023-09-19,store_1,item_5,28,69.38,0,1,9,1942.64,48.57,1359.96,582.68,26,19,0
2023-09-20,store_1,item_5,30,69.38,0,2,9,2081.4,48.57,1457.1,624.3,28,24,0
2023-09-21,store_1,item_5,26,69.38,0,3,9,1803.88,48.57,1262.82,541.06,30,29,0
2023-09-23,store_1,item_5,12,69.38,0,5,9,832.56,48.57,582.84,249.72,26,31,1
2023-09-24,store_1,item_5,26,55.5,1,6,9,1443.0,38.86,1010.36,432.64,12,32,1
2023-09-25,store_1,item_5,37,55.5,1,0,9,2053.5,38.86,1437.82,615.68,26,22,0
2023-09-26,store_1,item_5,35,55.5,1,1,9,1942.5,38.86,1360.1,582.4,37,26,0
2023-09-28,store_1,item_5,39,55.5,1,3,9,2164.5,38.86,1515.54,648.96,35,28,0
2023-09-29,store_1,item_5,19,69.38,0,4,9,1318.22,48.57,922.83,395.39,39,30,0
2023-09-30,store_1,item_5,17,69.38,0,5,9,1179.46,48.57,825.69,353.77,19,26,1
2023-10-01,store_1,item_5,21,69.38,0,6,10,1456.98,48.57,1019.97,437.01,17,12,1
2023-10-03,store_1,item_5,25,69.38,0,1,10,1734.5,48.57,1214.25,520.25,21,26,0
2023-10-04,store_1,item_5,27,69.38,0,2,10,1873.26,48.57,1311.39,561.87,25,37,0
2023-10-05,store_1,item_5,24,69.38,0,3,10,1665.12,48.57,1165.68,499.44,27,35,0
2023-10-06,store_1,item_5,15,69.38,0,4,10,1040.7,48.57,728.55,312.15,24,39,0
2023-10-08,store_1,item_5,23,69.38,0,6,10,1595.74,48.57,1117.11,478.63,15,19,1
2023-10-09,store_1,item_5,27,69.38,0,0,10,1873.26,48.57,1311.39,561.87,23,17,0
2023-10-10,store_1,item_5,25,69.38,0,1,10,1734.5,48.57,1214.25,520.25,27,21,0
2023-10-11,store_1,item_5,25,69.38,0,2,10,1734.5,48.57,1214.25,520.25,25,25,0
2023-10-13,store_1,item_5,36,55.5,1,4,10,1998.0,38.86,1398.96,599.04,25,27,0
2023-10-14,store_1,item_5,20,69.38,0,5,10,1387.6,48.57,971.4,416.2,36,24,1
2023-10-15,store_1,item_5,21,69.38,0,6,10,1456.98,48.57,1019.97,437.01,20,15,1
2023-10-16,store_1,item_5,28,69.38,0,0,10,1942.64,48.57,1359.96,582.68,21,23,0
2023-10-18,store_1,item_5,28,69.38,0,2,10,1942.64,48.57,1359.96,582.68,28,27,0
2023-10-19,store_1,item_5,31,69.38,0,3,10,2150.78,48.57,1505.67,645.11,28,25,0
2023-10-20,store_1,item_5,22,69.38,0,4,10,1526.36,48.57,1068.54,457.82,31,25,0
2023-10-21,store_1,item_5,16,69.38,0,5,10,1110.08,48.57,777.12,332.96,22,36,1
2023-10-23,store_1,item_5,22,69.38,0,0,10,1526.36,48.57,1068.54,457.82,16,20,0
2023-10-24,store_1,item_5,30,69.38,0,1,10,2081.4,48.57,1457.1,624.3,22,21,0
2023-10-25,store_1,item_5,42,55.5,1,2,10,2331.0,38.86,1632.12,698.88,30,28,0
2023-10-26,store_1,item_5,28,69.38,0,3,10,1942.64,48.57,1359.96,582.68,42,28,0
2023-10-28,store_1,item_5,14,69.38,0,5,10,971.32,48.57,679.98,291.34,28,31,1
2023-10-29,store_1,item_5,22,69.38,0,6,10,1526.36,48.57,1068.54,457.82,14,22,1
2023-10-30,store_1,item_5,26,69.38,0,0,10,1803.88,48.57,1262.82,541.06,22,16,0
2023-10-31,store_1,item_5,31,69.38,0,1,10,2150.78,48.57,1505.67,645.11,26,22,0
2023-11-02,store_1,item_5,25,69.38,0,3,11,1734.5,48.57,1214.25,520.25,31,30,0
2023-11-03,store_1,item_5,25,69.38,0,4,11,1734.5,48.57,1214.25,520.25,25,42,0
2023-11-04,store_1,item_5,25,69.38,0,5,11,1734.5,48.57,1214.25,520.25,25,28,1
2023-11-05,store_1,item_5,22,69.38,0,6,11,1526.36,48.57,1068.54,457.82,25,14,1
2023-11-07,store_1,item_5,29,69.38,0,1,11,2012.02,48.57,1408.53,603.49,22,22,0
2023-11-08,store_1,item_5,27,69.38,0,2,11,1873.26,48.57,1311.39,561.87,29,26,0
2023-11-09,store_1,item_5,31,69.38,0,3,11,2150.78,48.57,1505.67,645.11,27,31,0
2023-11-10,store_1,item_5,27,69.38,0,4,11,1873.26,48.57,1311.39,561.87,31,25,0
2023-11-12,store_1,item_5,22,69.38,0,6,11,1526.36,48.57,1068.54,457.82,27,25,1
2023-11-13,store_1,item_5,29,69.38,0,0,11,2012.02,48.57,1408.53,603.49,22,25,0
2023-11-14,store_1,item_5,34,69.38,0,1,11,2358.92,48.57,1651.38,707.54,29,22,0
2023-11-15,store_1,item_5,37,69.38,0,2,11,2567.06,48.57,1797.09,769.97,34,29,0
2023-11-17,store_1,item_5,25,69.38,0,4,11,1734.5,48.57,1214.25,520.25,37,27,0
2023-11-18,store_1,item_5,18,69.38,0,5,11,1248.84,48.57,874.26,374.58,25,31,1
2023-11-19,store_1,item_5,24,69.38,0,6,11,1665.12,48.57,1165.68,499.44,18,27,1
2023-11-20,store_1,item_5,28,69.38,0,0,11,1942.64,48.57,1359.96,582.68,24,22,0
2023-11-22,store_1,item_5,37,69.38,0,2,11,2567.06,48.57,1797.09,769.97,28,29,0
2023-11-23,store_1,item_5,30,69.38,0,3,11,2081.4,48.57,1457.1,624.3,37,34,0
2023-11-24,store_1,item_5,32,69.38,0,4,11,2220.16,48.57,1554.24,665.92,30,37,0
2023-11-25,store_1,item_5,18,69.38,0,5,11,1248.84,48.57,874.26,374.58,32,25,1
2023-11-27,store_1,item_5,58,69.38,0,0,11,4024.04,48.57,2817.06,1206.98,18,18,0
2023-11-28,store_1,item_5,28,69.38,0,1,11,1942.64,48.57,1359.96,582.68,58,24,0
2023-11-29,store_1,item_5,34,69.38,0,2,11,2358.92,48.57,1651.38,707.54,28,28,0
2023-11-30,store_1,item_5,27,69.38,0,3,11,1873.26,48.57,1311.39,561.87,34,37,0
2023-12-02,store_1,item_5,24,69.38,0,5,12,1665.12,48.57,1165.68,499.44,27,30,1
2023-12-03,store_1,item_5,41,55.5,1,6,12,2275.5,38.86,1593.26,682.24,24,32,1
2023-12-04,store_1,item_5,25,69.38,0,0,12,1734.5,48.57,1214.25,520.25,41,18,0
2023-12-05,store_1,item_5,37,69.38,0,1,12,2567.06,48.57,1797.09,769.97,25,58,0
2023-12-07,store_1,item_5,36,69.38,0,3,12,2497.68,48.57,1748.52,749.16,37,28,0
2023-12-08,store_1,item_5,26,69.38,0,4,12,1803.88,48.57,1262.82,541.06,36,34,0
2023-12-09,store_1,item_5,60,69.38,0,5,12,4162.8,48.57,2914.2,1248.6,26,27,1
2023-12-10,store_1,item_5,22,69.38,0,6,12,1526.36,48.57,1068.54,457.82,60,24,1
2023-12-12,store_1,item_5,105,69.38,0,1,12,7284.9,48.57,5099.85,2185.05,22,41,0
2023-12-13,store_1,item_5,42,69.38,0,2,12,2913.96,48.57,2039.94,874.02,105,25,0
2023-12-14,store_1,item_5,32,69.38,0,3,12,2220.16,48.57,1554.24,665.92,42,37,0
2023-12-15,store_1,item_5,31,69.38,0,4,12,2150.78,48.57,1505.67,645.11,32,36,0
2023-12-17,store_1,item_5,28,69.38,0,6,12,1942.64,48.57,1359.96,582.68,31,26,1
2023-12-18,store_1,item_5,50,55.5,1,0,12,2775.0,38.86,1943.0,832.0,28,60,0
2023-12-19,store_1,item_5,33,69.38,0,1,12,2289.54,48.57,1602.81,686.73,50,22,0
2023-12-20,store_1,item_5,38,69.38,0,2,12,2636.44,48.57,1845.66,790.78,33,105,0
2023-12-22,store_1,item_5,21,69.38,0,4,12,1456.98,48.57,1019.97,437.01,38,42,0
2023-12-23,store_1,item_5,31,69.38,0,5,12,2150.78,48.57,1505.67,645.11,21,32,1
2023-12-24,store_1,item_5,29,69.38,0,6,12,2012.02,48.57,1408.53,603.49,31,31,1
2023-12-25,store_1,item_5,36,69.38,0,0,12,2497.68,48.57,1748.52,749.16,29,28,0
2023-12-27,store_1,item_5,35,69.38,0,2,12,2428.3,48.57,1699.95,728.35,36,50,0
2023-12-28,store_1,item_5,38,69.38,0,3,12,2636.44,48.57,1845.66,790.78,35,33,0
2023-12-29,store_1,item_5,31,69.38,0,4,12,2150.78,48.57,1505.67,645.11,38,38,0
2023-12-30,store_1,item_5,28,69.38,0,5,12,1942.64,48.57,1359.96,582.68,31,21,1
2023-01-05,store_2,item_5,29,69.38,0,3,1,2012.02,48.57,1408.53,603.49,0,0,0
2023-01-10,store_2,item_5,39,69.38,0,1,1,2705.82,48.57,1894.23,811.59,29,0,0
2023-01-15,store_2,item_5,29,69.38,0,6,1,2012.02,48.57,1408.53,603.49,39,0,1
2023-01-20,store_2,item_5,34,69.38,0,4,1,2358.92,48.57,1651.38,707.54,29,0,0
2023-01-25,store_2,item_5,40,69.38,0,2,1,2775.2,48.57,1942.8,832.4,34,0,0
2023-01-30,store_2,item_5,40,69.38,0,0,1,2775.2,48.57,1942.8,832.4,40,0,0
2023-02-04,store_2,item_5,27,69.38,0,5,2,1873.26,48.57,1311.39,561.87,40,0,1
2023-02-09,store_2,item_5,41,69.38,0,3,2,2844.58,48.57,1991.37,853.21,27,29,0
2023-02-14,store_2,item_5,68,55.5,1,1,2,3774.0,38.86,2642.48,1131.52,41,39,0
2023-02-19,store_2,item_5,29,69.38,0,6,2,2012.02,48.57,1408.53,603.49,68,29,1
2023-02-24,store_2,item_5,34,69.38,0,4,2,2358.92,48.57,1651.38,707.54,29,34,0
2023-03-01,store_2,item_5,50,69.38,0,2,3,3469.0,48.57,2428.5,1040.5,34,40,0
2023-03-06,store_2,item_5,36,69.38,0,0,3,2497.68,48.57,1748.52,749.16,50,40,0
2023-03-11,store_2,item_5,35,69.38,0,5,3,2428.3,48.57,1699.95,728.35,36,27,1
2023-03-16,store_2,item_5,40,69.38,0,3,3,2775.2,48.57,1942.8,832.4,35,41,0
2023-03-21,store_2,item_5,44,69.38,0,1,3,3052.72,48.57,2137.08,915.64,40,68,0
2023-03-26,store_2,item_5,32,69.38,0,6,3,2220.16,48.57,1554.24,665.92,44,29,1
2023-03-31,store_2,item_5,38,69.38,0,4,3,2636.44,48.57,1845.66,790.78,32,34,0
2023-04-05,store_2,item_5,47,69.38,0,2,4,3260.86,48.57,2282.79,978.07,38,50,0
2023-04-10,store_2,item_5,40,69.38,0,0,4,2775.2,48.57,1942.8,832.4,47,36,0
2023-04-15,store_2,item_5,34,69.38,0,5,4,2358.92,48.57,1651.38,707.54,40,35,1
2023-04-20,store_2,item_5,48,69.38,0,3,4,3330.24,48.57,2331.36,998.88,34,40,0
2023-04-25,store_2,item_5,46,69.38,0,1,4,3191.48,48.57,2234.22,957.26,48,44,0
2023-04-30,store_2,item_5,33,69.38,0,6,4,2289.54,48.57,1602.81,686.73,46,32,1
2023-05-05,store_2,item_5,33,69.38,0,4,5,2289.54,48.57,1602.81,686.73,33,38,0
2023-05-10,store_2,item_5,42,69.38,0,2,5,2913.96,48.57,2039.94,874.02,33,47,0
2023-05-15,store_2,item_5,39,69.38,0,0,5,2705.82,48.57,1894.23,811.59,42,40,0
2023-05-20,store_2,item_5,31,69.38,0,5,5,2150.78,48.57,1505.67,645.11,39,34,1
2023-05-25,store_2,item_5,41,69.38,0,3,5,2844.58,48.57,1991.37,853.21,31,48,0
2023-05-30,store_2,item_5,38,69.38,0,1,5,2636.44,48.57,1845.66,790.78,41,46,0
2023-06-04,store_2,item_5,30,69.38,0,6,6,2081.4,48.57,1457.1,624.3,38,33,1
2023-06-09,store_2,item_5,30,69.38,0,4,6,2081.4,48.57,1457.1,624.3,30,33,0
2023-06-14,store_2,item_5,43,69.38,0,2,6,2983.34,48.57,2088.51,894.83,30,42,0
2023-06-19,store_2,item_5,47,55.5,1,0,6,2608.5,38.86,1826.42,782.08,43,39,0
2023-06-24,store_2,item_5,26,69.38,0,5,6,1803.88,48.57,1262.82,541.06,47,31,1
2023-06-29,store_2,item_5,36,69.38,0,3,6,2497.68,48.57,1748.52,749.16,26,41,0
2023-07-04,store_2,item_5,32,69.38,0,1,7,2220.16,48.57,1554.24,665.92,36,38,0
2023-07-09,store_2,item_5,27,69.38,0,6,7,1873.26,48.57,1311.39,561.87,32,30,1
2023-07-14,store_2,item_5,30,69.38,0,4,7,2081.4,48.57,1457.1,624.3,27,30,0
2023-07-19,store_2,item_5,34,69.38,0,2,7,2358.92,48.57,1651.38,707.54,30,43,0
2023-07-24,store_2,item_5,32,69.38,0,0,7,2220.16,48.57,1554.24,665.92,34,47,0
2023-07-29,store_2,item_5,17,69.38,0,5,7,1179.46,48.57,825.69,353.77,32,26,1
2023-08-03,store_2,item_5,30,69.38,0,3,8,2081.4,48.57,1457.1,624.3,17,36,0
2023-08-08,store_2,item_5,29,69.38,0,1,8,2012.02,48.57,1408.53,603.49,30,32,0
2023-08-13,store_2,item_5,17,69.38,0,6,8,1179.46,48.57,825.69,353.77,29,27,1
2023-08-18,store_2,item_5,23,69.38,0,4,8,1595.74,48.57,1117.11,478.63,17,30,0
2023-08-23,store_2,item_5,32,69.38,0,2,8,2220.16,48.57,1554.24,665.92,23,34,0
2023-08-28,store_2,item_5,22,69.38,0,0,8,1526.36,48.57,1068.54,457.82,32,32,0
2023-09-02,store_2,item_5,23,69.38,0,5,9,1595.74,48.57,1117.11,478.63,22,17,1
2023-09-07,store_2,item_5,27,69.38,0,3,9,1873.26,48.57,1311.39,561.87,23,30,0
2023-09-12,store_2,item_5,23,69.38,0,1,9,1595.74,48.57,1117.11,478.63,27,29,0
2023-09-17,store_2,item_5,17,69.38,0,6,9,1179.46,48.57,825.69,353.77,23,17,1
2023-09-22,store_2,item_5,22,69.38,0,4,9,1526.36,48.57,1068.54,457.82,17,23,0
2023-09-27,store_2,item_5,25,69.38,0,2,9,1734.5,48.57,1214.25,520.25,22,32,0
2023-10-02,store_2,item_5,36,55.5,1,0,10,1998.0,38.86,1398.96,599.04,25,22,0
2023-10-07,store_2,item_5,18,69.38,0,5,10,1248.84,48.57,874.26,374.58,36,23,1
2023-10-12,store_2,item_5,24,69.38,0,3,10,1665.12,48.57,1165.68,499.44,18,27,0
2023-10-17,store_2,item_5,24,69.38,0,1,10,1665.12,48.57,1165.68,499.44,24,23,0
2023-10-22,store_2,item_5,17,69.38,0,6,10,1179.46,48.57,825.69,353.77,24,17,1
2023-10-27,store_2,item_5,19,69.38,0,4,10,1318.22,48.57,922.83,395.39,17,22,0
2023-11-01,store_2,item_5,26,69.38,0,2,11,1803.88,48.57,1262.82,541.06,19,25,0
2023-11-06,store_2,item_5,25,69.38,0,0,11,1734.5,48.57,1214.25,520.25,26,36,0
2023-11-11,store_2,item_5,21,69.38,0,5,11,1456.98,48.57,1019.97,437.01,25,18,1
2023-11-16,store_2,item_5,29,69.38,0,3,11,2012.02,48.57,1408.53,603.49,21,24,0
2023-11-21,store_2,item_5,31,69.38,0,1,11,2150.78,48.57,1505.67,645.11,29,24,0
2023-11-26,store_2,item_5,34,55.5,1,6,11,1887.0,38.86,1321.24,565.76,31,17,1
2023-12-01,store_2,item_5,24,69.38,0,4,12,1665.12,48.57,1165.68,499.44,34,19,0
2023-12-06,store_2,item_5,33,69.38,0,2,12,2289.54,48.57,1602.81,686.73,24,26,0
2023-12-11,store_2,item_5,25,69.38,0,0,12,1734.5,48.57,1214.25,520.25,33,25,0
2023-12-16,store_2,item_5,19,69.38,0,5,12,1318.22,48.57,922.83,395.39,25,21,1
2023-12-21,store_2,item_5,35,69.38,0,3,12,2428.3,48.57,1699.95,728.35,19,29,0
2023-12-26,store_2,item_5,35,69.38,0,1,12,2428.3,48.57,1699.95,728.35,35,31,0
2023-12-31,store_2,item_5,29,69.38,0,6,12,2012.02,48.57,1408.53,603.49,35,34,1
2023-01-01,store_1,item_6,40,66.5,0,6,1,2660.0,46.55,1862.0,798.0,0,0,1
2023-01-02,store_1,item_6,46,66.5,0,0,1,3059.0,46.55,2141.3,917.7,40,0,0
2023-01-04,store_1,item_6,82,53.2,1,2,1,4362.4,37.24,3053.68,1308.72,46,0,0
2023-01-05,store_1,item_6,50,66.5,0,3,1,3325.0,46.55,2327.5,997.5,82,0,0
2023-01-06,store_1,item_6,36,66.5,0,4,1,2394.0,46.55,1675.8,718.2,50,0,0
2023-01-07,store_1,item_6,59,53.2,1,5,1,3138.8,37.24,2197.16,941.64,36,0,1
2023-01-09,store_1,item_6,50,66.5,0,0,1,3325.0,46.55,2327.5,997.5,59,0,0
2023-01-10,store_1,item_6,54,66.5,0,1,1,3591.0,46.55,2513.7,1077.3,50,40,0
2023-01-11,store_1,item_6,51,66.5,0,2,1,3391.5,46.55,2374.05,1017.45,54,46,0
2023-01-12,store_1,item_6,51,66.5,0,3,1,3391.5,46.55,2374.05,1017.45,51,82,0
2023-01-14,store_1,item_6,42,66.5,0,5,1,2793.0,46.55,1955.1,837.9,51,50,1
2023-01-15,store_1,item_6,39,66.5,0,6,1,2593.5,46.55,1815.45,778.05,42,36,1
2023-01-16,store_1,item_6,45,66.5,0,0,1,2992.5,46.55,2094.75,897.75,39,59,0
2023-01-17,store_1,item_6,58,66.5,0,1,1,3857.0,46.55,2699.9,1157.1,45,50,0
2023-01-19,store_1,item_6,55,66.5,0,3,1,3657.5,46.55,2560.25,1097.25,58,54,0
2023-01-20,store_1,item_6,67,53.2,1,4,1,3564.4,37.24,2495.08,1069.32,55,51,0
2023-01-21,store_1,item_6,43,66.5,0,5,1,2859.5,46.55,2001.65,857.85,67,51,1
2023-01-22,store_1,item_6,61,53.2,1,6,1,3245.2,37.24,2271.64,973.56,43,42,1
2023-01-24,store_1,item_6,54,66.5,0,1,1,3591.0,46.55,2513.7,1077.3,61,39,0
2023-01-25,store_1,item_6,61,66.5,0,2,1,4056.5,46.55,2839.55,1216.95,54,45,0
2023-01-26,store_1,item_6,53,66.5,0,3,1,3524.5,46.55,2467.15,1057.35,61,58,0
2023-01-27,store_1,item_6,73,53.2,1,4,1,3883.6,37.24,2718.52,1165.08,53,55,0
2023-01-29,store_1,item_6,46,66.5,0,6,1,3059.0,46.55,2141.3,917.7,73,67,1
2023-01-30,store_1,item_6,50,66.5,0,0,1,3325.0,46.55,2327.5,997.5,46,43,0
2023-01-31,store_1,item_6,93,53.2,1,1,1,4947.6,37.24,3463.32,1484.28,50,61,0
2023-02-01,store_1,item_6,63,66.5,0,2,2,4189.5,46.55,2932.65,1256.85,93,54,0
2023-02-03,store_1,item_6,49,66.5,0,4,2,3258.5,46.55,2280.95,977.55,63,61,0
2023-02-04,store_1,item_6,46,66.5,0,5,2,3059.0,46.55,2141.3,917.7,49,53,1
2023-02-05,store_1,item_6,44,66.5,0,6,2,2926.0,46.55,2048.2,877.8,46,73,1
2023-02-06,store_1,item_6,47,66.5,0,0,2,3125.5,46.55,2187.85,937.65,44,46,0
2023-02-08,store_1,item_6,62,66.5,0,2,2,4123.0,46.55,2886.1,1236.9,47,50,0
2023-02-09,store_1,item_6,94,53.2,1,3,2,5000.8,37.24,3500.56,1500.24,62,93,0
2023-02-10,store_1,item_6,47,66.5,0,4,2,3125.5,46.55,2187.85,937.65,94,63,0
2023-02-11,store_1,item_6,42,66.5,0,5,2,2793.0,46.55,1955.1,837.9,47,49,1
2023-02-13,store_1,item_6,56,66.5,0,0,2,3724.0,46.55,2606.8,1117.2,42,46,0
2023-02-14,store_1,item_6,64,66.5,0,1,2,4256.0,46.55,2979.2,1276.8,56,44,0
2023-02-15,store_1,item_6,63,66.5,0,2,2,4189.5,46.55,2932.65,1256.85,64,47,0
2023-02-16,store_1,item_6,56,66.5,0,3,2,3724.0,46.55,2606.8,1117.2,63,62,0
2023-02-18,store_1,item_6,39,66.5,0,5,2,2593.5,46.55,1815.45,778.05,56,94,1
2023-02-19,store_1,item_6,52,66.5,0,6,2,3458.0,46.55,2420.6,1037.4,39,47,1
2023-02-20,store_1,item_6,52,66.5,0,0,2,3458.0,46.55,2420.6,1037.4,52,42,0
2023-02-21,store_1,item_6,95,53.2,1,1,2,5054.0,37.24,3537.8,1516.2,52,56,0
2023-02-23,store_1,item_6,60,66.5,0,3,2,3990.0,46.55,2793.0,1197.0,95,64,0
2023-02-24,store_1,item_6,49,66.5,0,4,2,3258.5,46.55,2280.95,977.55,60,63,0
2023-02-25,store_1,item_6,44,66.5,0,5,2,2926.0,46.55,2048.2,877.8,49,56,1
2023-02-26,store_1,item_6,69,53.2,1,6,2,3670.8,37.24,2569.56,1101.24,44,39,1
2023-02-28,store_1,item_6,66,66.5,0,1,2,4389.0,46.55,3072.3,1316.7,69,52,0
2023-03-01,store_1,item_6,64,66.5,0,2,3,4256.0,46.55,2979.2,1276.8,66,52,0
2023-03-02,store_1,item_6,64,66.5,0,3,3,4256.0,46.55,2979.2,1276.8,64,95,0
2023-03-03,store_1,item_6,52,66.5,0,4,3,3458.0,46.55,2420.6,1037.4,64,60,0
2023-03-05,store_1,item_6,47,66.5,0,6,3,3125.5,46.55,2187.85,937.65,52,49,1
2023-03-06,store_1,item_6,60,66.5,0,0,3,3990.0,46.55,2793.0,1197.0,47,44,0
2023-03-07,store_1,item_6,68,66.5,0,1,3,4522.0,46.55,3165.4,1356.6,60,69,0
2023-03-08,store_1,item_6,103,53.2,1,2,3,5479.6,37.24,3835.72,1643.88,68,66,0
2023-03-10,store_1,item_6,54,66.5,0,4,3,3591.0,46.55,2513.7,1077.3,103,64,0
2023-03-11,store_1,item_6,46,66.5,0,5,3,3059.0,46.55,2141.3,917.7,54,64,1
2023-03-12,store_1,item_6,54,66.5,0,6,3,3591.0,46.55,2513.7,1077.3,46,52,1
2023-03-13,store_1,item_6,57,66.5,0,0,3,3790.5,46.55,2653.35,1137.15,54,47,0
2023-03-15,store_1,item_6,69,66.5,0,2,3,4588.5,46.55,3211.95,1376.55,57,60,0
2023-03-16,store_1,item_6,60,66.5,0,3,3,3990.0,46.55,2793.0,1197.0,69,68,0
2023-03-17,store_1,item_6,63,66.5,0,4,3,4189.5,46.55,2932.65,1256.85,60,103,0
2023-03-18,store_1,item_6,42,66.5,0,5,3,2793.0,46.55,1955.1,837.9,63,54,1
2023-03-20,store_1,item_6,52,66.5,0,0,3,3458.0,46.55,2420.6,1037.4,42,46,0
2023-03-21,store_1,item_6,75,66.5,0,1,3,4987.5,46.55,3491.25,1496.25,52,54,0
2023-03-22,store_1,item_6,76,66.5,0,2,3,5054.0,46.55,3537.8,1516.2,75,57,0
2023-03-23,store_1,item_6,64,66.5,0,3,3,4256.0,46.55,2979.2,1276.8,76,69,0
2023-03-25,store_1,item_6,48,66.5,0,5,3,3192.0,46.55,2234.4,957.6,64,60,1
2023-03-26,store_1,item_6,68,53.2,1,6,3,3617.6,37.24,2532.32,1085.28,48,63,1
2023-03-27,store_1,item_6,63,66.5,0,0,3,4189.5,46.55,2932.65,1256.85,68,42,0
2023-03-28,store_1,item_6,71,66.5,0,1,3,4721.5,46.55,3305.05,1416.45,63,52,0
2023-03-30,store_1,item_6,64,66.5,0,3,3,4256.0,46.55,2979.2,1276.8,71,75,0
2023-03-31,store_1,item_6,80,53.2,1,4,3,4256.0,37.24,2979.2,1276.8,64,76,0
2023-04-01,store_1,item_6,46,66.5,0,5,4,3059.0,46.55,2141.3,917.7,80,64,1
2023-04-02,store_1,item_6,47,66.5,0,6,4,3125.5,46.55,2187.85,937.65,46,48,1
2023-04-04,store_1,item_6,66,66.5,0,1,4,4389.0,46.55,3072.3,1316.7,47,68,0
2023-04-05,store_1,item_6,73,66.5,0,2,4,4854.5,46.55,3398.15,1456.35,66,63,0
2023-04-06,store_1,item_6,63,66.5,0,3,4,4189.5,46.55,2932.65,1256.85,73,71,0
2023-04-07,store_1,item_6,51,66.5,0,4,4,3391.5,46.55,2374.05,1017.45,63,64,0
2023-04-09,store_1,item_6,49,66.5,0,6,4,3258.5,46.55,2280.95,977.55,51,80,1
2023-04-10,store_1,item_6,58,66.5,0,0,4,3857.0,46.55,2699.9,1157.1,49,46,0
2023-04-11,store_1,item_6,69,66.5,0,1,4,4588.5,46.55,3211.95,1376.55,58,47,0
2023-04-12,store_1,item_6,69,66.5,0,2,4,4588.5,46.55,3211.95,1376.55,69,66,0
2023-04-14,store_1,item_6,76,53.2,1,4,4,4043.2,37.24,2830.24,1212.96,69,73,0
2023-04-15,store_1,item_6,47,66.5,0,5,4,3125.5,46.55,2187.85,937.65,76,63,1
2023-04-16,store_1,item_6,77,53.2,1,6,4,4096.4,37.24,2867.48,1228.92,47,51,1
2023-04-17,store_1,item_6,58,66.5,0,0,4,3857.0,46.55,2699.9,1157.1,77,49,0
2023-04-19,store_1,item_6,67,66.5,0,2,4,4455.5,46.55,3118.85,1336.65,58,58,0
2023-04-20,store_1,item_6,58,66.5,0,3,4,3857.0,46.55,2699.9,1157.1,67,69,0
2023-04-21,store_1,item_6,56,66.5,0,4,4,3724.0,46.55,2606.8,1117.2,58,69,0
2023-04-22,store_1,item_6,48,66.5,0,5,4,3192.0,46.55,2234.4,957.6,56,76,1
2023-04-24,store_1,item_6,58,66.5,0,0,4,3857.0,46.55,2699.9,1157.1,48,47,0
2023-04-25,store_1,item_6,64,66.5,0,1,4,4256.0,46.55,2979.2,1276.8,58,77,0
2023-04-26,store_1,item_6,68,66.5,0,2,4,4522.0,46.55,3165.4,1356.6,64,58,0
2023-04-27,store_1,item_6,92,53.2,1,3,4,4894.4,37.24,3426.08,1468.32,68,67,0
2023-04-29,store_1,item_6,45,66.5,0,5,4,2992.5,46.55,2094.75,897.75,92,58,1
2023-04-30,store_1,item_6,51,66.5,0,6,4,3391.5,46.55,2374.05,1017.45,45,56,1
2023-05-01,store_1,item_6,63,66.5,0,0,5,4189.5,46.55,2932.65,1256.85,51,48,0
2023-05-02,store_1,item_6,63,66.5,0,1,5,4189.5,46.55,2932.65,1256.85,63,58,0
2023-05-04,store_1,item_6,62,66.5,0,3,5,4123.0,46.55,2886.1,1236.9,63,64,0
2023-05-05,store_1,item_6,49,66.5,0,4,5,3258.5,46.55,2280.95,977.55,62,68,0
2023-05-06,store_1,item_6,68,53.2,1,5,5,3617.6,37.24,2532.32,1085.28,49,92,1
2023-05-07,store_1,item_6,48,66.5,0,6,5,3192.0,46.55,2234.4,957.6,68,45,1
2023-05-09,store_1,item_6,67,66.5,0,1,5,4455.5,46.55,3118.85,1336.65,48,51,0
2023-05-10,store_1,item_6,67,66.5,0,2,5,4455.5,46.55,3118.85,1336.65,67,63,0
2023-05-11,store_1,item_6,52,66.5,0,3,5,3458.0,46.55,2420.6,1037.4,67,63,0
2023-05-12,store_1,item_6,48,66.5,0,4,5,3192.0,46.55,2234.4,957.6,52,62,0
2023-05-14,store_1,item_6,48,66.5,0,6,5,3192.0,46.55,2234.4,957.6,48,49,1
2023-05-15,store_1,item_6,46,66.5,0,0,5,3059.0,46.55,2141.3,917.7,48,68,0
2023-05-16,store_1,item_6,91,53.2,1,1,5,4841.2,37.24,3388.84,1452.36,46,48,0
2023-05-17,store_1,item_6,159,66.5,0,2,5,10573.5,46.55,7401.45,3172.05,91,67,0
2023-05-19,store_1,item_6,42,66.5,0,4,5,2793.0,46.55,1955.1,837.9,159,67,0
2023-05-20,store_1,item_6,47,66.5,0,5,5,3125.5,46.55,2187.85,937.65,42,52,1
2023-05-21,store_1,item_6,48,66.5,0,6,5,3192.0,46.55,2234.4,957.6,47,48,1
2023-05-22,store_1,item_6,51,66.5,0,0,5,3391.5,46.55,2374.05,1017.45,48,48,0
2023-05-24,store_1,item_6,62,66.5,0,2,5,4123.0,46.55,2886.1,1236.9,51,46,0
2023-05-25,store_1,item_6,56,66.5,0,3,5,3724.0,46.55,2606.8,1117.2,62,91,0
2023-05-26,store_1,item_6,47,66.5,0,4,5,3125.5,46.55,2187.85,937.65,56,159,0
2023-05-27,store_1,item_6,37,66.5,0,5,5,2460.5,46.55,1722.35,738.15,47,42,1
2023-05-29,store_1,item_6,54,66.5,0,0,5,3591.0,46.55,2513.7,1077.3,37,47,0
2023-05-30,store_1,item_6,59,66.5,0,1,5,3923.5,46.55,2746.45,1177.05,54,48,0
2023-05-31,store_1,item_6,65,66.5,0,2,5,4322.5,46.55,3025.75,1296.75,59,51,0
2023-06-01,store_1,item_6,52,66.5,0,3,6,3458.0,46.55,2420.6,1037.4,65,62,0
2023-06-03,store_1,item_6,43,66.5,0,5,6,2859.5,46.55,2001.65,857.85,52,56,1
2023-06-04,store_1,item_6,63,53.2,1,6,6,3351.6,37.24,2346.12,1005.48,43,47,1
2023-06-05,store_1,item_6,52,66.5,0,0,6,3458.0,46.55,2420.6,1037.4,63,37,0
2023-06-06,store_1,item_6,56,66.5,0,1,6,3724.0,46.55,2606.8,1117.2,52,54,0
2023-06-08,store_1,item_6,57,66.5,0,3,6,3790.5,46.55,2653.35,1137.15,56,59,0
2023-06-09,store_1,item_6,47,66.5,0,4,6,3125.5,46.55,2187.85,937.65,57,65,0
2023-06-10,store_1,item_6,39,66.5,0,5,6,2593.5,46.55,1815.45,778.05,47,52,1
2023-06-11,store_1,item_6,45,66.5,0,6,6,2992.5,46.55,2094.75,897.75,39,43,1
2023-06-13,store_1,item_6,62,66.5,0,1,6,4123.0,46.55,2886.1,1236.9,45,63,0
2023-06-14,store_1,item_6,57,66.5,0,2,6,3790.5,46.55,2653.35,1137.15,62,52,0
2023-06-15,store_1,item_6,83,53.2,1,3,6,4415.6,37.24,3090.92,1324.68,57,56,0
2023-06-16,store_1,item_6,71,53.2,1,4,6,3777.2,37.24,2644.04,1133.16,83,57,0
2023-06-18,store_1,item_6,45,66.5,0,6,6,2992.5,46.55,2094.75,897.75,71,47,1
2023-06-19,store_1,item_6,49,66.5,0,0,6,3258.5,46.55,2280.95,977.55,45,39,0
2023-06-20,store_1,item_6,52,66.5,0,1,6,3458.0,46.55,2420.6,1037.4,49,45,0
2023-06-21,store_1,item_6,55,66.5,0,2,6,3657.5,46.55,2560.25,1097.25,52,62,0
2023-06-23,store_1,item_6,43,66.5,0,4,6,2859.5,46.55,2001.65,857.85,55,57,0
2023-06-24,store_1,item_6,37,66.5,0,5,6,2460.5,46.55,1722.35,738.15,43,83,1
2023-06-25,store_1,item_6,40,66.5,0,6,6,2660.0,46.55,1862.0,798.0,37,71,1
2023-06-26,store_1,item_6,51,66.5,0,0,6,3391.5,46.55,2374.05,1017.45,40,45,0
2023-06-28,store_1,item_6,54,66.5,0,2,6,3591.0,46.55,2513.7,1077.3,51,49,0
2023-06-29,store_1,item_6,49,66.5,0,3,6,3258.5,46.55,2280.95,977.55,54,52,0
2023-06-30,store_1,item_6,57,53.2,1,4,6,3032.4,37.24,2122.68,909.72,49,55,0
2023-07-01,store_1,item_6,39,66.5,0,5,7,2593.5,46.55,1815.45,778.05,57,43,1
2023-07-03,store_1,item_6,45,66.5,0,0,7,2992.5,46.55,2094.75,897.75,39,37,0
2023-07-04,store_1,item_6,51,66.5,0,1,7,3391.5,46.55,2374.05,1017.45,45,40,0
2023-07-05,store_1,item_6,54,66.5,0,2,7,3591.0,46.55,2513.7,1077.3,51,51,0
2023-07-06,store_1,item_6,44,66.5,0,3,7,2926.0,46.55,2048.2,877.8,54,54,0
2023-07-08,store_1,item_6,34,66.5,0,5,7,2261.0,46.55,1582.7,678.3,44,49,1
2023-07-09,store_1,item_6,37,66.5,0,6,7,2460.5,46.55,1722.35,738.15,34,57,1
2023-07-10,store_1,item_6,40,66.5,0,0,7,2660.0,46.55,1862.0,798.0,37,39,0
2023-07-11,store_1,item_6,51,66.5,0,1,7,3391.5,46.55,2374.05,1017.45,40,45,0
2023-07-13,store_1,item_6,43,66.5,0,3,7,2859.5,46.55,2001.65,857.85,51,51,0
2023-07-14,store_1,item_6,42,66.5,0,4,7,2793.0,46.55,1955.1,837.9,43,54,0
2023-07-15,store_1,item_6,33,66.5,0,5,7,2194.5,46.55,1536.15,658.35,42,44,1
2023-07-16,store_1,item_6,34,66.5,0,6,7,2261.0,46.55,1582.7,678.3,33,34,1
2023-07-18,store_1,item_6,51,66.5,0,1,7,3391.5,46.55,2374.05,1017.45,34,37,0
2023-07-19,store_1,item_6,48,66.5,0,2,7,3192.0,46.55,2234.4,957.6,51,40,0
2023-07-20,store_1,item_6,68,53.2,1,3,7,3617.6,37.24,2532.32,1085.28,48,51,0
2023-07-21,store_1,item_6,40,66.5,0,4,7,2660.0,46.55,1862.0,798.0,68,43,0
2023-07-23,store_1,item_6,35,66.5,0,6,7,2327.5,46.55,1629.25,698.25,40,42,1
2023-07-24,store_1,item_6,42,66.5,0,0,7,2793.0,46.55,1955.1,837.9,35,33,0
2023-07-25,store_1,item_6,44,66.5,0,1,7,2926.0,46.55,2048.2,877.8,42,34,0
2023-07-26,store_1,item_6,67,53.2,1,2,7,3564.4,37.24,2495.08,1069.32,44,51,0
2023-07-28,store_1,item_6,34,66.5,0,4,7,2261.0,46.55,1582.7,678.3,67,48,0
2023-07-29,store_1,item_6,29,66.5,0,5,7,1928.5,46.55,1349.95,578.55,34,68,1
2023-07-30,store_1,item_6,35,66.5,0,6,7,2327.5,46.55,1629.25,698.25,29,40,1
2023-07-31,store_1,item_6,39,66.5,0,0,7,2593.5,46.55,1815.45,778.05,35,35,0
2023-08-02,store_1,item_6,42,66.5,0,2,8,2793.0,46.55,1955.1,837.9,39,42,0
2023-08-03,store_1,item_6,60,53.2,1,3,8,3192.0,37.24,2234.4,957.6,42,44,0
2023-08-04,store_1,item_6,40,66.5,0,4,8,2660.0,46.55,1862.0,798.0,60,67,0
2023-08-05,store_1,item_6,29,66.5,0,5,8,1928.5,46.55,1349.95,578.55,40,34,1
2023-08-07,store_1,item_6,38,66.5,0,0,8,2527.0,46.55,1768.9,758.1,29,29,0
2023-08-08,store_1,item_6,40,66.5,0,1,8,2660.0,46.55,1862.0,798.0,38,35,0
2023-08-09,store_1,item_6,49,66.5,0,2,8,3258.5,46.55,2280.95,977.55,40,39,0
2023-08-10,store_1,item_6,40,66.5,0,3,8,2660.0,46.55,1862.0,798.0,49,42,0
2023-08-12,store_1,item_6,33,66.5,0,5,8,2194.5,46.55,1536.15,658.35,40,60,1
2023-08-13,store_1,item_6,34,66.5,0,6,8,2261.0,46.55,1582.7,678.3,33,40,1
2023-08-14,store_1,item_6,42,66.5,0,0,8,2793.0,46.55,1955.1,837.9,34,29,0
2023-08-15,store_1,item_6,41,66.5,0,1,8,2726.5,46.55,1908.55,817.95,42,38,0
2023-08-17,store_1,item_6,41,66.5,0,3,8,2726.5,46.55,1908.55,817.95,41,40,0
2023-08-18,store_1,item_6,38,66.5,0,4,8,2527.0,46.55,1768.9,758.1,41,49,0
2023-08-19,store_1,item_6,32,66.5,0,5,8,2128.0,46.55,1489.6,638.4,38,40,1
2023-08-20,store_1,item_6,28,66.5,0,6,8,1862.0,46.55,1303.4,558.6,32,33,1
2023-08-22,store_1,item_6,35,66.5,0,1,8,2327.5,46.55,1629.25,698.25,28,34,0
2023-08-23,store_1,item_6,36,66.5,0,2,8,2394.0,46.55,1675.8,718.2,35,42,0
2023-08-24,store_1,item_6,36,66.5,0,3,8,2394.0,46.55,1675.8,718.2,36,41,0
2023-08-25,store_1,item_6,35,66.5,0,4,8,2327.5,46.55,1629.25,698.25,36,41,0
2023-08-27,store_1,item_6,27,66.5,0,6,8,1795.5,46.55,1256.85,538.65,35,38,1
2023-08-28,store_1,item_6,54,53.2,1,0,8,2872.8,37.24,2010.96,861.84,27,32,0
2023-08-29,store_1,item_6,37,66.5,0,1,8,2460.5,46.55,1722.35,738.15,54,28,0
2023-08-30,store_1,item_6,46,66.5,0,2,8,3059.0,46.55,2141.3,917.7,37,35,0
2023-09-01,store_1,item_6,34,66.5,0,4,9,2261.0,46.55,1582.7,678.3,46,36,0
2023-09-02,store_1,item_6,27,66.5,0,5,9,1795.5,46.55,1256.85,538.65,34,36,1
2023-09-03,store_1,item_6,28,66.5,0,6,9,1862.0,46.55,1303.4,558.6,27,35,1
2023-09-04,store_1,item_6,37,66.5,0,0,9,2460.5,46.55,1722.35,738.15,28,27,0
2023-09-06,store_1,item_6,44,66.5,0,2,9,2926.0,46.55,2048.2,877.8,37,54,0
2023-09-07,store_1,item_6,34,66.5,0,3,9,2261.0,46.55,1582.7,678.3,44,37,0
2023-09-08,store_1,item_6,26,66.5,0,4,9,1729.0,46.55,1210.3,518.7,34,46,0
2023-09-09,store_1,item_6,21,66.5,0,5,9,1396.5,46.55,977.55,418.95,26,34,1
2023-09-11,store_1,item_6,36,66.5,0,0,9,2394.0,46.55,1675.8,718.2,21,27,0
2023-09-12,store_1,item_6,37,66.5,0,1,9,2460.5,46.55,1722.35,738.15,36,28,0
2023-09-13,store_1,item_6,40,66.5,0,2,9,2660.0,46.55,1862.0,798.0,37,37,0
2023-09-14,store_1,item_6,39,66.5,0,3,9,2593.5,46.55,1815.45,778.05,40,44,0
2023-09-16,store_1,item_6,21,66.5,0,5,9,1396.5,46.55,977.55,418.95,39,34,1
2023-09-17,store_1,item_6,36,53.2,1,6,9,1915.2,37.24,1340.64,574.56,21,26,1
2023-09-18,store_1,item_6,29,66.5,0,0,9,1928.5,46.55,1349.95,578.55,36,21,0
2023-09-19,store_1,item_6,38,66.5,0,1,9,2527.0,46.55,1768.9,758.1,29,36,0
2023-09-21,store_1,item_6,38,66.5,0,3,9,2527.0,46.55,1768.9,758.1,38,37,0
2023-09-22,store_1,item_6,40,53.2,1,4,9,2128.0,37.24,1489.6,638.4,38,40,0
2023-09-23,store_1,item_6,24,66.5,0,5,9,1596.0,46.55,1117.2,478.8,40,39,1
2023-09-24,store_1,item_6,22,66.5,0,6,9,1463.0,46.55,1024.1,438.9,24,21,1
2023-09-26,store_1,item_6,37,66.5,0,1,9,2460.5,46.55,1722.35,738.15,22,36,0
2023-09-27,store_1,item_6,61,53.2,1,2,9,3245.2,37.24,2271.64,973.56,37,29,0
2023-09-28,store_1,item_6,35,66.5,0,3,9,2327.5,46.55,1629.25,698.25,61,38,0
2023-09-29,store_1,item_6,32,66.5,0,4,9,2128.0,46.55,1489.6,638.4,35,38,0
2023-10-01,store_1,item_6,42,53.2,1,6,10,2234.4,37.24,1564.08,670.32,32,40,1
2023-10-02,store_1,item_6,29,66.5,0,0,10,1928.5,46.55,1349.95,578.55,42,24,0
2023-10-03,store_1,item_6,57,53.2,1,1,10,3032.4,37.24,2122.68,909.72,29,22,0
2023-10-04,store_1,item_6,43,66.5,0,2,10,2859.5,46.55,2001.65,857.85,57,37,0
2023-10-06,store_1,item_6,31,66.5,0,4,10,2061.5,46.55,1443.05,618.45,43,61,0
2023-10-07,store_1,item_6,28,66.5,0,5,10,1862.0,46.55,1303.4,558.6,31,35,1
2023-10-08,store_1,item_6,26,66.5,0,6,10,1729.0,46.55,1210.3,518.7,28,32,1
2023-10-09,store_1,item_6,35,66.5,0,0,10,2327.5,46.55,1629.25,698.25,26,42,0
2023-10-11,store_1,item_6,40,66.5,0,2,10,2660.0,46.55,1862.0,798.0,35,29,0
2023-10-12,store_1,item_6,35,66.5,0,3,10,2327.5,46.55,1629.25,698.25,40,57,0
2023-10-13,store_1,item_6,30,66.5,0,4,10,1995.0,46.55,1396.5,598.5,35,43,0
2023-10-14,store_1,item_6,29,66.5,0,5,10,1928.5,46.55,1349.95,578.55,30,31,1
2023-10-16,store_1,item_6,35,66.5,0,0,10,2327.5,46.55,1629.25,698.25,29,28,0
2023-10-17,store_1,item_6,59,53.2,1,1,10,3138.8,37.24,2197.16,941.64,35,26,0
2023-10-18,store_1,item_6,38,66.5,0,2,10,2527.0,46.55,1768.9,758.1,59,35,0
2023-10-19,store_1,item_6,36,66.5,0,3,10,2394.0,46.55,1675.8,718.2,38,40,0
2023-10-21,store_1,item_6,24,66.5,0,5,10,1596.0,46.55,1117.2,478.8,36,35,1
2023-10-22,store_1,item_6,29,66.5,0,6,10,1928.5,46.55,1349.95,578.55,24,30,1
2023-10-23,store_1,item_6,41,66.5,0,0,10,2726.5,46.55,1908.55,817.95,29,29,0
2023-10-24,store_1,item_6,41,66.5,0,1,10,2726.5,46.55,1908.55,817.95,41,35,0
2023-10-26,store_1,item_6,39,66.5,0,3,10,2593.5,46.55,1815.45,778.05,41,59,0
2023-10-27,store_1,item_6,32,66.5,0,4,10,2128.0,46.55,1489.6,638.4,39,38,0
2023-10-28,store_1,item_6,36,53.2,1,5,10,1915.2,37.24,1340.64,574.56,32,36,1
2023-10-29,store_1,item_6,42,53.2,1,6,10,2234.4,37.24,1564.08,670.32,36,24,1
2023-10-31,store_1,item_6,40,66.5,0,1,10,2660.0,46.55,1862.0,798.0,42,29,0
2023-11-01,store_1,item_6,41,66.5,0,2,11,2726.5,46.55,1908.55,817.95,40,41,0
2023-11-02,store_1,item_6,38,66.5,0,3,11,2527.0,46.55,1768.9,758.1,41,41,0
2023-11-03,store_1,item_6,29,66.5,0,4,11,1928.5,46.55,1349.95,578.55,38,39,0
2023-11-05,store_1,item_6,29,66.5,0,6,11,1928.5,46.55,1349.95,578.55,29,32,1
2023-11-06,store_1,item_6,38,66.5,0,0,11,2527.0,46.55,1768.9,758.1,29,36,0
2023-11-07,store_1,item_6,38,66.5,0,1,11,2527.0,46.55,1768.9,758.1,38,42,0
2023-11-08,store_1,item_6,41,66.5,0,2,11,2726.5,46.55,1908.55,817.95,38,40,0
2023-11-10,store_1,item_6,37,66.5,0,4,11,2460.5,46.55,1722.35,738.15,41,41,0
2023-11-11,store_1,item_6,45,53.2,1,5,11,2394.0,37.24,1675.8,718.2,37,38,1
2023-11-12,store_1,item_6,27,66.5,0,6,11,1795.5,46.55,1256.85,538.65,45,29,1
2023-11-13,store_1,item_6,37,66.5,0,0,11,2460.5,46.55,1722.35,738.15,27,29,0
2023-11-15,store_1,item_6,44,66.5,0,2,11,2926.0,46.55,2048.2,877.8,37,38,0
2023-11-16,store_1,item_6,44,66.5,0,3,11,2926.0,46.55,2048.2,877.8,44,38,0
2023-11-17,store_1,item_6,28,66.5,0,4,11,1862.0,46.55,1303.4,558.6,44,41,0
2023-11-18,store_1,item_6,27,66.5,0,5,11,1795.5,46.55,1256.85,538.65,28,37,1
2023-11-20,store_1,item_6,36,66.5,0,0,11,2394.0,46.55,1675.8,718.2,27,45,0
2023-11-21,store_1,item_6,44,66.5,0,1,11,2926.0,46.55,2048.2,877.8,36,27,0
2023-11-22,store_1,item_6,45,66.5,0,2,11,2992.5,46.55,2094.75,897.75,44,37,0
2023-11-23,store_1,item_6,36,66.5,0,3,11,2394.0,46.55,1675.8,718.2,45,44,0
2023-11-25,store_1,item_6,42,53.2,1,5,11,2234.4,37.24,1564.08,670.32,36,44,1
2023-11-26,store_1,item_6,33,66.5,0,6,11,2194.5,46.55,1536.15,658.35,42,28,1
2023-11-27,store_1,item_6,37,66.5,0,0,11,2460.5,46.55,1722.35,738.15,33,27,0
2023-11-28,store_1,item_6,52,66.5,0,1,11,3458.0,46.55,2420.6,1037.4,37,36,0
2023-11-30,store_1,item_6,44,66.5,0,3,11,2926.0,46.55,2048.2,877.8,52,44,0
2023-12-01,store_1,item_6,38,66.5,0,4,12,2527.0,46.55,1768.9,758.1,44,45,0
2023-12-02,store_1,item_6,33,66.5,0,5,12,2194.5,46.55,1536.15,658.35,38,36,1
2023-12-03,store_1,item_6,34,66.5,0,6,12,2261.0,46.55,1582.7,678.3,33,42,1
2023-12-05,store_1,item_6,70,53.2,1,1,12,3724.0,37.24,2606.8,1117.2,34,33,0
2023-12-06,store_1,item_6,43,66.5,0,2,12,2859.5,46.55,2001.65,857.85,70,37,0
2023-12-07,store_1,item_6,46,66.5,0,3,12,3059.0,46.55,2141.3,917.7,43,52,0
2023-12-08,store_1,item_6,46,66.5,0,4,12,3059.0,46.55,2141.3,917.7,46,44,0
2023-12-10,store_1,item_6,36,66.5,0,6,12,2394.0,46.55,1675.8,718.2,46,38,1
2023-12-11,store_1,item_6,37,66.5,0,0,12,2460.5,46.55,1722.35,738.15,36,33,0
2023-12-12,store_1,item_6,46,66.5,0,1,12,3059.0,46.55,2141.3,917.7,37,34,0
2023-12-13,store_1,item_6,53,66.5,0,2,12,3524.5,46.55,2467.15,1057.35,46,70,0
2023-12-15,store_1,item_6,37,66.5,0,4,12,2460.5,46.55,1722.35,738.15,53,43,0
2023-12-16,store_1,item_6,36,66.5,0,5,12,2394.0,46.55,1675.8,718.2,37,46,1
2023-12-17,store_1,item_6,39,66.5,0,6,12,2593.5,46.55,1815.45,778.05,36,46,1
2023-12-18,store_1,item_6,43,66.5,0,0,12,2859.5,46.55,2001.65,857.85,39,36,0
2023-12-20,store_1,item_6,79,53.2,1,2,12,4202.8,37.24,2941.96,1260.84,43,37,0
2023-12-21,store_1,item_6,44,66.5,0,3,12,2926.0,46.55,2048.2,877.8,79,46,0
2023-12-22,store_1,item_6,40,66.5,0,4,12,2660.0,46.55,1862.0,798.0,44,53,0
2023-12-23,store_1,item_6,37,66.5,0,5,12,2460.5,46.55,1722.35,738.15,40,37,1
2023-12-25,store_1,item_6,39,66.5,0,0,12,2593.5,46.55,1815.45,778.05,37,36,0
2023-12-26,store_1,item_6,83,53.2,1,1,12,4415.6,37.24,3090.92,1324.68,39,39,0
2023-12-27,store_1,item_6,51,66.5,0,2,12,3391.5,46.55,2374.05,1017.45,83,43,0
2023-12-28,store_1,item_6,50,66.5,0,3,12,3325.0,46.55,2327.5,997.5,51,79,0
2023-12-30,store_1,item_6,36,66.5,0,5,12,2394.0,46.55,1675.8,718.2,50,44,1
2023-12-31,store_1,item_6,40,66.5,0,6,12,2660.0,46.55,1862.0,798.0,36,40,1
2023-01-03,store_2,item_6,74,53.2,1,1,1,3936.8,37.24,2755.76,1181.04,0,0,0
2023-01-08,store_2,item_6,32,66.5,0,6,1,2128.0,46.55,1489.6,638.4,74,0,1
2023-01-13,store_2,item_6,36,66.5,0,4,1,2394.0,46.55,1675.8,718.2,32,0,0
2023-01-18,store_2,item_6,53,66.5,0,2,1,3524.5,46.55,2467.15,1057.35,36,0,0
2023-01-23,store_2,item_6,41,66.5,0,0,1,2726.5,46.55,1908.55,817.95,53,0,0
2023-01-28,store_2,item_6,34,66.5,0,5,1,2261.0,46.55,1582.7,678.3,41,0,1
2023-02-02,store_2,item_6,52,66.5,0,3,2,3458.0,46.55,2420.6,1037.4,34,0,0
2023-02-07,store_2,item_6,60,66.5,0,1,2,3990.0,46.55,2793.0,1197.0,52,74,0
2023-02-12,store_2,item_6,43,66.5,0,6,2,2859.5,46.55,2001.65,857.85,60,32,1
2023-02-17,store_2,item_6,44,66.5,0,4,2,2926.0,46.55,2048.2,877.8,43,36,0
2023-02-22,store_2,item_6,63,66.5,0,2,2,4189.5,46.55,2932.65,1256.85,44,53,0
2023-02-27,store_2,item_6,51,66.5,0,0,2,3391.5,46.55,2374.05,1017.45,63,41,0
2023-03-04,store_2,item_6,40,66.5,0,5,3,2660.0,46.55,1862.0,798.0,51,34,1
2023-03-09,store_2,item_6,55,66.5,0,3,3,3657.5,46.55,2560.25,1097.25,40,52,0
2023-03-14,store_2,item_6,66,66.5,0,1,3,4389.0,46.55,3072.3,1316.7,55,60,0
2023-03-19,store_2,item_6,40,66.5,0,6,3,2660.0,46.55,1862.0,798.0,66,43,1
2023-03-24,store_2,item_6,75,53.2,1,4,3,3990.0,37.24,2793.0,1197.0,40,44,0
2023-03-29,store_2,item_6,61,66.5,0,2,3,4056.5,46.55,2839.55,1216.95,75,63,0
2023-04-03,store_2,item_6,158,66.5,0,0,4,10507.0,46.55,7354.9,3152.1,61,51,0
2023-04-08,store_2,item_6,43,66.5,0,5,4,2859.5,46.55,2001.65,857.85,158,40,1
2023-04-13,store_2,item_6,57,66.5,0,3,4,3790.5,46.55,2653.35,1137.15,43,55,0
2023-04-18,store_2,item_6,60,66.5,0,1,4,3990.0,46.55,2793.0,1197.0,57,66,0
2023-04-23,store_2,item_6,69,53.2,1,6,4,3670.8,37.24,2569.56,1101.24,60,40,1
2023-04-28,store_2,item_6,47,66.5,0,4,4,3125.5,46.55,2187.85,937.65,69,75,0
2023-05-03,store_2,item_6,62,66.5,0,2,5,4123.0,46.55,2886.1,1236.9,47,61,0
2023-05-08,store_2,item_6,77,53.2,1,0,5,4096.4,37.24,2867.48,1228.92,62,158,0
2023-05-13,store_2,item_6,65,53.2,1,5,5,3458.0,37.24,2420.6,1037.4,77,43,1
2023-05-18,store_2,item_6,53,66.5,0,3,5,3524.5,46.55,2467.15,1057.35,65,57,0
2023-05-23,store_2,item_6,61,66.5,0,1,5,4056.5,46.55,2839.55,1216.95,53,60,0
2023-05-28,store_2,item_6,42,66.5,0,6,5,2793.0,46.55,1955.1,837.9,61,69,1
2023-06-02,store_2,item_6,45,66.5,0,4,6,2992.5,46.55,2094.75,897.75,42,47,0
2023-06-07,store_2,item_6,86,53.2,1,2,6,4575.2,37.24,3202.64,1372.56,45,62,0
2023-06-12,store_2,item_6,49,66.5,0,0,6,3258.5,46.55,2280.95,977.55,86,77,0
2023-06-17,store_2,item_6,35,66.5,0,5,6,2327.5,46.55,1629.25,698.25,49,65,1
2023-06-22,store_2,item_6,43,66.5,0,3,6,2859.5,46.55,2001.65,857.85,35,53,0
2023-06-27,store_2,item_6,50,66.5,0,1,6,3325.0,46.55,2327.5,997.5,43,61,0
2023-07-02,store_2,item_6,35,66.5,0,6,7,2327.5,46.55,1629.25,698.25,50,42,1
2023-07-07,store_2,item_6,37,66.5,0,4,7,2460.5,46.55,1722.35,738.15,35,45,0
2023-07-12,store_2,item_6,47,66.5,0,2,7,3125.5,46.55,2187.85,937.65,37,86,0
2023-07-17,store_2,item_6,40,66.5,0,0,7,2660.0,46.55,1862.0,798.0,47,49,0
2023-07-22,store_2,item_6,34,66.5,0,5,7,2261.0,46.55,1582.7,678.3,40,35,1
2023-07-27,store_2,item_6,41,66.5,0,3,7,2726.5,46.55,1908.55,817.95,34,43,0
2023-08-01,store_2,item_6,41,66.5,0,1,8,2726.5,46.55,1908.55,817.95,41,50,0
2023-08-06,store_2,item_6,29,66.5,0,6,8,1928.5,46.55,1349.95,578.55,41,35,1
2023-08-11,store_2,item_6,30,66.5,0,4,8,1995.0,46.55,1396.5,598.5,29,37,0
2023-08-16,store_2,item_6,46,66.5,0,2,8,3059.0,46.55,2141.3,917.7,30,47,0
2023-08-21,store_2,item_6,30,66.5,0,0,8,1995.0,46.55,1396.5,598.5,46,40,0
2023-08-26,store_2,item_6,24,66.5,0,5,8,1596.0,46.55,1117.2,478.8,30,34,1
2023-08-31,store_2,item_6,33,66.5,0,3,8,2194.5,46.55,1536.15,658.35,24,41,0
2023-09-05,store_2,item_6,36,66.5,0,1,9,2394.0,46.55,1675.8,718.2,33,41,0
2023-09-10,store_2,item_6,29,66.5,0,6,9,1928.5,46.55,1349.95,578.55,36,29,1
2023-09-15,store_2,item_6,40,53.2,1,4,9,2128.0,37.24,1489.6,638.4,29,30,0
2023-09-20,store_2,item_6,33,66.5,0,2,9,2194.5,46.55,1536.15,658.35,40,46,0
2023-09-25,store_2,item_6,29,66.5,0,0,9,1928.5,46.55,1349.95,578.55,33,30,0
2023-09-30,store_2,item_6,27,66.5,0,5,9,1795.5,46.55,1256.85,538.65,29,24,1
2023-10-05,store_2,item_6,31,66.5,0,3,10,2061.5,46.55,1443.05,618.45,27,33,0
2023-10-10,store_2,item_6,33,66.5,0,1,10,2194.5,46.55,1536.15,658.35,31,36,0
2023-10-15,store_2,item_6,20,66.5,0,6,10,1330.0,46.55,931.0,399.0,33,29,1
2023-10-20,store_2,item_6,25,66.5,0,4,10,1662.5,46.55,1163.75,498.75,20,40,0
2023-10-25,store_2,item_6,34,66.5,0,2,10,2261.0,46.55,1582.7,678.3,25,33,0
2023-10-30,store_2,item_6,31,66.5,0,0,10,2061.5,46.55,1443.05,618.45,34,29,0
2023-11-04,store_2,item_6,25,66.5,0,5,11,1662.5,46.55,1163.75,498.75,31,27,1
2023-11-09,store_2,item_6,34,66.5,0,3,11,2261.0,46.55,1582.7,678.3,25,31,0
2023-11-14,store_2,item_6,36,66.5,0,1,11,2394.0,46.55,1675.8,718.2,34,33,0
2023-11-19,store_2,item_6,29,66.5,0,6,11,1928.5,46.55,1349.95,578.55,36,20,1
2023-11-24,store_2,item_6,34,66.5,0,4,11,2261.0,46.55,1582.7,678.3,29,25,0
2023-11-29,store_2,item_6,78,66.5,0,2,11,5187.0,46.55,3630.9,1556.1,34,34,0
2023-12-04,store_2,item_6,34,66.5,0,0,12,2261.0,46.55,1582.7,678.3,78,31,0
2023-12-09,store_2,item_6,31,66.5,0,5,12,2061.5,46.55,1443.05,618.45,34,25,1
2023-12-14,store_2,item_6,39,66.5,0,3,12,2593.5,46.55,1815.45,778.05,31,34,0
2023-12-19,store_2,item_6,47,66.5,0,1,12,3125.5,46.55,2187.85,937.65,39,36,0
2023-12-24,store_2,item_6,35,66.5,0,6,12,2327.5,46.55,1629.25,698.25,47,29,1
2023-12-29,store_2,item_6,40,66.5,0,4,12,2660.0,46.55,1862.0,798.0,35,34,0
2023-01-02,store_1,item_7,14,65.21,0,0,1,912.94,45.65,639.1,273.84,0,0,0
2023-01-03,store_1,item_7,21,65.21,0,1,1,1369.41,45.65,958.65,410.76,14,0,0
2023-01-04,store_1,item_7,17,65.21,0,2,1,1108.57,45.65,776.05,332.52,21,0,0
2023-01-05,store_1,item_7,30,52.17,1,3,1,1565.1,36.52,1095.6,469.5,17,0,0
2023-01-07,store_1,item_7,16,65.21,0,5,1,1043.36,45.65,730.4,312.96,30,0,1
2023-01-08,store_1,item_7,13,65.21,0,6,1,847.73,45.65,593.45,254.28,16,0,1
2023-01-09,store_1,item_7,16,65.21,0,0,1,1043.36,45.65,730.4,312.96,13,0,0
2023-01-10,store_1,item_7,22,65.21,0,1,1,1434.62,45.65,1004.3,430.32,16,14,0
2023-01-12,store_1,item_7,22,65.21,0,3,1,1434.62,45.65,1004.3,430.32,22,21,0
2023-01-13,store_1,item_7,17,65.21,0,4,1,1108.57,45.65,776.05,332.52,22,17,0
2023-01-14,store_1,item_7,15,65.21,0,5,1,978.15,45.65,684.75,293.4,17,30,1
2023-01-15,store_1,item_7,12,65.21,0,6,1,782.52,45.65,547.8,234.72,15,16,1
2023-01-17,store_1,item_7,16,65.21,0,1,1,1043.36,45.65,730.4,312.96,12,13,0
2023-01-18,store_1,item_7,30,52.17,1,2,1,1565.1,36.52,1095.6,469.5,16,16,0
2023-01-19,store_1,item_7,19,65.21,0,3,1,1238.99,45.65,867.35,371.64,30,22,0
2023-01-20,store_1,item_7,9,65.21,0,4,1,586.89,45.65,410.85,176.04,19,22,0
2023-01-22,store_1,item_7,22,52.17,1,6,1,1147.74,36.52,803.44,344.3,9,17,1
2023-01-23,store_1,item_7,25,52.17,1,0,1,1304.25,36.52,913.0,391.25,22,15,0
2023-01-24,store_1,item_7,20,65.21,0,1,1,1304.2,45.65,913.0,391.2,25,12,0
2023-01-25,store_1,item_7,16,65.21,0,2,1,1043.36,45.65,730.4,312.96,20,16,0
2023-01-27,store_1,item_7,26,52.17,1,4,1,1356.42,36.52,949.52,406.9,16,30,0
2023-01-28,store_1,item_7,14,65.21,0,5,1,912.94,45.65,639.1,273.84,26,19,1
2023-01-29,store_1,item_7,15,65.21,0,6,1,978.15,45.65,684.75,293.4,14,9,1
2023-01-30,store_1,item_7,24,52.17,1,0,1,1252.08,36.52,876.48,375.6,15,22,0
2023-02-01,store_1,item_7,14,65.21,0,2,2,912.94,45.65,639.1,273.84,24,25,0
2023-02-02,store_1,item_7,21,65.21,0,3,2,1369.41,45.65,958.65,410.76,14,20,0
2023-02-03,store_1,item_7,21,65.21,0,4,2,1369.41,45.65,958.65,410.76,21,16,0
2023-02-04,store_1,item_7,11,65.21,0,5,2,717.31,45.65,502.15,215.16,21,26,1
2023-02-06,store_1,item_7,19,65.21,0,0,2,1238.99,45.65,867.35,371.64,11,14,0
2023-02-07,store_1,item_7,25,65.21,0,1,2,1630.25,45.65,1141.25,489.0,19,15,0
2023-02-08,store_1,item_7,21,65.21,0,2,2,1369.41,45.65,958.65,410.76,25,24,0
2023-02-09,store_1,item_7,25,52.17,1,3,2,1304.25,36.52,913.0,391.25,21,14,0
2023-02-11,store_1,item_7,11,65.21,0,5,2,717.31,45.65,502.15,215.16,25,21,1
2023-02-12,store_1,item_7,13,65.21,0,6,2,847.73,45.65,593.45,254.28,11,21,1
2023-02-13,store_1,item_7,17,65.21,0,0,2,1108.57,45.65,776.05,332.52,13,11,0
2023-02-14,store_1,item_7,29,52.17,1,1,2,1512.93,36.52,1059.08,453.85,17,19,0
2023-02-16,store_1,item_7,20,65.21,0,3,2,1304.2,45.65,913.0,391.2,29,25,0
2023-02-17,store_1,item_7,17,65.21,0,4,2,1108.57,45.65,776.05,332.52,20,21,0
2023-02-18,store_1,item_7,11,65.21,0,5,2,717.31,45.65,502.15,215.16,17,25,1
2023-02-19,store_1,item_7,17,65.21,0,6,2,1108.57,45.65,776.05,332.52,11,11,1
2023-02-21,store_1,item_7,24,65.21,0,1,2,1565.04,45.65,1095.6,469.44,17,13,0
2023-02-22,store_1,item_7,25,65.21,0,2,2,1630.25,45.65,1141.25,489.0,24,17,0
2023-02-23,store_1,item_7,19,65.21,0,3,2,1238.99,45.65,867.35,371.64,25,29,0
2023-02-24,store_1,item_7,27,52.17,1,4,2,1408.59,36.52,986.04,422.55,19,20,0
2023-02-26,store_1,item_7,20,65.21,0,6,2,1304.2,45.65,913.0,391.2,27,17,1
2023-02-27,store_1,item_7,26,52.17,1,0,2,1356.42,36.52,949.52,406.9,20,11,0
2023-02-28,store_1,item_7,23,65.21,0,1,2,1499.83,45.65,1049.95,449.88,26,17,0
2023-03-01,store_1,item_7,22,65.21,0,2,3,1434.62,45.65,1004.3,430.32,23,24,0
2023-03-03,store_1,item_7,20,65.21,0,4,3,1304.2,45.65,913.0,391.2,22,25,0
2023-03-04,store_1,item_7,13,65.21,0,5,3,847.73,45.65,593.45,254.28,20,19,1
2023-03-05,store_1,item_7,19,52.17,1,6,3,991.23,36.52,693.88,297.35,13,27,1
2023-03-06,store_1,item_7,10,65.21,0,0,3,652.1,45.65,456.5,195.6,19,20,0
2023-03-08,store_1,item_7,27,65.21,0,2,3,1760.67,45.65,1232.55,528.12,10,26,0
2023-03-09,store_1,item_7,25,65.21,0,3,3,1630.25,45.65,1141.25,489.0,27,23,0
2023-03-10,store_1,item_7,15,65.21,0,4,3,978.15,45.65,684.75,293.4,25,22,0
2023-03-11,store_1,item_7,14,65.21,0,5,3,912.94,45.65,639.1,273.84,15,20,1
2023-03-13,store_1,item_7,15,65.21,0,0,3,978.15,45.65,684.75,293.4,14,13,0
2023-03-14,store_1,item_7,20,65.21,0,1,3,1304.2,45.65,913.0,391.2,15,19,0
2023-03-15,store_1,item_7,26,65.21,0,2,3,1695.46,45.65,1186.9,508.56,20,10,0
2023-03-16,store_1,item_7,23,65.21,0,3,3,1499.83,45.65,1049.95,449.88,26,27,0
2023-03-18,store_1,item_7,19,52.17,1,5,3,991.23,36.52,693.88,297.35,23,25,1
2023-03-19,store_1,item_7,17,65.21,0,6,3,1108.57,45.65,776.05,332.52,19,15,1
2023-03-20,store_1,item_7,13,65.21,0,0,3,847.73,45.65,593.45,254.28,17,14,0
2023-03-21,store_1,item_7,25,65.21,0,1,3,1630.25,45.65,1141.25,489.0,13,15,0
2023-03-23,store_1,item_7,17,65.21,0,3,3,1108.57,45.65,776.05,332.52,25,20,0
2023-03-24,store_1,item_7,23,65.21,0,4,3,1499.83,45.65,1049.95,449.88,17,26,0
2023-03-25,store_1,item_7,10,65.21,0,5,3,652.1,45.65,456.5,195.6,23,23,1
2023-03-26,store_1,item_7,18,65.21,0,6,3,1173.78,45.65,821.7,352.08,10,19,1
2023-03-28,store_1,item_7,19,65.21,0,1,3,1238.99,45.65,867.35,371.64,18,17,0
2023-03-29,store_1,item_7,23,65.21,0,2,3,1499.83,45.65,1049.95,449.88,19,13,0
2023-03-30,store_1,item_7,16,65.21,0,3,3,1043.36,45.65,730.4,312.96,23,25,0
2023-03-31,store_1,item_7,9,65.21,0,4,3,586.89,45.65,410.85,176.04,16,17,0
2023-04-02,store_1,item_7,15,65.21,0,6,4,978.15,45.65,684.75,293.4,9,23,1
2023-04-03,store_1,item_7,22,65.21,0,0,4,1434.62,45.65,1004.3,430.32,15,10,0
2023-04-04,store_1,item_7,23,65.21,0,1,4,1499.83,45.65,1049.95,449.88,22,18,0
2023-04-05,store_1,item_7,35,52.17,1,2,4,1825.95,36.52,1278.2,547.75,23,19,0
2023-04-07,store_1,item_7,16,65.21,0,4,4,1043.36,45.65,730.4,312.96,35,23,0
2023-04-08,store_1,item_7,13,65.21,0,5,4,847.73,45.65,593.45,254.28,16,16,1
2023-04-09,store_1,item_7,26,65.21,0,6,4,1695.46,45.65,1186.9,508.56,13,9,1
2023-04-10,store_1,item_7,18,65.21,0,0,4,1173.78,45.65,821.7,352.08,26,15,0
2023-04-12,store_1,item_7,22,65.21,0,2,4,1434.62,45.65,1004.3,430.32,18,22,0
2023-04-13,store_1,item_7,20,65.21,0,3,4,1304.2,45.65,913.0,391.2,22,23,0
2023-04-14,store_1,item_7,29,52.17,1,4,4,1512.93,36.52,1059.08,453.85,20,35,0
2023-04-15,store_1,item_7,22,52.17,1,5,4,1147.74,36.52,803.44,344.3,29,16,1
2023-04-17,store_1,item_7,21,65.21,0,0,4,1369.41,45.65,958.65,410.76,22,13,0
2023-04-18,store_1,item_7,23,65.21,0,1,4,1499.83,45.65,1049.95,449.88,21,26,0
2023-04-19,store_1,item_7,24,65.21,0,2,4,1565.04,45.65,1095.6,469.44,23,18,0
2023-04-20,store_1,item_7,23,65.21,0,3,4,1499.83,45.65,1049.95,449.88,24,22,0
2023-04-22,store_1,item_7,16,65.21,0,5,4,1043.36,45.65,730.4,312.96,23,20,1
2023-04-23,store_1,item_7,24,65.21,0,6,4,1565.04,45.65,1095.6,469.44,16,29,1
2023-04-24,store_1,item_7,15,65.21,0,0,4,978.15,45.65,684.75,293.4,24,22,0
2023-04-25,store_1,item_7,32,52.17,1,1,4,1669.44,36.52,1168.64,500.8,15,21,0
2023-04-27,store_1,item_7,21,65.21,0,3,4,1369.41,45.65,958.65,410.76,32,23,0
2023-04-28,store_1,item_7,20,65.21,0,4,4,1304.2,45.65,913.0,391.2,21,24,0
2023-04-29,store_1,item_7,16,65.21,0,5,4,1043.36,45.65,730.4,312.96,20,23,1
2023-04-30,store_1,item_7,28,52.17,1,6,4,1460.76,36.52,1022.56,438.2,16,16,1
2023-05-02,store_1,item_7,26,65.21,0,1,5,1695.46,45.65,1186.9,508.56,28,24,0
2023-05-03,store_1,item_7,26,65.21,0,2,5,1695.46,45.65,1186.9,508.56,26,15,0
2023-05-04,store_1,item_7,27,52.17,1,3,5,1408.59,36.52,986.04,422.55,26,32,0
2023-05-05,store_1,item_7,19,65.21,0,4,5,1238.99,45.65,867.35,371.64,27,21,0
2023-05-07,store_1,item_7,14,65.21,0,6,5,912.94,45.65,639.1,273.84,19,20,1
2023-05-08,store_1,item_7,13,65.21,0,0,5,847.73,45.65,593.45,254.28,14,16,0
2023-05-09,store_1,item_7,19,65.21,0,1,5,1238.99,45.65,867.35,371.64,13,28,0
2023-05-10,store_1,item_7,25,65.21,0,2,5,1630.25,45.65,1141.25,489.0,19,26,0
2023-05-12,store_1,item_7,16,65.21,0,4,5,1043.36,45.65,730.4,312.96,25,26,0
2023-05-13,store_1,item_7,17,65.21,0,5,5,1108.57,45.65,776.05,332.52,16,27,1
2023-05-14,store_1,item_7,18,65.21,0,6,5,1173.78,45.65,821.7,352.08,17,19,1
2023-05-15,store_1,item_7,19,65.21,0,0,5,1238.99,45.65,867.35,371.64,18,14,0
2023-05-17,store_1,item_7,65,65.21,0,2,5,4238.65,45.65,2967.25,1271.4,19,13,0
2023-05-18,store_1,item_7,45,65.21,0,3,5,2934.45,45.65,2054.25,880.2,65,19,0
2023-05-19,store_1,item_7,19,65.21,0,4,5,1238.99,45.65,867.35,371.64,45,25,0
2023-05-20,store_1,item_7,17,65.21,0,5,5,1108.57,45.65,776.05,332.52,19,16,1
2023-05-22,store_1,item_7,17,65.21,0,0,5,1108.57,45.65,776.05,332.52,17,17,0
2023-05-23,store_1,item_7,15,65.21,0,1,5,978.15,45.65,684.75,293.4,17,18,0
2023-05-24,store_1,item_7,24,65.21,0,2,5,1565.04,45.65,1095.6,469.44,15,19,0
2023-05-25,store_1,item_7,19,65.21,0,3,5,1238.99,45.65,867.35,371.64,24,65,0
2023-05-27,store_1,item_7,10,65.21,0,5,5,652.1,45.65,456.5,195.6,19,45,1
2023-05-28,store_1,item_7,19,65.21,0,6,5,1238.99,45.65,867.35,371.64,10,19,1
2023-05-29,store_1,item_7,14,65.21,0,0,5,912.94,45.65,639.1,273.84,19,17,0
2023-05-30,store_1,item_7,23,65.21,0,1,5,1499.83,45.65,1049.95,449.88,14,17,0
2023-06-01,store_1,item_7,28,52.17,1,3,6,1460.76,36.52,1022.56,438.2,23,15,0
2023-06-02,store_1,item_7,15,65.21,0,4,6,978.15,45.65,684.75,293.4,28,24,0
2023-06-03,store_1,item_7,19,52.17,1,5,6,991.23,36.52,693.88,297.35,15,19,1
2023-06-04,store_1,item_7,18,65.21,0,6,6,1173.78,45.65,821.7,352.08,19,10,1
2023-06-06,store_1,item_7,16,65.21,0,1,6,1043.36,45.65,730.4,312.96,18,19,0
2023-06-07,store_1,item_7,19,65.21,0,2,6,1238.99,45.65,867.35,371.64,16,14,0
2023-06-08,store_1,item_7,19,65.21,0,3,6,1238.99,45.65,867.35,371.64,19,23,0
2023-06-09,store_1,item_7,18,65.21,0,4,6,1173.78,45.65,821.7,352.08,19,28,0
2023-06-11,store_1,item_7,13,65.21,0,6,6,847.73,45.65,593.45,254.28,18,15,1
2023-06-12,store_1,item_7,17,65.21,0,0,6,1108.57,45.65,776.05,332.52,13,19,0
2023-06-13,store_1,item_7,22,65.21,0,1,6,1434.62,45.65,1004.3,430.32,17,18,0
2023-06-14,store_1,item_7,16,65.21,0,2,6,1043.36,45.65,730.4,312.96,22,16,0
2023-06-16,store_1,item_7,14,65.21,0,4,6,912.94,45.65,639.1,273.84,16,19,0
2023-06-17,store_1,item_7,22,65.21,0,5,6,1434.62,45.65,1004.3,430.32,14,19,1
2023-06-18,store_1,item_7,20,65.21,0,6,6,1304.2,45.65,913.0,391.2,22,18,1
2023-06-19,store_1,item_7,16,65.21,0,0,6,1043.36,45.65,730.4,312.96,20,13,0
2023-06-21,store_1,item_7,21,65.21,0,2,6,1369.41,45.65,958.65,410.76,16,17,0
2023-06-22,store_1,item_7,14,65.21,0,3,6,912.94,45.65,639.1,273.84,21,22,0
2023-06-23,store_1,item_7,9,65.21,0,4,6,586.89,45.65,410.85,176.04,14,16,0
2023-06-24,store_1,item_7,15,65.21,0,5,6,978.15,45.65,684.75,293.4,9,14,1
2023-06-26,store_1,item_7,11,65.21,0,0,6,717.31,45.65,502.15,215.16,15,22,0
2023-06-27,store_1,item_7,30,52.17,1,1,6,1565.1,36.52,1095.6,469.5,11,20,0
2023-06-28,store_1,item_7,16,65.21,0,2,6,1043.36,45.65,730.4,312.96,30,16,0
2023-06-29,store_1,item_7,23,52.17,1,3,6,1199.91,36.52,839.96,359.95,16,21,0
2023-07-01,store_1,item_7,7,65.21,0,5,7,456.47,45.65,319.55,136.92,23,14,1
2023-07-02,store_1,item_7,9,65.21,0,6,7,586.89,45.65,410.85,176.04,7,9,1
2023-07-03,store_1,item_7,14,65.21,0,0,7,912.94,45.65,639.1,273.84,9,15,0
2023-07-04,store_1,item_7,17,65.21,0,1,7,1108.57,45.65,776.05,332.52,14,11,0
2023-07-06,store_1,item_7,13,65.21,0,3,7,847.73,45.65,593.45,254.28,17,30,0
2023-07-07,store_1,item_7,18,65.21,0,4,7,1173.78,45.65,821.7,352.08,13,16,0
2023-07-08,store_1,item_7,13,65.21,0,5,7,847.73,45.65,593.45,254.28,18,23,1
2023-07-09,store_1,item_7,14,65.21,0,6,7,912.94,45.65,639.1,273.84,13,7,1
2023-07-11,store_1,item_7,18,65.21,0,1,7,1173.78,45.65,821.7,352.08,14,9,0
2023-07-12,store_1,item_7,20,65.21,0,2,7,1304.2,45.65,913.0,391.2,18,14,0
2023-07-13,store_1,item_7,13,65.21,0,3,7,847.73,45.65,593.45,254.28,20,17,0
2023-07-14,store_1,item_7,14,65.21,0,4,7,912.94,45.65,639.1,273.84,13,13,0
2023-07-16,store_1,item_7,17,65.21,0,6,7,1108.57,45.65,776.05,332.52,14,18,1
2023-07-17,store_1,item_7,20,65.21,0,0,7,1304.2,45.65,913.0,391.2,17,13,0
2023-07-18,store_1,item_7,16,65.21,0,1,7,1043.36,45.65,730.4,312.96,20,14,0
2023-07-19,store_1,item_7,20,65.21,0,2,7,1304.2,45.65,913.0,391.2,16,18,0
2023-07-21,store_1,item_7,17,65.21,0,4,7,1108.57,45.65,776.05,332.52,20,20,0
2023-07-22,store_1,item_7,9,65.21,0,5,7,586.89,45.65,410.85,176.04,17,13,1
2023-07-23,store_1,item_7,11,65.21,0,6,7,717.31,45.65,502.15,215.16,9,14,1
2023-07-24,store_1,item_7,39,65.21,0,0,7,2543.19,45.65,1780.35,762.84,11,17,0
2023-07-26,store_1,item_7,17,65.21,0,2,7,1108.57,45.65,776.05,332.52,39,20,0
2023-07-27,store_1,item_7,19,65.21,0,3,7,1238.99,45.65,867.35,371.64,17,16,0
2023-07-28,store_1,item_7,11,65.21,0,4,7,717.31,45.65,502.15,215.16,19,20,0
2023-07-29,store_1,item_7,7,65.21,0,5,7,456.47,45.65,319.55,136.92,11,17,1
2023-07-31,store_1,item_7,21,52.17,1,0,7,1095.57,36.52,766.92,328.65,7,9,0
2023-08-01,store_1,item_7,28,52.17,1,1,8,1460.76,36.52,1022.56,438.2,21,11,0
2023-08-02,store_1,item_7,18,65.21,0,2,8,1173.78,45.65,821.7,352.08,28,39,0
2023-08-03,store_1,item_7,10,65.21,0,3,8,652.1,45.65,456.5,195.6,18,17,0
2023-08-05,store_1,item_7,7,65.21,0,5,8,456.47,45.65,319.55,136.92,10,19,1
2023-08-06,store_1,item_7,11,65.21,0,6,8,717.31,45.65,502.15,215.16,7,11,1
2023-08-07,store_1,item_7,12,65.21,0,0,8,782.52,45.65,547.8,234.72,11,7,0
2023-08-08,store_1,item_7,17,52.17,1,1,8,886.89,36.52,620.84,266.05,12,21,0
2023-08-10,store_1,item_7,20,65.21,0,3,8,1304.2,45.65,913.0,391.2,17,28,0
2023-08-11,store_1,item_7,12,65.21,0,4,8,782.52,45.65,547.8,234.72,20,18,0
2023-08-12,store_1,item_7,9,65.21,0,5,8,586.89,45.65,410.85,176.04,12,10,1
2023-08-13,store_1,item_7,16,65.21,0,6,8,1043.36,45.65,730.4,312.96,9,7,1
2023-08-15,store_1,item_7,14,65.21,0,1,8,912.94,45.65,639.1,273.84,16,11,0
2023-08-16,store_1,item_7,17,65.21,0,2,8,1108.57,45.65,776.05,332.52,14,12,0
2023-08-17,store_1,item_7,12,65.21,0,3,8,782.52,45.65,547.8,234.72,17,17,0
2023-08-18,store_1,item_7,9,65.21,0,4,8,586.89,45.65,410.85,176.04,12,20,0
2023-08-20,store_1,item_7,7,65.21,0,6,8,456.47,45.65,319.55,136.92,9,12,1
2023-08-21,store_1,item_7,9,65.21,0,0,8,586.89,45.65,410.85,176.04,7,9,0
2023-08-22,store_1,item_7,14,65.21,0,1,8,912.94,45.65,639.1,273.84,9,16,0
2023-08-23,store_1,item_7,12,65.21,0,2,8,782.52,45.65,547.8,234.72,14,14,0
2023-08-25,store_1,item_7,7,65.21,0,4,8,456.47,45.65,319.55,136.92,12,17,0
2023-08-26,store_1,item_7,18,52.17,1,5,8,939.06,36.52,657.36,281.7,7,12,1
2023-08-27,store_1,item_7,10,65.21,0,6,8,652.1,45.65,456.5,195.6,18,9,1
2023-08-28,store_1,item_7,14,65.21,0,0,8,912.94,45.65,639.1,273.84,10,7,0
2023-08-30,store_1,item_7,7,65.21,0,2,8,456.47,45.65,319.55,136.92,14,9,0
2023-08-31,store_1,item_7,12,65.21,0,3,8,782.52,45.65,547.8,234.72,7,14,0
2023-09-01,store_1,item_7,10,65.21,0,4,9,652.1,45.65,456.5,195.6,12,12,0
2023-09-02,store_1,item_7,6,65.21,0,5,9,391.26,45.65,273.9,117.36,10,7,1
2023-09-04,store_1,item_7,16,65.21,0,0,9,1043.36,45.65,730.4,312.96,6,18,0
2023-09-05,store_1,item_7,5,65.21,0,1,9,326.05,45.65,228.25,97.8,16,10,0
2023-09-06,store_1,item_7,12,65.21,0,2,9,782.52,45.65,547.8,234.72,5,14,0
2023-09-07,store_1,item_7,14,52.17,1,3,9,730.38,36.52,511.28,219.1,12,7,0
2023-09-09,store_1,item_7,12,52.17,1,5,9,626.04,36.52,438.24,187.8,14,12,1
2023-09-10,store_1,item_7,8,65.21,0,6,9,521.68,45.65,365.2,156.48,12,10,1
2023-09-11,store_1,item_7,13,65.21,0,0,9,847.73,45.65,593.45,254.28,8,6,0
2023-09-12,store_1,item_7,18,65.21,0,1,9,1173.78,45.65,821.7,352.08,13,16,0
2023-09-14,store_1,item_7,10,65.21,0,3,9,652.1,45.65,456.5,195.6,18,5,0
2023-09-15,store_1,item_7,5,65.21,0,4,9,326.05,45.65,228.25,97.8,10,12,0
2023-09-16,store_1,item_7,10,65.21,0,5,9,652.1,45.65,456.5,195.6,5,14,1
2023-09-17,store_1,item_7,14,65.21,0,6,9,912.94,45.65,639.1,273.84,10,12,1
2023-09-19,store_1,item_7,17,65.21,0,1,9,1108.57,45.65,776.05,332.52,14,8,0
2023-09-20,store_1,item_7,12,65.21,0,2,9,782.52,45.65,547.8,234.72,17,13,0
2023-09-21,store_1,item_7,16,52.17,1,3,9,834.72,36.52,584.32,250.4,12,18,0
2023-09-22,store_1,item_7,10,65.21,0,4,9,652.1,45.65,456.5,195.6,16,10,0
2023-09-24,store_1,item_7,11,65.21,0,6,9,717.31,45.65,502.15,215.16,10,5,1
2023-09-25,store_1,item_7,14,65.21,0,0,9,912.94,45.65,639.1,273.84,11,10,0
2023-09-26,store_1,item_7,16,65.21,0,1,9,1043.36,45.65,730.4,312.96,14,14,0
2023-09-27,store_1,item_7,14,65.21,0,2,9,912.94,45.65,639.1,273.84,16,17,0
2023-09-29,store_1,item_7,12,65.21,0,4,9,782.52,45.65,547.8,234.72,14,12,0
2023-09-30,store_1,item_7,3,65.21,0,5,9,195.63,45.65,136.95,58.68,12,16,1
2023-10-01,store_1,item_7,10,65.21,0,6,10,652.1,45.65,456.5,195.6,3,10,1
2023-10-02,store_1,item_7,21,65.21,0,0,10,1369.41,45.65,958.65,410.76,10,11,0
2023-10-04,store_1,item_7,13,65.21,0,2,10,847.73,45.65,593.45,254.28,21,14,0
2023-10-05,store_1,item_7,13,65.21,0,3,10,847.73,45.65,593.45,254.28,13,16,0
2023-10-06,store_1,item_7,8,65.21,0,4,10,521.68,45.65,365.2,156.48,13,14,0
2023-10-07,store_1,item_7,12,65.21,0,5,10,782.52,45.65,547.8,234.72,8,12,1
2023-10-09,store_1,item_7,11,65.21,0,0,10,717.31,45.65,502.15,215.16,12,3,0
2023-10-10,store_1,item_7,10,65.21,0,1,10,652.1,45.65,456.5,195.6,11,10,0
2023-10-11,store_1,item_7,15,65.21,0,2,10,978.15,45.65,684.75,293.4,10,21,0
2023-10-12,store_1,item_7,12,65.21,0,3,10,782.52,45.65,547.8,234.72,15,13,0
2023-10-14,store_1,item_7,9,65.21,0,5,10,586.89,45.65,410.85,176.04,12,13,1
2023-10-15,store_1,item_7,11,65.21,0,6,10,717.31,45.65,502.15,215.16,9,8,1
2023-10-16,store_1,item_7,18,52.17,1,0,10,939.06,36.52,657.36,281.7,11,12,0
2023-10-17,store_1,item_7,14,65.21,0,1,10,912.94,45.65,639.1,273.84,18,11,0
2023-10-19,store_1,item_7,15,65.21,0,3,10,978.15,45.65,684.75,293.4,14,10,0
2023-10-20,store_1,item_7,14,65.21,0,4,10,912.94,45.65,639.1,273.84,15,15,0
2023-10-21,store_1,item_7,11,65.21,0,5,10,717.31,45.65,502.15,215.16,14,12,1
2023-10-22,store_1,item_7,8,65.21,0,6,10,521.68,45.65,365.2,156.48,11,9,1
2023-10-24,store_1,item_7,11,65.21,0,1,10,717.31,45.65,502.15,215.16,8,11,0
2023-10-25,store_1,item_7,26,52.17,1,2,10,1356.42,36.52,949.52,406.9,11,18,0
2023-10-26,store_1,item_7,19,52.17,1,3,10,991.23,36.52,693.88,297.35,26,14,0
2023-10-27,store_1,item_7,17,65.21,0,4,10,1108.57,45.65,776.05,332.52,19,15,0
2023-10-29,store_1,item_7,9,65.21,0,6,10,586.89,45.65,410.85,176.04,17,14,1
2023-10-30,store_1,item_7,11,65.21,0,0,10,717.31,45.65,502.15,215.16,9,11,0
2023-10-31,store_1,item_7,13,65.21,0,1,10,847.73,45.65,593.45,254.28,11,8,0
2023-11-01,store_1,item_7,11,65.21,0,2,11,717.31,45.65,502.15,215.16,13,11,0
2023-11-03,store_1,item_7,17,52.17,1,4,11,886.89,36.52,620.84,266.05,11,26,0
2023-11-04,store_1,item_7,13,65.21,0,5,11,847.73,45.65,593.45,254.28,17,19,1
2023-11-05,store_1,item_7,17,65.21,0,6,11,1108.57,45.65,776.05,332.52,13,17,1
2023-11-06,store_1,item_7,10,65.21,0,0,11,652.1,45.65,456.5,195.6,17,9,0
2023-11-08,store_1,item_7,12,65.21,0,2,11,782.52,45.65,547.8,234.72,10,11,0
2023-11-09,store_1,item_7,16,65.21,0,3,11,1043.36,45.65,730.4,312.96,12,13,0
2023-11-10,store_1,item_7,19,52.17,1,4,11,991.23,36.52,693.88,297.35,16,11,0
2023-11-11,store_1,item_7,7,65.21,0,5,11,456.47,45.65,319.55,136.92,19,17,1
2023-11-13,store_1,item_7,15,65.21,0,0,11,978.15,45.65,684.75,293.4,7,13,0
2023-11-14,store_1,item_7,15,65.21,0,1,11,978.15,45.65,684.75,293.4,15,17,0
2023-11-15,store_1,item_7,17,65.21,0,2,11,1108.57,45.65,776.05,332.52,15,10,0
2023-11-16,store_1,item_7,11,65.21,0,3,11,717.31,45.65,502.15,215.16,17,12,0
2023-11-18,store_1,item_7,7,65.21,0,5,11,456.47,45.65,319.55,136.92,11,16,1
2023-11-19,store_1,item_7,13,65.21,0,6,11,847.73,45.65,593.45,254.28,7,19,1
2023-11-20,store_1,item_7,19,65.21,0,0,11,1238.99,45.65,867.35,371.64,13,7,0
2023-11-21,store_1,item_7,21,52.17,1,1,11,1095.57,36.52,766.92,328.65,19,15,0
2023-11-23,store_1,item_7,16,65.21,0,3,11,1043.36,45.65,730.4,312.96,21,15,0
2023-11-24,store_1,item_7,7,65.21,0,4,11,456.47,45.65,319.55,136.92,16,17,0
2023-11-25,store_1,item_7,11,65.21,0,5,11,717.31,45.65,502.15,215.16,7,11,1
2023-11-26,store_1,item_7,13,65.21,0,6,11,847.73,45.65,593.45,254.28,11,7,1
2023-11-28,store_1,item_7,17,65.21,0,1,11,1108.57,45.65,776.05,332.52,13,13,0
2023-11-29,store_1,item_7,19,65.21,0,2,11,1238.99,45.65,867.35,371.64,17,19,0
2023-11-30,store_1,item_7,16,65.21,0,3,11,1043.36,45.65,730.4,312.96,19,21,0
2023-12-01,store_1,item_7,12,65.21,0,4,12,782.52,45.65,547.8,234.72,16,16,0
2023-12-03,store_1,item_7,11,65.21,0,6,12,717.31,45.65,502.15,215.16,12,7,1
2023-12-04,store_1,item_7,10,65.21,0,0,12,652.1,45.65,456.5,195.6,11,11,0
2023-12-05,store_1,item_7,14,65.21,0,1,12,912.94,45.65,639.1,273.84,10,13,0
2023-12-06,store_1,item_7,15,65.21,0,2,12,978.15,45.65,684.75,293.4,14,17,0
2023-12-08,store_1,item_7,11,65.21,0,4,12,717.31,45.65,502.15,215.16,15,19,0
2023-12-09,store_1,item_7,9,65.21,0,5,12,586.89,45.65,410.85,176.04,11,16,1
2023-12-10,store_1,item_7,14,65.21,0,6,12,912.94,45.65,639.1,273.84,9,12,1
2023-12-11,store_1,item_7,15,65.21,0,0,12,978.15,45.65,684.75,293.4,14,11,0
2023-12-13,store_1,item_7,18,65.21,0,2,12,1173.78,45.65,821.7,352.08,15,10,0
2023-12-14,store_1,item_7,14,65.21,0,3,12,912.94,45.65,639.1,273.84,18,14,0
2023-12-15,store_1,item_7,13,65.21,0,4,12,847.73,45.65,593.45,254.28,14,15,0
2023-12-16,store_1,item_7,20,52.17,1,5,12,1043.4,36.52,730.4,313.0,13,11,1
2023-12-18,store_1,item_7,11,65.21,0,0,12,717.31,45.65,502.15,215.16,20,9,0
2023-12-19,store_1,item_7,16,65.21,0,1,12,1043.36,45.65,730.4,312.96,11,14,0
2023-12-20,store_1,item_7,14,65.21,0,2,12,912.94,45.65,639.1,273.84,16,15,0
2023-12-21,store_1,item_7,15,65.21,0,3,12,978.15,45.65,684.75,293.4,14,18,0
2023-12-23,store_1,item_7,5,65.21,0,5,12,326.05,45.65,228.25,97.8,15,14,1
2023-12-24,store_1,item_7,14,65.21,0,6,12,912.94,45.65,639.1,273.84,5,13,1
2023-12-25,store_1,item_7,15,65.21,0,0,12,978.15,45.65,684.75,293.4,14,20,0
2023-12-26,store_1,item_7,21,65.21,0,1,12,1369.41,45.65,958.65,410.76,15,11,0
2023-12-28,store_1,item_7,19,65.21,0,3,12,1238.99,45.65,867.35,371.64,21,16,0
2023-12-29,store_1,item_7,18,65.21,0,4,12,1173.78,45.65,821.7,352.08,19,14,0
2023-12-30,store_1,item_7,12,65.21,0,5,12,782.52,45.65,547.8,234.72,18,15,1
2023-12-31,store_1,item_7,13,65.21,0,6,12,847.73,45.65,593.45,254.28,12,5,1
2023-01-01,store_2,item_7,13,65.21,0,6,1,847.73,45.65,593.45,254.28,0,0,1
2023-01-06,store_2,item_7,13,65.21,0,4,1,847.73,45.65,593.45,254.28,13,0,0
2023-01-11,store_2,item_7,23,65.21,0,2,1,1499.83,45.65,1049.95,449.88,13,0,0
2023-01-16,store_2,item_7,16,65.21,0,0,1,1043.36,45.65,730.4,312.96,23,0,0
2023-01-21,store_2,item_7,12,65.21,0,5,1,782.52,45.65,547.8,234.72,16,0,1
2023-01-26,store_2,item_7,15,65.21,0,3,1,978.15,45.65,684.75,293.4,12,0,0
2023-01-31,store_2,item_7,18,65.21,0,1,1,1173.78,45.65,821.7,352.08,15,0,0
2023-02-05,store_2,item_7,11,65.21,0,6,2,717.31,45.65,502.15,215.16,18,13,1
2023-02-10,store_2,item_7,15,65.21,0,4,2,978.15,45.65,684.75,293.4,11,13,0
2023-02-15,store_2,item_7,17,65.21,0,2,2,1108.57,45.65,776.05,332.52,15,23,0
2023-02-20,store_2,item_7,16,65.21,0,0,2,1043.36,45.65,730.4,312.96,17,16,0
2023-02-25,store_2,item_7,12,65.21,0,5,2,782.52,45.65,547.8,234.72,16,12,1
2023-03-02,store_2,item_7,17,65.21,0,3,3,1108.57,45.65,776.05,332.52,12,15,0
2023-03-07,store_2,item_7,17,65.21,0,1,3,1108.57,45.65,776.05,332.52,17,18,0
2023-03-12,store_2,item_7,14,65.21,0,6,3,912.94,45.65,639.1,273.84,17,11,1
2023-03-17,store_2,item_7,17,65.21,0,4,3,1108.57,45.65,776.05,332.52,14,15,0
2023-03-22,store_2,item_7,22,65.21,0,2,3,1434.62,45.65,1004.3,430.32,17,17,0
2023-03-27,store_2,item_7,19,65.21,0,0,3,1238.99,45.65,867.35,371.64,22,16,0
2023-04-01,store_2,item_7,12,65.21,0,5,4,782.52,45.65,547.8,234.72,19,12,1
2023-04-06,store_2,item_7,27,52.17,1,3,4,1408.59,36.52,986.04,422.55,12,17,0
2023-04-11,store_2,item_7,21,65.21,0,1,4,1369.41,45.65,958.65,410.76,27,17,0
2023-04-16,store_2,item_7,11,65.21,0,6,4,717.31,45.65,502.15,215.16,21,14,1
2023-04-21,store_2,item_7,17,65.21,0,4,4,1108.57,45.65,776.05,332.52,11,17,0
2023-04-26,store_2,item_7,24,65.21,0,2,4,1565.04,45.65,1095.6,469.44,17,22,0
2023-05-01,store_2,item_7,15,65.21,0,0,5,978.15,45.65,684.75,293.4,24,19,0
2023-05-06,store_2,item_7,14,65.21,0,5,5,912.94,45.65,639.1,273.84,15,12,1
2023-05-11,store_2,item_7,21,65.21,0,3,5,1369.41,45.65,958.65,410.76,14,27,0
2023-05-16,store_2,item_7,17,65.21,0,1,5,1108.57,45.65,776.05,332.52,21,21,0
2023-05-21,store_2,item_7,10,65.21,0,6,5,652.1,45.65,456.5,195.6,17,11,1
2023-05-26,store_2,item_7,17,65.21,0,4,5,1108.57,45.65,776.05,332.52,10,17,0
2023-05-31,store_2,item_7,19,65.21,0,2,5,1238.99,45.65,867.35,371.64,17,24,0
2023-06-05,store_2,item_7,16,65.21,0,0,6,1043.36,45.65,730.4,312.96,19,15,0
2023-06-10,store_2,item_7,11,65.21,0,5,6,717.31,45.65,502.15,215.16,16,14,1
2023-06-15,store_2,item_7,26,52.17,1,3,6,1356.42,36.52,949.52,406.9,11,21,0
2023-06-20,store_2,item_7,19,65.21,0,1,6,1238.99,45.65,867.35,371.64,26,17,0
2023-06-25,store_2,item_7,16,52.17,1,6,6,834.72,36.52,584.32,250.4,19,10,1
2023-06-30,store_2,item_7,18,65.21,0,4,6,1173.78,45.65,821.7,352.08,16,17,0
2023-07-05,store_2,item_7,14,65.21,0,2,7,912.94,45.65,639.1,273.84,18,19,0
2023-07-10,store_2,item_7,13,65.21,0,0,7,847.73,45.65,593.45,254.28,14,16,0
2023-07-15,store_2,item_7,13,65.21,0,5,7,847.73,45.65,593.45,254.28,13,11,1
2023-07-20,store_2,item_7,6,65.21,0,3,7,391.26,45.65,273.9,117.36,13,26,0
2023-07-25,store_2,item_7,14,65.21,0,1,7,912.94,45.65,639.1,273.84,6,19,0
2023-07-30,store_2,item_7,16,65.21,0,6,7,1043.36,45.65,730.4,312.96,14,16,1
2023-08-04,store_2,item_7,13,65.21,0,4,8,847.73,45.65,593.45,254.28,16,18,0
2023-08-09,store_2,item_7,12,65.21,0,2,8,782.52,45.65,547.8,234.72,13,14,0
2023-08-14,store_2,item_7,10,65.21,0,0,8,652.1,45.65,456.5,195.6,12,13,0
2023-08-19,store_2,item_7,3,65.21,0,5,8,195.63,45.65,136.95,58.68,10,13,1
2023-08-24,store_2,item_7,17,65.21,0,3,8,1108.57,45.65,776.05,332.52,3,6,0
2023-08-29,store_2,item_7,15,65.21,0,1,8,978.15,45.65,684.75,293.4,17,14,0
2023-09-03,store_2,item_7,10,65.21,0,6,9,652.1,45.65,456.5,195.6,15,16,1
2023-09-08,store_2,item_7,9,65.21,0,4,9,586.89,45.65,410.85,176.04,10,13,0
2023-09-13,store_2,item_7,19,65.21,0,2,9,1238.99,45.65,867.35,371.64,9,12,0
2023-09-18,store_2,item_7,12,65.21,0,0,9,782.52,45.65,547.8,234.72,19,10,0
2023-09-23,store_2,item_7,7,65.21,0,5,9,456.47,45.65,319.55,136.92,12,3,1
2023-09-28,store_2,item_7,11,65.21,0,3,9,717.31,45.65,502.15,215.16,7,17,0
2023-10-03,store_2,item_7,12,65.21,0,1,10,782.52,45.65,547.8,234.72,11,15,0
2023-10-08,store_2,item_7,10,65.21,0,6,10,652.1,45.65,456.5,195.6,12,10,1
2023-10-13,store_2,item_7,7,65.21,0,4,10,456.47,45.65,319.55,136.92,10,9,0
2023-10-18,store_2,item_7,12,65.21,0,2,10,782.52,45.65,547.8,234.72,7,19,0
2023-10-23,store_2,item_7,7,65.21,0,0,10,456.47,45.65,319.55,136.92,12,12,0
2023-10-28,store_2,item_7,8,65.21,0,5,10,521.68,45.65,365.2,156.48,7,7,1
2023-11-02,store_2,item_7,8,65.21,0,3,11,521.68,45.65,365.2,156.48,8,11,0
2023-11-07,store_2,item_7,12,65.21,0,1,11,782.52,45.65,547.8,234.72,8,12,0
2023-11-12,store_2,item_7,6,65.21,0,6,11,391.26,45.65,273.9,117.36,12,10,1
2023-11-17,store_2,item_7,6,65.21,0,4,11,391.26,45.65,273.9,117.36,6,7,0
2023-11-22,store_2,item_7,50,65.21,0,2,11,3260.5,45.65,2282.5,978.0,6,12,0
2023-11-27,store_2,item_7,13,65.21,0,0,11,847.73,45.65,593.45,254.28,50,7,0
2023-12-02,store_2,item_7,9,65.21,0,5,12,586.89,45.65,410.85,176.04,13,8,1
2023-12-07,store_2,item_7,14,65.21,0,3,12,912.94,45.65,639.1,273.84,9,8,0
2023-12-12,store_2,item_7,14,65.21,0,1,12,912.94,45.65,639.1,273.84,14,12,0
2023-12-17,store_2,item_7,9,65.21,0,6,12,586.89,45.65,410.85,176.04,14,6,1
2023-12-22,store_2,item_7,12,65.21,0,4,12,782.52,45.65,547.8,234.72,9,6,0
2023-12-27,store_2,item_7,17,65.21,0,2,12,1108.57,45.65,776.05,332.52,12,50,0
2023-01-01,store_1,item_8,15,18.75,0,6,1,281.25,13.13,196.95,84.3,0,0,1
2023-01-02,store_1,item_8,18,18.75,0,0,1,337.5,13.13,236.34,101.16,15,0,0
2023-01-03,store_1,item_8,19,18.75,0,1,1,356.25,13.13,249.47,106.78,18,0,0
2023-01-05,store_1,item_8,30,15.0,1,3,1,450.0,10.5,315.0,135.0,19,0,0
2023-01-06,store_1,item_8,16,18.75,0,4,1,300.0,13.13,210.08,89.92,30,0,0
2023-01-07,store_1,item_8,15,18.75,0,5,1,281.25,13.13,196.95,84.3,16,0,1
2023-01-08,store_1,item_8,15,18.75,0,6,1,281.25,13.13,196.95,84.3,15,0,1
2023-01-10,store_1,item_8,21,18.75,0,1,1,393.75,13.13,275.73,118.02,15,15,0
2023-01-11,store_1,item_8,25,18.75,0,2,1,468.75,13.13,328.25,140.5,21,18,0
2023-01-12,store_1,item_8,31,15.0,1,3,1,465.0,10.5,325.5,139.5,25,19,0
2023-01-13,store_1,item_8,18,18.75,0,4,1,337.5,13.13,236.34,101.16,31,30,0
2023-01-15,store_1,item_8,9,18.75,0,6,1,168.75,13.13,118.17,50.58,18,16,1
2023-01-16,store_1,item_8,31,15.0,1,0,1,465.0,10.5,325.5,139.5,9,15,0
2023-01-17,store_1,item_8,24,18.75,0,1,1,450.0,13.13,315.12,134.88,31,15,0
2023-01-18,store_1,item_8,22,18.75,0,2,1,412.5,13.13,288.86,123.64,24,21,0
2023-01-20,store_1,item_8,18,18.75,0,4,1,337.5,13.13,236.34,101.16,22,25,0
2023-01-21,store_1,item_8,17,18.75,0,5,1,318.75,13.13,223.21,95.54,18,31,1
2023-01-22,store_1,item_8,6,18.75,0,6,1,112.5,13.13,78.78,33.72,17,18,1
2023-01-23,store_1,item_8,18,18.75,0,0,1,337.5,13.13,236.34,101.16,6,9,0
2023-01-25,store_1,item_8,24,18.75,0,2,1,450.0,13.13,315.12,134.88,18,31,0
2023-01-26,store_1,item_8,29,18.75,0,3,1,543.75,13.13,380.77,162.98,24,24,0
2023-01-27,store_1,item_8,23,18.75,0,4,1,431.25,13.13,301.99,129.26,29,22,0
2023-01-28,store_1,item_8,12,18.75,0,5,1,225.0,13.13,157.56,67.44,23,18,1
2023-01-30,store_1,item_8,26,18.75,0,0,1,487.5,13.13,341.38,146.12,12,17,0
2023-01-31,store_1,item_8,40,15.0,1,1,1,600.0,10.5,420.0,180.0,26,6,0
2023-02-01,store_1,item_8,26,18.75,0,2,2,487.5,13.13,341.38,146.12,40,18,0
2023-02-02,store_1,item_8,17,18.75,0,3,2,318.75,13.13,223.21,95.54,26,24,0
2023-02-04,store_1,item_8,18,18.75,0,5,2,337.5,13.13,236.34,101.16,17,29,1
2023-02-05,store_1,item_8,12,18.75,0,6,2,225.0,13.13,157.56,67.44,18,23,1
2023-02-06,store_1,item_8,24,18.75,0,0,2,450.0,13.13,315.12,134.88,12,12,0
2023-02-07,store_1,item_8,24,18.75,0,1,2,450.0,13.13,315.12,134.88,24,26,0
2023-02-09,store_1,item_8,25,18.75,0,3,2,468.75,13.13,328.25,140.5,24,40,0
2023-02-10,store_1,item_8,20,18.75,0,4,2,375.0,13.13,262.6,112.4,25,26,0
2023-02-11,store_1,item_8,21,18.75,0,5,2,393.75,13.13,275.73,118.02,20,17,1
2023-02-12,store_1,item_8,20,18.75,0,6,2,375.0,13.13,262.6,112.4,21,18,1
2023-02-14,store_1,item_8,32,18.75,0,1,2,600.0,13.13,420.16,179.84,20,12,0
2023-02-15,store_1,item_8,38,15.0,1,2,2,570.0,10.5,399.0,171.0,32,24,0
2023-02-16,store_1,item_8,28,18.75,0,3,2,525.0,13.13,367.64,157.36,38,24,0
2023-02-17,store_1,item_8,29,15.0,1,4,2,435.0,10.5,304.5,130.5,28,25,0
2023-02-19,store_1,item_8,15,18.75,0,6,2,281.25,13.13,196.95,84.3,29,20,1
2023-02-20,store_1,item_8,22,18.75,0,0,2,412.5,13.13,288.86,123.64,15,21,0
2023-02-21,store_1,item_8,30,18.75,0,1,2,562.5,13.13,393.9,168.6,22,20,0
2023-02-22,store_1,item_8,28,18.75,0,2,2,525.0,13.13,367.64,157.36,30,32,0
2023-02-24,store_1,item_8,12,18.75,0,4,2,225.0,13.13,157.56,67.44,28,38,0
2023-02-25,store_1,item_8,18,18.75,0,5,2,337.5,13.13,236.34,101.16,12,28,1
2023-02-26,store_1,item_8,17,18.75,0,6,2,318.75,13.13,223.21,95.54,18,29,1
2023-02-27,store_1,item_8,19,18.75,0,0,2,356.25,13.13,249.47,106.78,17,15,0
2023-03-01,store_1,item_8,29,18.75,0,2,3,543.75,13.13,380.77,162.98,19,22,0
2023-03-02,store_1,item_8,28,18.75,0,3,3,525.0,13.13,367.64,157.36,29,30,0
2023-03-03,store_1,item_8,19,18.75,0,4,3,356.25,13.13,249.47,106.78,28,28,0
2023-03-04,store_1,item_8,21,18.75,0,5,3,393.75,13.13,275.73,118.02,19,12,1
2023-03-06,store_1,item_8,25,18.75,0,0,3,468.75,13.13,328.25,140.5,21,18,0
2023-03-07,store_1,item_8,39,15.0,1,1,3,585.0,10.5,409.5,175.5,25,17,0
2023-03-08,store_1,item_8,27,18.75,0,2,3,506.25,13.13,354.51,151.74,39,19,0
2023-03-09,store_1,item_8,27,18.75,0,3,3,506.25,13.13,354.51,151.74,27,29,0
2023-03-11,store_1,item_8,21,18.75,0,5,3,393.75,13.13,275.73,118.02,27,28,1
2023-03-12,store_1,item_8,17,18.75,0,6,3,318.75,13.13,223.21,95.54,21,19,1
2023-03-13,store_1,item_8,25,18.75,0,0,3,468.75,13.13,328.25,140.5,17,21,0
2023-03-14,store_1,item_8,31,18.75,0,1,3,581.25,13.13,407.03,174.22,25,25,0
2023-03-16,store_1,item_8,37,15.0,1,3,3,555.0,10.5,388.5,166.5,31,39,0
2023-03-17,store_1,item_8,17,18.75,0,4,3,318.75,13.13,223.21,95.54,37,27,0
2023-03-18,store_1,item_8,16,18.75,0,5,3,300.0,13.13,210.08,89.92,17,27,1
2023-03-19,store_1,item_8,22,18.75,0,6,3,412.5,13.13,288.86,123.64,16,21,1
2023-03-21,store_1,item_8,26,18.75,0,1,3,487.5,13.13,341.38,146.12,22,17,0
2023-03-22,store_1,item_8,30,18.75,0,2,3,562.5,13.13,393.9,168.6,26,25,0
2023-03-23,store_1,item_8,21,18.75,0,3,3,393.75,13.13,275.73,118.02,30,31,0
2023-03-24,store_1,item_8,22,18.75,0,4,3,412.5,13.13,288.86,123.64,21,37,0
2023-03-26,store_1,item_8,48,18.75,0,6,3,900.0,13.13,630.24,269.76,22,17,1
2023-03-27,store_1,item_8,23,18.75,0,0,3,431.25,13.13,301.99,129.26,48,16,0
2023-03-28,store_1,item_8,36,18.75,0,1,3,675.0,13.13,472.68,202.32,23,22,0
2023-03-29,store_1,item_8,31,18.75,0,2,3,581.25,13.13,407.03,174.22,36,26,0
2023-03-31,store_1,item_8,26,18.75,0,4,3,487.5,13.13,341.38,146.12,31,30,0
2023-04-01,store_1,item_8,16,18.75,0,5,4,300.0,13.13,210.08,89.92,26,21,1
2023-04-02,store_1,item_8,25,18.75,0,6,4,468.75,13.13,328.25,140.5,16,22,1
2023-04-03,store_1,item_8,22,18.75,0,0,4,412.5,13.13,288.86,123.64,25,48,0
2023-04-05,store_1,item_8,36,18.75,0,2,4,675.0,13.13,472.68,202.32,22,23,0
2023-04-06,store_1,item_8,26,18.75,0,3,4,487.5,13.13,341.38,146.12,36,36,0
2023-04-07,store_1,item_8,28,18.75,0,4,4,525.0,13.13,367.64,157.36,26,31,0
2023-04-08,store_1,item_8,20,18.75,0,5,4,375.0,13.13,262.6,112.4,28,26,1
2023-04-10,store_1,item_8,22,18.75,0,0,4,412.5,13.13,288.86,123.64,20,16,0
2023-04-11,store_1,item_8,33,18.75,0,1,4,618.75,13.13,433.29,185.46,22,25,0
2023-04-12,store_1,item_8,28,18.75,0,2,4,525.0,13.13,367.64,157.36,33,22,0
2023-04-13,store_1,item_8,32,18.75,0,3,4,600.0,13.13,420.16,179.84,28,36,0
2023-04-15,store_1,item_8,28,15.0,1,5,4,420.0,10.5,294.0,126.0,32,26,1
2023-04-16,store_1,item_8,24,18.75,0,6,4,450.0,13.13,315.12,134.88,28,28,1
2023-04-17,store_1,item_8,24,18.75,0,0,4,450.0,13.13,315.12,134.88,24,20,0
2023-04-18,store_1,item_8,29,18.75,0,1,4,543.75,13.13,380.77,162.98,24,22,0
2023-04-20,store_1,item_8,27,18.75,0,3,4,506.25,13.13,354.51,151.74,29,33,0
2023-04-21,store_1,item_8,23,18.75,0,4,4,431.25,13.13,301.99,129.26,27,28,0
2023-04-22,store_1,item_8,25,18.75,0,5,4,468.75,13.13,328.25,140.5,23,32,1
2023-04-23,store_1,item_8,19,18.75,0,6,4,356.25,13.13,249.47,106.78,25,28,1
2023-04-25,store_1,item_8,32,18.75,0,1,4,600.0,13.13,420.16,179.84,19,24,0
2023-04-26,store_1,item_8,29,18.75,0,2,4,543.75,13.13,380.77,162.98,32,24,0
2023-04-27,store_1,item_8,29,18.75,0,3,4,543.75,13.13,380.77,162.98,29,29,0
2023-04-28,store_1,item_8,30,18.75,0,4,4,562.5,13.13,393.9,168.6,29,27,0
2023-04-30,store_1,item_8,24,18.75,0,6,4,450.0,13.13,315.12,134.88,30,23,1
2023-05-01,store_1,item_8,26,18.75,0,0,5,487.5,13.13,341.38,146.12,24,25,0
2023-05-02,store_1,item_8,30,18.75,0,1,5,562.5,13.13,393.9,168.6,26,19,0
2023-05-03,store_1,item_8,31,18.75,0,2,5,581.25,13.13,407.03,174.22,30,32,0
2023-05-05,store_1,item_8,36,15.0,1,4,5,540.0,10.5,378.0,162.0,31,29,0
2023-05-06,store_1,item_8,19,18.75,0,5,5,356.25,13.13,249.47,106.78,36,29,1
2023-05-07,store_1,item_8,28,15.0,1,6,5,420.0,10.5,294.0,126.0,19,30,1
2023-05-08,store_1,item_8,60,18.75,0,0,5,1125.0,13.13,787.8,337.2,28,24,0
2023-05-10,store_1,item_8,44,15.0,1,2,5,660.0,10.5,462.0,198.0,60,26,0
2023-05-11,store_1,item_8,28,18.75,0,3,5,525.0,13.13,367.64,157.36,44,30,0
2023-05-12,store_1,item_8,21,18.75,0,4,5,393.75,13.13,275.73,118.02,28,31,0
2023-05-13,store_1,item_8,19,18.75,0,5,5,356.25,13.13,249.47,106.78,21,36,1
2023-05-15,store_1,item_8,25,18.75,0,0,5,468.75,13.13,328.25,140.5,19,19,0
2023-05-16,store_1,item_8,30,18.75,0,1,5,562.5,13.13,393.9,168.6,25,28,0
2023-05-17,store_1,item_8,30,18.75,0,2,5,562.5,13.13,393.9,168.6,30,60,0
2023-05-18,store_1,item_8,25,18.75,0,3,5,468.75,13.13,328.25,140.5,30,44,0
2023-05-20,store_1,item_8,20,18.75,0,5,5,375.0,13.13,262.6,112.4,25,28,1
2023-05-21,store_1,item_8,33,15.0,1,6,5,495.0,10.5,346.5,148.5,20,21,1
2023-05-22,store_1,item_8,24,18.75,0,0,5,450.0,13.13,315.12,134.88,33,19,0
2023-05-23,store_1,item_8,30,18.75,0,1,5,562.5,13.13,393.9,168.6,24,25,0
2023-05-25,store_1,item_8,25,18.75,0,3,5,468.75,13.13,328.25,140.5,30,30,0
2023-05-26,store_1,item_8,21,18.75,0,4,5,393.75,13.13,275.73,118.02,25,30,0
2023-05-27,store_1,item_8,22,15.0,1,5,5,330.0,10.5,231.0,99.0,21,25,1
2023-05-28,store_1,item_8,14,18.75,0,6,5,262.5,13.13,183.82,78.68,22,20,1
2023-05-30,store_1,item_8,39,15.0,1,1,5,585.0,10.5,409.5,175.5,14,33,0
2023-05-31,store_1,item_8,42,15.0,1,2,5,630.0,10.5,441.0,189.0,39,24,0
2023-06-01,store_1,item_8,16,18.75,0,3,6,300.0,13.13,210.08,89.92,42,30,0
2023-06-02,store_1,item_8,23,18.75,0,4,6,431.25,13.13,301.99,129.26,16,25,0
2023-06-04,store_1,item_8,14,18.75,0,6,6,262.5,13.13,183.82,78.68,23,21,1
2023-06-05,store_1,item_8,26,18.75,0,0,6,487.5,13.13,341.38,146.12,14,22,0
2023-06-06,store_1,item_8,30,18.75,0,1,6,562.5,13.13,393.9,168.6,26,14,0
2023-06-07,store_1,item_8,22,18.75,0,2,6,412.5,13.13,288.86,123.64,30,39,0
2023-06-09,store_1,item_8,20,18.75,0,4,6,375.0,13.13,262.6,112.4,22,42,0
2023-06-10,store_1,item_8,20,15.0,1,5,6,300.0,10.5,210.0,90.0,20,16,1
2023-06-11,store_1,item_8,17,18.75,0,6,6,318.75,13.13,223.21,95.54,20,23,1
2023-06-12,store_1,item_8,25,18.75,0,0,6,468.75,13.13,328.25,140.5,17,14,0
2023-06-14,store_1,item_8,30,18.75,0,2,6,562.5,13.13,393.9,168.6,25,26,0
2023-06-15,store_1,item_8,35,15.0,1,3,6,525.0,10.5,367.5,157.5,30,30,0
2023-06-16,store_1,item_8,16,18.75,0,4,6,300.0,13.13,210.08,89.92,35,22,0
2023-06-17,store_1,item_8,17,18.75,0,5,6,318.75,13.13,223.21,95.54,16,20,1
2023-06-19,store_1,item_8,32,15.0,1,0,6,480.0,10.5,336.0,144.0,17,20,0
2023-06-20,store_1,item_8,23,18.75,0,1,6,431.25,13.13,301.99,129.26,32,17,0
2023-06-21,store_1,item_8,23,18.75,0,2,6,431.25,13.13,301.99,129.26,23,25,0
2023-06-22,store_1,item_8,17,18.75,0,3,6,318.75,13.13,223.21,95.54,23,30,0
2023-06-24,store_1,item_8,46,15.0,1,5,6,690.0,10.5,483.0,207.0,17,35,1
2023-06-25,store_1,item_8,13,18.75,0,6,6,243.75,13.13,170.69,73.06,46,16,1
2023-06-26,store_1,item_8,23,18.75,0,0,6,431.25,13.13,301.99,129.26,13,17,0
2023-06-27,store_1,item_8,23,18.75,0,1,6,431.25,13.13,301.99,129.26,23,32,0
2023-06-29,store_1,item_8,21,18.75,0,3,6,393.75,13.13,275.73,118.02,23,23,0
2023-06-30,store_1,item_8,20,18.75,0,4,6,375.0,13.13,262.6,112.4,21,23,0
2023-07-01,store_1,item_8,20,18.75,0,5,7,375.0,13.13,262.6,112.4,20,17,1
2023-07-02,store_1,item_8,29,15.0,1,6,7,435.0,10.5,304.5,130.5,20,46,1
2023-07-04,store_1,item_8,18,18.75,0,1,7,337.5,13.13,236.34,101.16,29,13,0
2023-07-05,store_1,item_8,20,18.75,0,2,7,375.0,13.13,262.6,112.4,18,23,0
2023-07-06,store_1,item_8,16,18.75,0,3,7,300.0,13.13,210.08,89.92,20,23,0
2023-07-07,store_1,item_8,20,18.75,0,4,7,375.0,13.13,262.6,112.4,16,21,0
2023-07-09,store_1,item_8,19,18.75,0,6,7,356.25,13.13,249.47,106.78,20,20,1
2023-07-10,store_1,item_8,14,18.75,0,0,7,262.5,13.13,183.82,78.68,19,20,0
2023-07-11,store_1,item_8,19,18.75,0,1,7,356.25,13.13,249.47,106.78,14,29,0
2023-07-12,store_1,item_8,19,18.75,0,2,7,356.25,13.13,249.47,106.78,19,18,0
2023-07-14,store_1,item_8,19,18.75,0,4,7,356.25,13.13,249.47,106.78,19,20,0
2023-07-15,store_1,item_8,8,18.75,0,5,7,150.0,13.13,105.04,44.96,19,16,1
2023-07-16,store_1,item_8,14,18.75,0,6,7,262.5,13.13,183.82,78.68,8,20,1
2023-07-17,store_1,item_8,21,18.75,0,0,7,393.75,13.13,275.73,118.02,14,19,0
2023-07-19,store_1,item_8,22,18.75,0,2,7,412.5,13.13,288.86,123.64,21,14,0
2023-07-20,store_1,item_8,19,18.75,0,3,7,356.25,13.13,249.47,106.78,22,19,0
2023-07-21,store_1,item_8,13,18.75,0,4,7,243.75,13.13,170.69,73.06,19,19,0
2023-07-22,store_1,item_8,17,18.75,0,5,7,318.75,13.13,223.21,95.54,13,19,1
2023-07-24,store_1,item_8,12,18.75,0,0,7,225.0,13.13,157.56,67.44,17,8,0
2023-07-25,store_1,item_8,20,18.75,0,1,7,375.0,13.13,262.6,112.4,12,14,0
2023-07-26,store_1,item_8,19,18.75,0,2,7,356.25,13.13,249.47,106.78,20,21,0
2023-07-27,store_1,item_8,20,18.75,0,3,7,375.0,13.13,262.6,112.4,19,22,0
2023-07-29,store_1,item_8,25,15.0,1,5,7,375.0,10.5,262.5,112.5,20,19,1
2023-07-30,store_1,item_8,15,18.75,0,6,7,281.25,13.13,196.95,84.3,25,13,1
2023-07-31,store_1,item_8,20,18.75,0,0,7,375.0,13.13,262.6,112.4,15,17,0
2023-08-01,store_1,item_8,16,18.75,0,1,8,300.0,13.13,210.08,89.92,20,12,0
2023-08-03,store_1,item_8,17,18.75,0,3,8,318.75,13.13,223.21,95.54,16,20,0
2023-08-04,store_1,item_8,13,18.75,0,4,8,243.75,13.13,170.69,73.06,17,19,0
2023-08-05,store_1,item_8,10,18.75,0,5,8,187.5,13.13,131.3,56.2,13,20,1
2023-08-06,store_1,item_8,18,18.75,0,6,8,337.5,13.13,236.34,101.16,10,25,1
2023-08-08,store_1,item_8,25,15.0,1,1,8,375.0,10.5,262.5,112.5,18,15,0
2023-08-09,store_1,item_8,21,18.75,0,2,8,393.75,13.13,275.73,118.02,25,20,0
2023-08-10,store_1,item_8,24,15.0,1,3,8,360.0,10.5,252.0,108.0,21,16,0
2023-08-11,store_1,item_8,12,18.75,0,4,8,225.0,13.13,157.56,67.44,24,17,0
2023-08-13,store_1,item_8,16,15.0,1,6,8,240.0,10.5,168.0,72.0,12,13,1
2023-08-14,store_1,item_8,21,18.75,0,0,8,393.75,13.13,275.73,118.02,16,10,0
2023-08-15,store_1,item_8,15,18.75,0,1,8,281.25,13.13,196.95,84.3,21,18,0
2023-08-16,store_1,item_8,20,18.75,0,2,8,375.0,13.13,262.6,112.4,15,25,0
2023-08-18,store_1,item_8,23,15.0,1,4,8,345.0,10.5,241.5,103.5,20,21,0
2023-08-19,store_1,item_8,8,18.75,0,5,8,150.0,13.13,105.04,44.96,23,24,1
2023-08-20,store_1,item_8,8,18.75,0,6,8,150.0,13.13,105.04,44.96,8,12,1
2023-08-21,store_1,item_8,17,18.75,0,0,8,318.75,13.13,223.21,95.54,8,16,0
2023-08-23,store_1,item_8,14,18.75,0,2,8,262.5,13.13,183.82,78.68,17,21,0
2023-08-24,store_1,item_8,16,18.75,0,3,8,300.0,13.13,210.08,89.92,14,15,0
2023-08-25,store_1,item_8,9,18.75,0,4,8,168.75,13.13,118.17,50.58,16,20,0
2023-08-26,store_1,item_8,8,18.75,0,5,8,150.0,13.13,105.04,44.96,9,23,1
2023-08-28,store_1,item_8,8,18.75,0,0,8,150.0,13.13,105.04,44.96,8,8,0
2023-08-29,store_1,item_8,12,18.75,0,1,8,225.0,13.13,157.56,67.44,8,8,0
2023-08-30,store_1,item_8,21,18.75,0,2,8,393.75,13.13,275.73,118.02,12,17,0
2023-08-31,store_1,item_8,18,18.75,0,3,8,337.5,13.13,236.34,101.16,21,14,0
2023-09-02,store_1,item_8,13,18.75,0,5,9,243.75,13.13,170.69,73.06,18,16,1
2023-09-03,store_1,item_8,16,18.75,0,6,9,300.0,13.13,210.08,89.92,13,9,1
2023-09-04,store_1,item_8,13,18.75,0,0,9,243.75,13.13,170.69,73.06,16,8,0
2023-09-05,store_1,item_8,16,18.75,0,1,9,300.0,13.13,210.08,89.92,13,8,0
2023-09-07,store_1,item_8,10,18.75,0,3,9,187.5,13.13,131.3,56.2,16,12,0
2023-09-08,store_1,item_8,14,18.75,0,4,9,262.5,13.13,183.82,78.68,10,21,0
2023-09-09,store_1,item_8,15,15.0,1,5,9,225.0,10.5,157.5,67.5,14,18,1
2023-09-10,store_1,item_8,10,18.75,0,6,9,187.5,13.13,131.3,56.2,15,13,1
2023-09-12,store_1,item_8,11,18.75,0,1,9,206.25,13.13,144.43,61.82,10,16,0
2023-09-13,store_1,item_8,17,18.75,0,2,9,318.75,13.13,223.21,95.54,11,13,0
2023-09-14,store_1,item_8,16,18.75,0,3,9,300.0,13.13,210.08,89.92,17,16,0
2023-09-15,store_1,item_8,11,18.75,0,4,9,206.25,13.13,144.43,61.82,16,10,0
2023-09-17,store_1,item_8,12,18.75,0,6,9,225.0,13.13,157.56,67.44,11,14,1
2023-09-18,store_1,item_8,16,18.75,0,0,9,300.0,13.13,210.08,89.92,12,15,0
2023-09-19,store_1,item_8,15,18.75,0,1,9,281.25,13.13,196.95,84.3,16,10,0
2023-09-20,store_1,item_8,13,18.75,0,2,9,243.75,13.13,170.69,73.06,15,11,0
2023-09-22,store_1,item_8,11,18.75,0,4,9,206.25,13.13,144.43,61.82,13,17,0
2023-09-23,store_1,item_8,9,18.75,0,5,9,168.75,13.13,118.17,50.58,11,16,1
2023-09-24,store_1,item_8,12,18.75,0,6,9,225.0,13.13,157.56,67.44,9,11,1
2023-09-25,store_1,item_8,14,18.75,0,0,9,262.5,13.13,183.82,78.68,12,12,0
2023-09-27,store_1,item_8,14,18.75,0,2,9,262.5,13.13,183.82,78.68,14,16,0
2023-09-28,store_1,item_8,15,18.75,0,3,9,281.25,13.13,196.95,84.3,14,15,0
2023-09-29,store_1,item_8,16,18.75,0,4,9,300.0,13.13,210.08,89.92,15,13,0
2023-09-30,store_1,item_8,12,18.75,0,5,9,225.0,13.13,157.56,67.44,16,11,1
2023-10-02,store_1,item_8,14,18.75,0,0,10,262.5,13.13,183.82,78.68,12,9,0
2023-10-03,store_1,item_8,22,15.0,1,1,10,330.0,10.5,231.0,99.0,14,12,0
2023-10-04,store_1,item_8,19,18.75,0,2,10,356.25,13.13,249.47,106.78,22,14,0
2023-10-05,store_1,item_8,11,18.75,0,3,10,206.25,13.13,144.43,61.82,19,14,0
2023-10-07,store_1,item_8,11,18.75,0,5,10,206.25,13.13,144.43,61.82,11,15,1
2023-10-08,store_1,item_8,13,18.75,0,6,10,243.75,13.13,170.69,73.06,11,16,1
2023-10-09,store_1,item_8,17,18.75,0,0,10,318.75,13.13,223.21,95.54,13,12,0
2023-10-10,store_1,item_8,18,18.75,0,1,10,337.5,13.13,236.34,101.16,17,14,0
2023-10-12,store_1,item_8,17,18.75,0,3,10,318.75,13.13,223.21,95.54,18,22,0
2023-10-13,store_1,item_8,16,18.75,0,4,10,300.0,13.13,210.08,89.92,17,19,0
2023-10-14,store_1,item_8,8,18.75,0,5,10,150.0,13.13,105.04,44.96,16,11,1
2023-10-15,store_1,item_8,18,18.75,0,6,10,337.5,13.13,236.34,101.16,8,11,1
2023-10-17,store_1,item_8,15,18.75,0,1,10,281.25,13.13,196.95,84.3,18,13,0
2023-10-18,store_1,item_8,18,18.75,0,2,10,337.5,13.13,236.34,101.16,15,17,0
2023-10-19,store_1,item_8,19,15.0,1,3,10,285.0,10.5,199.5,85.5,18,18,0
2023-10-20,store_1,item_8,12,18.75,0,4,10,225.0,13.13,157.56,67.44,19,17,0
2023-10-22,store_1,item_8,16,15.0,1,6,10,240.0,10.5,168.0,72.0,12,16,1
2023-10-23,store_1,item_8,16,18.75,0,0,10,300.0,13.13,210.08,89.92,16,8,0
2023-10-24,store_1,item_8,25,15.0,1,1,10,375.0,10.5,262.5,112.5,16,18,0
2023-10-25,store_1,item_8,13,18.75,0,2,10,243.75,13.13,170.69,73.06,25,15,0
2023-10-27,store_1,item_8,7,18.75,0,4,10,131.25,13.13,91.91,39.34,13,18,0
2023-10-28,store_1,item_8,14,18.75,0,5,10,262.5,13.13,183.82,78.68,7,19,1
2023-10-29,store_1,item_8,11,18.75,0,6,10,206.25,13.13,144.43,61.82,14,12,1
2023-10-30,store_1,item_8,17,18.75,0,0,10,318.75,13.13,223.21,95.54,11,16,0
2023-11-01,store_1,item_8,15,18.75,0,2,11,281.25,13.13,196.95,84.3,17,16,0
2023-11-02,store_1,item_8,17,18.75,0,3,11,318.75,13.13,223.21,95.54,15,25,0
2023-11-03,store_1,item_8,18,18.75,0,4,11,337.5,13.13,236.34,101.16,17,13,0
2023-11-04,store_1,item_8,10,18.75,0,5,11,187.5,13.13,131.3,56.2,18,7,1
2023-11-06,store_1,item_8,16,18.75,0,0,11,300.0,13.13,210.08,89.92,10,14,0
2023-11-07,store_1,item_8,25,18.75,0,1,11,468.75,13.13,328.25,140.5,16,11,0
2023-11-08,store_1,item_8,20,18.75,0,2,11,375.0,13.13,262.6,112.4,25,17,0
2023-11-09,store_1,item_8,14,18.75,0,3,11,262.5,13.13,183.82,78.68,20,15,0
2023-11-11,store_1,item_8,11,18.75,0,5,11,206.25,13.13,144.43,61.82,14,17,1
2023-11-12,store_1,item_8,7,18.75,0,6,11,131.25,13.13,91.91,39.34,11,18,1
2023-11-13,store_1,item_8,15,18.75,0,0,11,281.25,13.13,196.95,84.3,7,10,0
2023-11-14,store_1,item_8,18,18.75,0,1,11,337.5,13.13,236.34,101.16,15,16,0
2023-11-16,store_1,item_8,12,18.75,0,3,11,225.0,13.13,157.56,67.44,18,25,0
2023-11-17,store_1,item_8,15,18.75,0,4,11,281.25,13.13,196.95,84.3,12,20,0
2023-11-18,store_1,item_8,10,18.75,0,5,11,187.5,13.13,131.3,56.2,15,14,1
2023-11-19,store_1,item_8,12,18.75,0,6,11,225.0,13.13,157.56,67.44,10,11,1
2023-11-21,store_1,item_8,22,18.75,0,1,11,412.5,13.13,288.86,123.64,12,7,0
2023-11-22,store_1,item_8,17,18.75,0,2,11,318.75,13.13,223.21,95.54,22,15,0
2023-11-23,store_1,item_8,21,18.75,0,3,11,393.75,13.13,275.73,118.02,17,18,0
2023-11-24,store_1,item_8,15,18.75,0,4,11,281.25,13.13,196.95,84.3,21,12,0
2023-11-26,store_1,item_8,14,18.75,0,6,11,262.5,13.13,183.82,78.68,15,15,1
2023-11-27,store_1,item_8,14,18.75,0,0,11,262.5,13.13,183.82,78.68,14,10,0
2023-11-28,store_1,item_8,20,18.75,0,1,11,375.0,13.13,262.6,112.4,14,12,0
2023-11-29,store_1,item_8,50,18.75,0,2,11,937.5,13.13,656.5,281.0,20,22,0
2023-12-01,store_1,item_8,17,18.75,0,4,12,318.75,13.13,223.21,95.54,50,17,0
2023-12-02,store_1,item_8,19,18.75,0,5,12,356.25,13.13,249.47,106.78,17,21,1
2023-12-03,store_1,item_8,16,18.75,0,6,12,300.0,13.13,210.08,89.92,19,15,1
2023-12-04,store_1,item_8,20,18.75,0,0,12,375.0,13.13,262.6,112.4,16,14,0
2023-12-06,store_1,item_8,20,18.75,0,2,12,375.0,13.13,262.6,112.4,20,14,0
2023-12-07,store_1,item_8,21,18.75,0,3,12,393.75,13.13,275.73,118.02,20,20,0
2023-12-08,store_1,item_8,15,18.75,0,4,12,281.25,13.13,196.95,84.3,21,50,0
2023-12-09,store_1,item_8,20,15.0,1,5,12,300.0,10.5,210.0,90.0,15,17,1
2023-12-11,store_1,item_8,20,18.75,0,0,12,375.0,13.13,262.6,112.4,20,19,0
2023-12-12,store_1,item_8,29,15.0,1,1,12,435.0,10.5,304.5,130.5,20,16,0
2023-12-13,store_1,item_8,23,18.75,0,2,12,431.25,13.13,301.99,129.26,29,20,0
2023-12-14,store_1,item_8,19,18.75,0,3,12,356.25,13.13,249.47,106.78,23,20,0
2023-12-16,store_1,item_8,12,18.75,0,5,12,225.0,13.13,157.56,67.44,19,21,1
2023-12-17,store_1,item_8,19,18.75,0,6,12,356.25,13.13,249.47,106.78,12,15,1
2023-12-18,store_1,item_8,17,18.75,0,0,12,318.75,13.13,223.21,95.54,19,20,0
2023-12-19,store_1,item_8,26,18.75,0,1,12,487.5,13.13,341.38,146.12,17,20,0
2023-12-21,store_1,item_8,25,18.75,0,3,12,468.75,13.13,328.25,140.5,26,29,0
2023-12-22,store_1,item_8,17,18.75,0,4,12,318.75,13.13,223.21,95.54,25,23,0
2023-12-23,store_1,item_8,18,18.75,0,5,12,337.5,13.13,236.34,101.16,17,19,1
2023-12-24,store_1,item_8,12,18.75,0,6,12,225.0,13.13,157.56,67.44,18,12,1
2023-12-26,store_1,item_8,23,18.75,0,1,12,431.25,13.13,301.99,129.26,12,19,0
2023-12-27,store_1,item_8,20,18.75,0,2,12,375.0,13.13,262.6,112.4,23,17,0
2023-12-28,store_1,item_8,25,18.75,0,3,12,468.75,13.13,328.25,140.5,20,26,0
2023-12-29,store_1,item_8,19,18.75,0,4,12,356.25,13.13,249.47,106.78,25,25,0
2023-12-31,store_1,item_8,14,18.75,0,6,12,262.5,13.13,183.82,78.68,19,17,1
2023-01-04,store_2,item_8,16,18.75,0,2,1,300.0,13.13,210.08,89.92,0,0,0
2023-01-09,store_2,item_8,15,18.75,0,0,1,281.25,13.13,196.95,84.3,16,0,0
2023-01-14,store_2,item_8,29,15.0,1,5,1,435.0,10.5,304.5,130.5,15,0,1
2023-01-19,store_2,item_8,19,18.75,0,3,1,356.25,13.13,249.47,106.78,29,0,0
2023-01-24,store_2,item_8,24,18.75,0,1,1,450.0,13.13,315.12,134.88,19,0,0
2023-01-29,store_2,item_8,16,18.75,0,6,1,300.0,13.13,210.08,89.92,24,0,1
2023-02-03,store_2,item_8,17,18.75,0,4,2,318.75,13.13,223.21,95.54,16,0,0
2023-02-08,store_2,item_8,26,18.75,0,2,2,487.5,13.13,341.38,146.12,17,16,0
2023-02-13,store_2,item_8,29,18.75,0,0,2,543.75,13.13,380.77,162.98,26,15,0
2023-02-18,store_2,item_8,22,15.0,1,5,2,330.0,10.5,231.0,99.0,29,29,1
2023-02-23,store_2,item_8,25,18.75,0,3,2,468.75,13.13,328.25,140.5,22,19,0
2023-02-28,store_2,item_8,22,18.75,0,1,2,412.5,13.13,288.86,123.64,25,24,0
2023-03-05,store_2,item_8,21,18.75,0,6,3,393.75,13.13,275.73,118.02,22,16,1
2023-03-10,store_2,item_8,18,18.75,0,4,3,337.5,13.13,236.34,101.16,21,17,0
2023-03-15,store_2,item_8,28,18.75,0,2,3,525.0,13.13,367.64,157.36,18,26,0
2023-03-20,store_2,item_8,33,15.0,1,0,3,495.0,10.5,346.5,148.5,28,29,0
2023-03-25,store_2,item_8,15,18.75,0,5,3,281.25,13.13,196.95,84.3,33,22,1
2023-03-30,store_2,item_8,21,18.75,0,3,3,393.75,13.13,275.73,118.02,15,25,0
2023-04-04,store_2,item_8,27,18.75,0,1,4,506.25,13.13,354.51,151.74,21,22,0
2023-04-09,store_2,item_8,18,18.75,0,6,4,337.5,13.13,236.34,101.16,27,21,1
2023-04-14,store_2,item_8,19,18.75,0,4,4,356.25,13.13,249.47,106.78,18,18,0
2023-04-19,store_2,item_8,23,18.75,0,2,4,431.25,13.13,301.99,129.26,19,28,0
2023-04-24,store_2,item_8,23,18.75,0,0,4,431.25,13.13,301.99,129.26,23,33,0
2023-04-29,store_2,item_8,17,18.75,0,5,4,318.75,13.13,223.21,95.54,23,15,1
2023-05-04,store_2,item_8,27,18.75,0,3,5,506.25,13.13,354.51,151.74,17,21,0
2023-05-09,store_2,item_8,21,18.75,0,1,5,393.75,13.13,275.73,118.02,27,27,0
2023-05-14,store_2,item_8,20,18.75,0,6,5,375.0,13.13,262.6,112.4,21,18,1
2023-05-19,store_2,item_8,19,18.75,0,4,5,356.25,13.13,249.47,106.78,20,19,0
2023-05-24,store_2,item_8,19,18.75,0,2,5,356.25,13.13,249.47,106.78,19,23,0
2023-05-29,store_2,item_8,22,18.75,0,0,5,412.5,13.13,288.86,123.64,19,23,0
2023-06-03,store_2,item_8,19,18.75,0,5,6,356.25,13.13,249.47,106.78,22,17,1
2023-06-08,store_2,item_8,22,18.75,0,3,6,412.5,13.13,288.86,123.64,19,27,0
2023-06-13,store_2,item_8,20,18.75,0,1,6,375.0,13.13,262.6,112.4,22,21,0
2023-06-18,store_2,item_8,19,15.0,1,6,6,285.0,10.5,199.5,85.5,20,20,1
2023-06-23,store_2,item_8,17,18.75,0,4,6,318.75,13.13,223.21,95.54,19,19,0
2023-06-28,store_2,item_8,19,18.75,0,2,6,356.25,13.13,249.47,106.78,17,19,0
2023-07-03,store_2,item_8,22,18.75,0,0,7,412.5,13.13,288.86,123.64,19,22,0
2023-07-08,store_2,item_8,13,18.75,0,5,7,243.75,13.13,170.69,73.06,22,19,1
2023-07-13,store_2,item_8,21,18.75,0,3,7,393.75,13.13,275.73,118.02,13,22,0
2023-07-18,store_2,item_8,22,18.75,0,1,7,412.5,13.13,288.86,123.64,21,20,0
2023-07-23,store_2,item_8,10,18.75,0,6,7,187.5,13.13,131.3,56.2,22,19,1
2023-07-28,store_2,item_8,16,18.75,0,4,7,300.0,13.13,210.08,89.92,10,17,0
2023-08-02,store_2,item_8,20,18.75,0,2,8,375.0,13.13,262.6,112.4,16,19,0
2023-08-07,store_2,item_8,28,18.75,0,0,8,525.0,13.13,367.64,157.36,20,22,0
2023-08-12,store_2,item_8,19,18.75,0,5,8,356.25,13.13,249.47,106.78,28,13,1
2023-08-17,store_2,item_8,15,18.75,0,3,8,281.25,13.13,196.95,84.3,19,21,0
2023-08-22,store_2,item_8,11,18.75,0,1,8,206.25,13.13,144.43,61.82,15,22,0
2023-08-27,store_2,item_8,10,18.75,0,6,8,187.5,13.13,131.3,56.2,11,10,1
2023-09-01,store_2,item_8,18,18.75,0,4,9,337.5,13.13,236.34,101.16,10,16,0
2023-09-06,store_2,item_8,17,18.75,0,2,9,318.75,13.13,223.21,95.54,18,20,0
2023-09-11,store_2,item_8,22,15.0,1,0,9,330.0,10.5,231.0,99.0,17,28,0
2023-09-16,store_2,item_8,10,18.75,0,5,9,187.5,13.13,131.3,56.2,22,19,1
2023-09-21,store_2,item_8,12,18.75,0,3,9,225.0,13.13,157.56,67.44,10,15,0
2023-09-26,store_2,item_8,22,15.0,1,1,9,330.0,10.5,231.0,99.0,12,11,0
2023-10-01,store_2,item_8,14,18.75,0,6,10,262.5,13.13,183.82,78.68,22,10,1
2023-10-06,store_2,item_8,16,15.0,1,4,10,240.0,10.5,168.0,72.0,14,18,0
2023-10-11,store_2,item_8,17,18.75,0,2,10,318.75,13.13,223.21,95.54,16,17,0
2023-10-16,store_2,item_8,16,18.75,0,0,10,300.0,13.13,210.08,89.92,17,22,0
2023-10-21,store_2,item_8,9,18.75,0,5,10,168.75,13.13,118.17,50.58,16,10,1
2023-10-26,store_2,item_8,11,18.75,0,3,10,206.25,13.13,144.43,61.82,9,12,0
2023-10-31,store_2,item_8,24,18.75,0,1,10,450.0,13.13,315.12,134.88,11,22,0
2023-11-05,store_2,item_8,17,15.0,1,6,11,255.0,10.5,178.5,76.5,24,14,1
2023-11-10,store_2,item_8,11,18.75,0,4,11,206.25,13.13,144.43,61.82,17,16,0
2023-11-15,store_2,item_8,17,18.75,0,2,11,318.75,13.13,223.21,95.54,11,17,0
2023-11-20,store_2,item_8,12,18.75,0,0,11,225.0,13.13,157.56,67.44,17,16,0
2023-11-25,store_2,item_8,13,18.75,0,5,11,243.75,13.13,170.69,73.06,12,9,1
2023-11-30,store_2,item_8,17,18.75,0,3,11,318.75,13.13,223.21,95.54,13,11,0
2023-12-05,store_2,item_8,20,18.75,0,1,12,375.0,13.13,262.6,112.4,17,24,0
2023-12-10,store_2,item_8,10,18.75,0,6,12,187.5,13.13,131.3,56.2,20,17,1
2023-12-15,store_2,item_8,15,18.75,0,4,12,281.25,13.13,196.95,84.3,10,11,0
2023-12-20,store_2,item_8,18,18.75,0,2,12,337.5,13.13,236.34,101.16,15,17,0
2023-12-25,store_2,item_8,14,18.75,0,0,12,262.5,13.13,183.82,78.68,18,12,0
2023-12-30,store_2,item_8,13,18.75,0,5,12,243.75,13.13,170.69,73.06,14,13,1
2023-01-01,store_1,item_9,8,21.93,0,6,1,175.44,15.35,122.8,52.64,0,0,1
2023-01-03,store_1,item_9,17,21.93,0,1,1,372.81,15.35,260.95,111.86,8,0,0
2023-01-04,store_1,item_9,18,21.93,0,2,1,394.74,15.35,276.3,118.44,17,0,0
2023-01-05,store_1,item_9,20,21.93,0,3,1,438.6,15.35,307.0,131.6,18,0,0
2023-01-06,store_1,item_9,12,21.93,0,4,1,263.16,15.35,184.2,78.96,20,0,0
2023-01-08,store_1,item_9,13,21.93,0,6,1,285.09,15.35,199.55,85.54,12,0,1
2023-01-09,store_1,item_9,13,21.93,0,0,1,285.09,15.35,199.55,85.54,13,0,0
2023-01-10,store_1,item_9,23,21.93,0,1,1,504.39,15.35,353.05,151.34,13,8,0
2023-01-11,store_1,item_9,19,21.93,0,2,1,416.67,15.35,291.65,125.02,23,17,0
2023-01-13,store_1,item_9,13,21.93,0,4,1,285.09,15.35,199.55,85.54,19,18,0
2023-01-14,store_1,item_9,13,21.93,0,5,1,285.09,15.35,199.55,85.54,13,20,1
2023-01-15,store_1,item_9,12,21.93,0,6,1,263.16,15.35,184.2,78.96,13,12,1
2023-01-16,store_1,item_9,15,21.93,0,0,1,328.95,15.35,230.25,98.7,12,13,0
2023-01-18,store_1,item_9,12,21.93,0,2,1,263.16,15.35,184.2,78.96,15,13,0
2023-01-19,store_1,item_9,16,21.93,0,3,1,350.88,15.35,245.6,105.28,12,23,0
2023-01-20,store_1,item_9,14,21.93,0,4,1,307.02,15.35,214.9,92.12,16,19,0
2023-01-21,store_1,item_9,14,21.93,0,5,1,307.02,15.35,214.9,92.12,14,13,1
2023-01-23,store_1,item_9,11,21.93,0,0,1,241.23,15.35,168.85,72.38,14,13,0
2023-01-24,store_1,item_9,14,21.93,0,1,1,307.02,15.35,214.9,92.12,11,12,0
2023-01-25,store_1,item_9,21,21.93,0,2,1,460.53,15.35,322.35,138.18,14,15,0
2023-01-26,store_1,item_9,14,21.93,0,3,1,307.02,15.35,214.9,92.12,21,12,0
2023-01-28,store_1,item_9,11,21.93,0,5,1,241.23,15.35,168.85,72.38,14,16,1
2023-01-29,store_1,item_9,18,17.54,1,6,1,315.72,12.28,221.04,94.68,11,14,1
2023-01-30,store_1,item_9,13,21.93,0,0,1,285.09,15.35,199.55,85.54,18,14,0
2023-01-31,store_1,item_9,15,21.93,0,1,1,328.95,15.35,230.25,98.7,13,11,0
2023-02-02,store_1,item_9,19,21.93,0,3,2,416.67,15.35,291.65,125.02,15,14,0
2023-02-03,store_1,item_9,18,21.93,0,4,2,394.74,15.35,276.3,118.44,19,21,0
2023-02-04,store_1,item_9,17,21.93,0,5,2,372.81,15.35,260.95,111.86,18,14,1
2023-02-05,store_1,item_9,6,21.93,0,6,2,131.58,15.35,92.1,39.48,17,11,1
2023-02-07,store_1,item_9,17,21.93,0,1,2,372.81,15.35,260.95,111.86,6,18,0
2023-02-08,store_1,item_9,22,21.93,0,2,2,482.46,15.35,337.7,144.76,17,13,0
2023-02-09,store_1,item_9,15,21.93,0,3,2,328.95,15.35,230.25,98.7,22,15,0
2023-02-10,store_1,item_9,12,21.93,0,4,2,263.16,15.35,184.2,78.96,15,19,0
2023-02-12,store_1,item_9,13,21.93,0,6,2,285.09,15.35,199.55,85.54,12,18,1
2023-02-13,store_1,item_9,27,17.54,1,0,2,473.58,12.28,331.56,142.02,13,17,0
2023-02-14,store_1,item_9,20,21.93,0,1,2,438.6,15.35,307.0,131.6,27,6,0
2023-02-15,store_1,item_9,16,21.93,0,2,2,350.88,15.35,245.6,105.28,20,17,0
2023-02-17,store_1,item_9,17,21.93,0,4,2,372.81,15.35,260.95,111.86,16,22,0
2023-02-18,store_1,item_9,16,21.93,0,5,2,350.88,15.35,245.6,105.28,17,15,1
2023-02-19,store_1,item_9,18,21.93,0,6,2,394.74,15.35,276.3,118.44,16,12,1
2023-02-20,store_1,item_9,12,21.93,0,0,2,263.16,15.35,184.2,78.96,18,13,0
2023-02-22,store_1,item_9,22,21.93,0,2,2,482.46,15.35,337.7,144.76,12,27,0
2023-02-23,store_1,item_9,16,21.93,0,3,2,350.88,15.35,245.6,105.28,22,20,0
2023-02-24,store_1,item_9,14,21.93,0,4,2,307.02,15.35,214.9,92.12,16,16,0
2023-02-25,store_1,item_9,13,21.93,0,5,2,285.09,15.35,199.55,85.54,14,17,1
2023-02-27,store_1,item_9,16,21.93,0,0,2,350.88,15.35,245.6,105.28,13,16,0
2023-02-28,store_1,item_9,22,21.93,0,1,2,482.46,15.35,337.7,144.76,16,18,0
2023-03-01,store_1,item_9,50,21.93,0,2,3,1096.5,15.35,767.5,329.0,22,12,0
2023-03-02,store_1,item_9,22,21.93,0,3,3,482.46,15.35,337.7,144.76,50,22,0
2023-03-04,store_1,item_9,15,21.93,0,5,3,328.95,15.35,230.25,98.7,22,16,1
2023-03-05,store_1,item_9,15,21.93,0,6,3,328.95,15.35,230.25,98.7,15,14,1
2023-03-06,store_1,item_9,18,21.93,0,0,3,394.74,15.35,276.3,118.44,15,13,0
2023-03-07,store_1,item_9,18,21.93,0,1,3,394.74,15.35,276.3,118.44,18,16,0
2023-03-09,store_1,item_9,17,21.93,0,3,3,372.81,15.35,260.95,111.86,18,22,0
2023-03-10,store_1,item_9,15,21.93,0,4,3,328.95,15.35,230.25,98.7,17,50,0
2023-03-11,store_1,item_9,12,21.93,0,5,3,263.16,15.35,184.2,78.96,15,22,1
2023-03-12,store_1,item_9,23,17.54,1,6,3,403.42,12.28,282.44,120.98,12,15,1
2023-03-14,store_1,item_9,9,21.93,0,1,3,197.37,15.35,138.15,59.22,23,15,0
2023-03-15,store_1,item_9,22,21.93,0,2,3,482.46,15.35,337.7,144.76,9,18,0
2023-03-16,store_1,item_9,23,21.93,0,3,3,504.39,15.35,353.05,151.34,22,18,0
2023-03-17,store_1,item_9,16,21.93,0,4,3,350.88,15.35,245.6,105.28,23,17,0
2023-03-19,store_1,item_9,16,21.93,0,6,3,350.88,15.35,245.6,105.28,16,15,1
2023-03-20,store_1,item_9,21,21.93,0,0,3,460.53,15.35,322.35,138.18,16,12,0
2023-03-21,store_1,item_9,25,21.93,0,1,3,548.25,15.35,383.75,164.5,21,23,0
2023-03-22,store_1,item_9,23,21.93,0,2,3,504.39,15.35,353.05,151.34,25,9,0
2023-03-24,store_1,item_9,16,21.93,0,4,3,350.88,15.35,245.6,105.28,23,22,0
2023-03-25,store_1,item_9,13,21.93,0,5,3,285.09,15.35,199.55,85.54,16,23,1
2023-03-26,store_1,item_9,13,21.93,0,6,3,285.09,15.35,199.55,85.54,13,16,1
2023-03-27,store_1,item_9,20,21.93,0,0,3,438.6,15.35,307.0,131.6,13,16,0
2023-03-29,store_1,item_9,26,21.93,0,2,3,570.18,15.35,399.1,171.08,20,21,0
2023-03-30,store_1,item_9,19,21.93,0,3,3,416.67,15.35,291.65,125.02,26,25,0
2023-03-31,store_1,item_9,25,21.93,0,4,3,548.25,15.35,383.75,164.5,19,23,0
2023-04-01,store_1,item_9,12,21.93,0,5,4,263.16,15.35,184.2,78.96,25,16,1
2023-04-03,store_1,item_9,17,21.93,0,0,4,372.81,15.35,260.95,111.86,12,13,0
2023-04-04,store_1,item_9,28,17.54,1,1,4,491.12,12.28,343.84,147.28,17,13,0
2023-04-05,store_1,item_9,24,21.93,0,2,4,526.32,15.35,368.4,157.92,28,20,0
2023-04-06,store_1,item_9,16,21.93,0,3,4,350.88,15.35,245.6,105.28,24,26,0
2023-04-08,store_1,item_9,16,21.93,0,5,4,350.88,15.35,245.6,105.28,16,19,1
2023-04-09,store_1,item_9,17,21.93,0,6,4,372.81,15.35,260.95,111.86,16,25,1
2023-04-10,store_1,item_9,22,17.54,1,0,4,385.88,12.28,270.16,115.72,17,12,0
2023-04-11,store_1,item_9,32,17.54,1,1,4,561.28,12.28,392.96,168.32,22,17,0
2023-04-13,store_1,item_9,16,21.93,0,3,4,350.88,15.35,245.6,105.28,32,28,0
2023-04-14,store_1,item_9,22,17.54,1,4,4,385.88,12.28,270.16,115.72,16,24,0
2023-04-15,store_1,item_9,8,21.93,0,5,4,175.44,15.35,122.8,52.64,22,16,1
2023-04-16,store_1,item_9,20,21.93,0,6,4,438.6,15.35,307.0,131.6,8,16,1
2023-04-18,store_1,item_9,16,21.93,0,1,4,350.88,15.35,245.6,105.28,20,17,0
2023-04-19,store_1,item_9,34,17.54,1,2,4,596.36,12.28,417.52,178.84,16,22,0
2023-04-20,store_1,item_9,17,21.93,0,3,4,372.81,15.35,260.95,111.86,34,32,0
2023-04-21,store_1,item_9,19,21.93,0,4,4,416.67,15.35,291.65,125.02,17,16,0
2023-04-23,store_1,item_9,14,21.93,0,6,4,307.02,15.35,214.9,92.12,19,22,1
2023-04-24,store_1,item_9,16,21.93,0,0,4,350.88,15.35,245.6,105.28,14,8,0
2023-04-25,store_1,item_9,18,21.93,0,1,4,394.74,15.35,276.3,118.44,16,20,0
2023-04-26,store_1,item_9,25,21.93,0,2,4,548.25,15.35,383.75,164.5,18,16,0
2023-04-28,store_1,item_9,16,21.93,0,4,4,350.88,15.35,245.6,105.28,25,34,0
2023-04-29,store_1,item_9,17,21.93,0,5,4,372.81,15.35,260.95,111.86,16,17,1
2023-04-30,store_1,item_9,10,21.93,0,6,4,219.3,15.35,153.5,65.8,17,19,1
2023-05-01,store_1,item_9,22,17.54,1,0,5,385.88,12.28,270.16,115.72,10,14,0
2023-05-03,store_1,item_9,23,21.93,0,2,5,504.39,15.35,353.05,151.34,22,16,0
2023-05-04,store_1,item_9,19,21.93,0,3,5,416.67,15.35,291.65,125.02,23,18,0
2023-05-05,store_1,item_9,18,17.54,1,4,5,315.72,12.28,221.04,94.68,19,25,0
2023-05-06,store_1,item_9,10,21.93,0,5,5,219.3,15.35,153.5,65.8,18,16,1
2023-05-08,store_1,item_9,24,21.93,0,0,5,526.32,15.35,368.4,157.92,10,17,0
2023-05-09,store_1,item_9,23,21.93,0,1,5,504.39,15.35,353.05,151.34,24,10,0
2023-05-10,store_1,item_9,25,21.93,0,2,5,548.25,15.35,383.75,164.5,23,22,0
2023-05-11,store_1,item_9,19,21.93,0,3,5,416.67,15.35,291.65,125.02,25,23,0
2023-05-13,store_1,item_9,17,17.54,1,5,5,298.18,12.28,208.76,89.42,19,19,1
2023-05-14,store_1,item_9,17,21.93,0,6,5,372.81,15.35,260.95,111.86,17,18,1
2023-05-15,store_1,item_9,16,21.93,0,0,5,350.88,15.35,245.6,105.28,17,10,0
2023-05-16,store_1,item_9,21,21.93,0,1,5,460.53,15.35,322.35,138.18,16,24,0
2023-05-18,store_1,item_9,19,21.93,0,3,5,416.67,15.35,291.65,125.02,21,23,0
2023-05-19,store_1,item_9,15,21.93,0,4,5,328.95,15.35,230.25,98.7,19,25,0
2023-05-20,store_1,item_9,14,21.93,0,5,5,307.02,15.35,214.9,92.12,15,19,1
2023-05-21,store_1,item_9,17,21.93,0,6,5,372.81,15.35,260.95,111.86,14,17,1
2023-05-23,store_1,item_9,14,21.93,0,1,5,307.02,15.35,214.9,92.12,17,17,0
2023-05-24,store_1,item_9,21,21.93,0,2,5,460.53,15.35,322.35,138.18,14,16,0
2023-05-25,store_1,item_9,22,21.93,0,3,5,482.46,15.35,337.7,144.76,21,21,0
2023-05-26,store_1,item_9,20,21.93,0,4,5,438.6,15.35,307.0,131.6,22,19,0
2023-05-28,store_1,item_9,12,21.93,0,6,5,263.16,15.35,184.2,78.96,20,15,1
2023-05-29,store_1,item_9,11,21.93,0,0,5,241.23,15.35,168.85,72.38,12,14,0
2023-05-30,store_1,item_9,17,21.93,0,1,5,372.81,15.35,260.95,111.86,11,17,0
2023-05-31,store_1,item_9,22,21.93,0,2,5,482.46,15.35,337.7,144.76,17,14,0
2023-06-02,store_1,item_9,13,21.93,0,4,6,285.09,15.35,199.55,85.54,22,21,0
2023-06-03,store_1,item_9,14,21.93,0,5,6,307.02,15.35,214.9,92.12,13,22,1
2023-06-04,store_1,item_9,11,21.93,0,6,6,241.23,15.35,168.85,72.38,14,20,1
2023-06-05,store_1,item_9,28,17.54,1,0,6,491.12,12.28,343.84,147.28,11,12,0
2023-06-07,store_1,item_9,17,21.93,0,2,6,372.81,15.35,260.95,111.86,28,11,0
2023-06-08,store_1,item_9,18,21.93,0,3,6,394.74,15.35,276.3,118.44,17,17,0
2023-06-09,store_1,item_9,17,21.93,0,4,6,372.81,15.35,260.95,111.86,18,22,0
2023-06-10,store_1,item_9,17,21.93,0,5,6,372.81,15.35,260.95,111.86,17,13,1
2023-06-12,store_1,item_9,18,21.93,0,0,6,394.74,15.35,276.3,118.44,17,14,0
2023-06-13,store_1,item_9,18,21.93,0,1,6,394.74,15.35,276.3,118.44,18,11,0
2023-06-14,store_1,item_9,16,21.93,0,2,6,350.88,15.35,245.6,105.28,18,28,0
2023-06-15,store_1,item_9,14,21.93,0,3,6,307.02,15.35,214.9,92.12,16,17,0
2023-06-17,store_1,item_9,10,21.93,0,5,6,219.3,15.35,153.5,65.8,14,18,1
2023-06-18,store_1,item_9,16,21.93,0,6,6,350.88,15.35,245.6,105.28,10,17,1
2023-06-19,store_1,item_9,17,21.93,0,0,6,372.81,15.35,260.95,111.86,16,17,0
2023-06-20,store_1,item_9,13,21.93,0,1,6,285.09,15.35,199.55,85.54,17,18,0
2023-06-22,store_1,item_9,12,21.93,0,3,6,263.16,15.35,184.2,78.96,13,18,0
2023-06-23,store_1,item_9,11,21.93,0,4,6,241.23,15.35,168.85,72.38,12,16,0
2023-06-24,store_1,item_9,11,21.93,0,5,6,241.23,15.35,168.85,72.38,11,14,1
2023-06-25,store_1,item_9,15,21.93,0,6,6,328.95,15.35,230.25,98.7,11,10,1
2023-06-27,store_1,item_9,21,21.93,0,1,6,460.53,15.35,322.35,138.18,15,16,0
2023-06-28,store_1,item_9,12,21.93,0,2,6,263.16,15.35,184.2,78.96,21,17,0
2023-06-29,store_1,item_9,14,21.93,0,3,6,307.02,15.35,214.9,92.12,12,13,0
2023-06-30,store_1,item_9,15,21.93,0,4,6,328.95,15.35,230.25,98.7,14,12,0
2023-07-02,store_1,item_9,11,21.93,0,6,7,241.23,15.35,168.85,72.38,15,11,1
2023-07-03,store_1,item_9,17,21.93,0,0,7,372.81,15.35,260.95,111.86,11,11,0
2023-07-04,store_1,item_9,18,21.93,0,1,7,394.74,15.35,276.3,118.44,17,15,0
2023-07-05,store_1,item_9,14,21.93,0,2,7,307.02,15.35,214.9,92.12,18,21,0
2023-07-07,store_1,item_9,20,17.54,1,4,7,350.8,12.28,245.6,105.2,14,12,0
2023-07-08,store_1,item_9,9,21.93,0,5,7,197.37,15.35,138.15,59.22,20,14,1
2023-07-09,store_1,item_9,16,21.93,0,6,7,350.88,15.35,245.6,105.28,9,15,1
2023-07-10,store_1,item_9,11,21.93,0,0,7,241.23,15.35,168.85,72.38,16,11,0
2023-07-12,store_1,item_9,12,21.93,0,2,7,263.16,15.35,184.2,78.96,11,17,0
2023-07-13,store_1,item_9,14,21.93,0,3,7,307.02,15.35,214.9,92.12,12,18,0
2023-07-14,store_1,item_9,26,21.93,0,4,7,570.18,15.35,399.1,171.08,14,14,0
2023-07-15,store_1,item_9,15,17.54,1,5,7,263.1,12.28,184.2,78.9,26,20,1
2023-07-17,store_1,item_9,15,21.93,0,0,7,328.95,15.35,230.25,98.7,15,9,0
2023-07-18,store_1,item_9,23,17.54,1,1,7,403.42,12.28,282.44,120.98,15,16,0
2023-07-19,store_1,item_9,26,17.54,1,2,7,456.04,12.28,319.28,136.76,23,11,0
2023-07-20,store_1,item_9,12,21.93,0,3,7,263.16,15.35,184.2,78.96,26,12,0
2023-07-22,store_1,item_9,10,21.93,0,5,7,219.3,15.35,153.5,65.8,12,14,1
2023-07-23,store_1,item_9,11,21.93,0,6,7,241.23,15.35,168.85,72.38,10,26,1
2023-07-24,store_1,item_9,19,21.93,0,0,7,416.67,15.35,291.65,125.02,11,15,0
2023-07-25,store_1,item_9,13,21.93,0,1,7,285.09,15.35,199.55,85.54,19,15,0
2023-07-27,store_1,item_9,14,21.93,0,3,7,307.02,15.35,214.9,92.12,13,23,0
2023-07-28,store_1,item_9,9,21.93,0,4,7,197.37,15.35,138.15,59.22,14,26,0
2023-07-29,store_1,item_9,6,21.93,0,5,7,131.58,15.35,92.1,39.48,9,12,1
2023-07-30,store_1,item_9,7,21.93,0,6,7,153.51,15.35,107.45,46.06,6,10,1
2023-08-01,store_1,item_9,19,21.93,0,1,8,416.67,15.35,291.65,125.02,7,11,0
2023-08-02,store_1,item_9,14,21.93,0,2,8,307.02,15.35,214.9,92.12,19,19,0
2023-08-03,store_1,item_9,19,17.54,1,3,8,333.26,12.28,233.32,99.94,14,13,0
2023-08-04,store_1,item_9,13,21.93,0,4,8,285.09,15.35,199.55,85.54,19,14,0
2023-08-06,store_1,item_9,13,21.93,0,6,8,285.09,15.35,199.55,85.54,13,9,1
2023-08-07,store_1,item_9,12,21.93,0,0,8,263.16,15.35,184.2,78.96,13,6,0
2023-08-08,store_1,item_9,13,21.93,0,1,8,285.09,15.35,199.55,85.54,12,7,0
2023-08-09,store_1,item_9,11,21.93,0,2,8,241.23,15.35,168.85,72.38,13,19,0
2023-08-11,store_1,item_9,2,21.93,0,4,8,43.86,15.35,30.7,13.16,11,14,0
2023-08-12,store_1,item_9,13,21.93,0,5,8,285.09,15.35,199.55,85.54,2,19,1
2023-08-13,store_1,item_9,9,21.93,0,6,8,197.37,15.35,138.15,59.22,13,13,1
2023-08-14,store_1,item_9,10,21.93,0,0,8,219.3,15.35,153.5,65.8,9,13,0
2023-08-16,store_1,item_9,11,21.93,0,2,8,241.23,15.35,168.85,72.38,10,12,0
2023-08-17,store_1,item_9,9,21.93,0,3,8,197.37,15.35,138.15,59.22,11,13,0
2023-08-18,store_1,item_9,7,21.93,0,4,8,153.51,15.35,107.45,46.06,9,11,0
2023-08-19,store_1,item_9,10,21.93,0,5,8,219.3,15.35,153.5,65.8,7,2,1
2023-08-21,store_1,item_9,7,21.93,0,0,8,153.51,15.35,107.45,46.06,10,13,0
2023-08-22,store_1,item_9,8,21.93,0,1,8,175.44,15.35,122.8,52.64,7,9,0
2023-08-23,store_1,item_9,9,21.93,0,2,8,197.37,15.35,138.15,59.22,8,10,0
2023-08-24,store_1,item_9,17,21.93,0,3,8,372.81,15.35,260.95,111.86,9,11,0
2023-08-26,store_1,item_9,6,21.93,0,5,8,131.58,15.35,92.1,39.48,17,9,1
2023-08-27,store_1,item_9,3,21.93,0,6,8,65.79,15.35,46.05,19.74,6,7,1
2023-08-28,store_1,item_9,11,21.93,0,0,8,241.23,15.35,168.85,72.38,3,10,0
2023-08-29,store_1,item_9,12,21.93,0,1,8,263.16,15.35,184.2,78.96,11,7,0
2023-08-31,store_1,item_9,13,21.93,0,3,8,285.09,15.35,199.55,85.54,12,8,0
2023-09-01,store_1,item_9,11,21.93,0,4,9,241.23,15.35,168.85,72.38,13,9,0
2023-09-02,store_1,item_9,5,21.93,0,5,9,109.65,15.35,76.75,32.9,11,17,1
2023-09-03,store_1,item_9,4,21.93,0,6,9,87.72,15.35,61.4,26.32,5,6,1
2023-09-05,store_1,item_9,9,21.93,0,1,9,197.37,15.35,138.15,59.22,4,3,0
2023-09-06,store_1,item_9,13,21.93,0,2,9,285.09,15.35,199.55,85.54,9,11,0
2023-09-07,store_1,item_9,9,21.93,0,3,9,197.37,15.35,138.15,59.22,13,12,0
2023-09-08,store_1,item_9,15,21.93,0,4,9,328.95,15.35,230.25,98.7,9,13,0
2023-09-10,store_1,item_9,12,21.93,0,6,9,263.16,15.35,184.2,78.96,15,11,1
2023-09-11,store_1,item_9,5,21.93,0,0,9,109.65,15.35,76.75,32.9,12,5,0
2023-09-12,store_1,item_9,17,21.93,0,1,9,372.81,15.35,260.95,111.86,5,4,0
2023-09-13,store_1,item_9,8,21.93,0,2,9,175.44,15.35,122.8,52.64,17,9,0
2023-09-15,store_1,item_9,4,21.93,0,4,9,87.72,15.35,61.4,26.32,8,13,0
2023-09-16,store_1,item_9,8,17.54,1,5,9,140.32,12.28,98.24,42.08,4,9,1
2023-09-17,store_1,item_9,15,17.54,1,6,9,263.1,12.28,184.2,78.9,8,15,1
2023-09-18,store_1,item_9,18,17.54,1,0,9,315.72,12.28,221.04,94.68,15,12,0
2023-09-20,store_1,item_9,14,21.93,0,2,9,307.02,15.35,214.9,92.12,18,5,0
2023-09-21,store_1,item_9,14,21.93,0,3,9,307.02,15.35,214.9,92.12,14,17,0
2023-09-22,store_1,item_9,7,21.93,0,4,9,153.51,15.35,107.45,46.06,14,8,0
2023-09-23,store_1,item_9,8,17.54,1,5,9,140.32,12.28,98.24,42.08,7,4,1
2023-09-25,store_1,item_9,8,21.93,0,0,9,175.44,15.35,122.8,52.64,8,8,0
2023-09-26,store_1,item_9,12,21.93,0,1,9,263.16,15.35,184.2,78.96,8,15,0
2023-09-27,store_1,item_9,13,21.93,0,2,9,285.09,15.35,199.55,85.54,12,18,0
2023-09-28,store_1,item_9,9,21.93,0,3,9,197.37,15.35,138.15,59.22,13,14,0
2023-09-30,store_1,item_9,10,21.93,0,5,9,219.3,15.35,153.5,65.8,9,14,1
2023-10-01,store_1,item_9,10,21.93,0,6,10,219.3,15.35,153.5,65.8,10,7,1
2023-10-02,store_1,item_9,13,17.54,1,0,10,228.02,12.28,159.64,68.38,10,8,0
2023-10-03,store_1,item_9,14,21.93,0,1,10,307.02,15.35,214.9,92.12,13,8,0
2023-10-05,store_1,item_9,12,21.93,0,3,10,263.16,15.35,184.2,78.96,14,12,0
2023-10-06,store_1,item_9,14,21.93,0,4,10,307.02,15.35,214.9,92.12,12,13,0
2023-10-07,store_1,item_9,9,21.93,0,5,10,197.37,15.35,138.15,59.22,14,9,1
2023-10-08,store_1,item_9,6,21.93,0,6,10,131.58,15.35,92.1,39.48,9,10,1
2023-10-10,store_1,item_9,15,21.93,0,1,10,328.95,15.35,230.25,98.7,6,10,0
2023-10-11,store_1,item_9,13,21.93,0,2,10,285.09,15.35,199.55,85.54,15,13,0
2023-10-12,store_1,item_9,16,21.93,0,3,10,350.88,15.35,245.6,105.28,13,14,0
2023-10-13,store_1,item_9,3,21.93,0,4,10,65.79,15.35,46.05,19.74,16,12,0
2023-10-15,store_1,item_9,8,21.93,0,6,10,175.44,15.35,122.8,52.64,3,14,1
2023-10-16,store_1,item_9,9,21.93,0,0,10,197.37,15.35,138.15,59.22,8,9,0
2023-10-17,store_1,item_9,9,21.93,0,1,10,197.37,15.35,138.15,59.22,9,6,0
2023-10-18,store_1,item_9,15,21.93,0,2,10,328.95,15.35,230.25,98.7,9,15,0
2023-10-20,store_1,item_9,6,21.93,0,4,10,131.58,15.35,92.1,39.48,15,13,0
2023-10-21,store_1,item_9,13,17.54,1,5,10,228.02,12.28,159.64,68.38,6,16,1
2023-10-22,store_1,item_9,15,17.54,1,6,10,263.1,12.28,184.2,78.9,13,3,1
2023-10-23,store_1,item_9,11,21.93,0,0,10,241.23,15.35,168.85,72.38,15,8,0
2023-10-25,store_1,item_9,11,21.93,0,2,10,241.23,15.35,168.85,72.38,11,9,0
2023-10-26,store_1,item_9,4,21.93,0,3,10,87.72,15.35,61.4,26.32,11,9,0
2023-10-27,store_1,item_9,10,21.93,0,4,10,219.3,15.35,153.5,65.8,4,15,0
2023-10-28,store_1,item_9,9,21.93,0,5,10,197.37,15.35,138.15,59.22,10,6,1
2023-10-30,store_1,item_9,19,17.54,1,0,10,333.26,12.28,233.32,99.94,9,13,0
2023-10-31,store_1,item_9,6,21.93,0,1,10,131.58,15.35,92.1,39.48,19,15,0
2023-11-01,store_1,item_9,12,21.93,0,2,11,263.16,15.35,184.2,78.96,6,11,0
2023-11-02,store_1,item_9,9,21.93,0,3,11,197.37,15.35,138.15,59.22,12,11,0
2023-11-04,store_1,item_9,12,17.54,1,5,11,210.48,12.28,147.36,63.12,9,4,1
2023-11-05,store_1,item_9,11,21.93,0,6,11,241.23,15.35,168.85,72.38,12,10,1
2023-11-06,store_1,item_9,11,21.93,0,0,11,241.23,15.35,168.85,72.38,11,9,0
2023-11-07,store_1,item_9,10,21.93,0,1,11,219.3,15.35,153.5,65.8,11,19,0
2023-11-09,store_1,item_9,14,21.93,0,3,11,307.02,15.35,214.9,92.12,10,6,0
2023-11-10,store_1,item_9,12,21.93,0,4,11,263.16,15.35,184.2,78.96,14,12,0
2023-11-11,store_1,item_9,7,21.93,0,5,11,153.51,15.35,107.45,46.06,12,9,1
2023-11-12,store_1,item_9,7,21.93,0,6,11,153.51,15.35,107.45,46.06,7,12,1
2023-11-14,store_1,item_9,11,21.93,0,1,11,241.23,15.35,168.85,72.38,7,11,0
2023-11-15,store_1,item_9,2,21.93,0,2,11,43.86,15.35,30.7,13.16,11,11,0
2023-11-16,store_1,item_9,18,21.93,0,3,11,394.74,15.35,276.3,118.44,2,10,0
2023-11-17,store_1,item_9,13,17.54,1,4,11,228.02,12.28,159.64,68.38,18,14,0
2023-11-19,store_1,item_9,15,21.93,0,6,11,328.95,15.35,230.25,98.7,13,12,1
2023-11-20,store_1,item_9,18,17.54,1,0,11,315.72,12.28,221.04,94.68,15,7,0
2023-11-21,store_1,item_9,19,17.54,1,1,11,333.26,12.28,233.32,99.94,18,7,0
2023-11-22,store_1,item_9,10,21.93,0,2,11,219.3,15.35,153.5,65.8,19,11,0
2023-11-24,store_1,item_9,15,21.93,0,4,11,328.95,15.35,230.25,98.7,10,2,0
2023-11-25,store_1,item_9,10,21.93,0,5,11,219.3,15.35,153.5,65.8,15,18,1
2023-11-26,store_1,item_9,10,21.93,0,6,11,219.3,15.35,153.5,65.8,10,13,1
2023-11-27,store_1,item_9,16,21.93,0,0,11,350.88,15.35,245.6,105.28,10,15,0
2023-11-29,store_1,item_9,14,21.93,0,2,11,307.02,15.35,214.9,92.12,16,18,0
2023-11-30,store_1,item_9,14,21.93,0,3,11,307.02,15.35,214.9,92.12,14,19,0
2023-12-01,store_1,item_9,9,21.93,0,4,12,197.37,15.35,138.15,59.22,14,10,0
2023-12-02,store_1,item_9,8,21.93,0,5,12,175.44,15.35,122.8,52.64,9,15,1
2023-12-04,store_1,item_9,14,21.93,0,0,12,307.02,15.35,214.9,92.12,8,10,0
2023-12-05,store_1,item_9,10,21.93,0,1,12,219.3,15.35,153.5,65.8,14,10,0
2023-12-06,store_1,item_9,6,21.93,0,2,12,131.58,15.35,92.1,39.48,10,16,0
2023-12-07,store_1,item_9,12,21.93,0,3,12,263.16,15.35,184.2,78.96,6,14,0
2023-12-09,store_1,item_9,9,21.93,0,5,12,197.37,15.35,138.15,59.22,12,14,1
2023-12-10,store_1,item_9,4,21.93,0,6,12,87.72,15.35,61.4,26.32,9,9,1
2023-12-11,store_1,item_9,10,21.93,0,0,12,219.3,15.35,153.5,65.8,4,8,0
2023-12-12,store_1,item_9,19,17.54,1,1,12,333.26,12.28,233.32,99.94,10,14,0
2023-12-14,store_1,item_9,7,21.93,0,3,12,153.51,15.35,107.45,46.06,19,10,0
2023-12-15,store_1,item_9,12,21.93,0,4,12,263.16,15.35,184.2,78.96,7,6,0
2023-12-16,store_1,item_9,13,21.93,0,5,12,285.09,15.35,199.55,85.54,12,12,1
2023-12-17,store_1,item_9,11,21.93,0,6,12,241.23,15.35,168.85,72.38,13,9,1
2023-12-19,store_1,item_9,14,21.93,0,1,12,307.02,15.35,214.9,92.12,11,4,0
2023-12-20,store_1,item_9,11,21.93,0,2,12,241.23,15.35,168.85,72.38,14,10,0
2023-12-21,store_1,item_9,14,21.93,0,3,12,307.02,15.35,214.9,92.12,11,19,0
2023-12-22,store_1,item_9,14,21.93,0,4,12,307.02,15.35,214.9,92.12,14,7,0
2023-12-24,store_1,item_9,10,21.93,0,6,12,219.3,15.35,153.5,65.8,14,12,1
2023-12-25,store_1,item_9,13,21.93,0,0,12,285.09,15.35,199.55,85.54,10,13,0
2023-12-26,store_1,item_9,24,21.93,0,1,12,526.32,15.35,368.4,157.92,13,11,0
2023-12-27,store_1,item_9,25,17.54,1,2,12,438.5,12.28,307.0,131.5,24,14,0
2023-12-29,store_1,item_9,6,21.93,0,4,12,131.58,15.35,92.1,39.48,25,11,0
2023-12-30,store_1,item_9,13,21.93,0,5,12,285.09,15.35,199.55,85.54,6,14,1
2023-12-31,store_1,item_9,19,21.93,0,6,12,416.67,15.35,291.65,125.02,13,14,1
2023-01-02,store_2,item_9,14,21.93,0,0,1,307.02,15.35,214.9,92.12,0,0,0
2023-01-07,store_2,item_9,16,21.93,0,5,1,350.88,15.35,245.6,105.28,14,0,1
2023-01-12,store_2,item_9,13,21.93,0,3,1,285.09,15.35,199.55,85.54,16,0,0
2023-01-17,store_2,item_9,13,21.93,0,1,1,285.09,15.35,199.55,85.54,13,0,0
2023-01-22,store_2,item_9,10,21.93,0,6,1,219.3,15.35,153.5,65.8,13,0,1
2023-01-27,store_2,item_9,12,21.93,0,4,1,263.16,15.35,184.2,78.96,10,0,0
2023-02-01,store_2,item_9,21,21.93,0,2,2,460.53,15.35,322.35,138.18,12,0,0
2023-02-06,store_2,item_9,23,17.54,1,0,2,403.42,12.28,282.44,120.98,21,14,0
2023-02-11,store_2,item_9,8,21.93,0,5,2,175.44,15.35,122.8,52.64,23,16,1
2023-02-16,store_2,item_9,22,21.93,0,3,2,482.46,15.35,337.7,144.76,8,13,0
2023-02-21,store_2,item_9,15,21.93,0,1,2,328.95,15.35,230.25,98.7,22,13,0
2023-02-26,store_2,item_9,9,21.93,0,6,2,197.37,15.35,138.15,59.22,15,10,1
2023-03-03,store_2,item_9,17,21.93,0,4,3,372.81,15.35,260.95,111.86,9,12,0
2023-03-08,store_2,item_9,16,21.93,0,2,3,350.88,15.35,245.6,105.28,17,21,0
2023-03-13,store_2,item_9,17,21.93,0,0,3,372.81,15.35,260.95,111.86,16,23,0
2023-03-18,store_2,item_9,22,17.54,1,5,3,385.88,12.28,270.16,115.72,17,8,1
2023-03-23,store_2,item_9,17,21.93,0,3,3,372.81,15.35,260.95,111.86,22,22,0
2023-03-28,store_2,item_9,16,21.93,0,1,3,350.88,15.35,245.6,105.28,17,15,0
2023-04-02,store_2,item_9,15,21.93,0,6,4,328.95,15.35,230.25,98.7,16,9,1
2023-04-07,store_2,item_9,13,21.93,0,4,4,285.09,15.35,199.55,85.54,15,17,0
2023-04-12,store_2,item_9,19,21.93,0,2,4,416.67,15.35,291.65,125.02,13,16,0
2023-04-17,store_2,item_9,19,21.93,0,0,4,416.67,15.35,291.65,125.02,19,17,0
2023-04-22,store_2,item_9,12,21.93,0,5,4,263.16,15.35,184.2,78.96,19,22,1
2023-04-27,store_2,item_9,19,21.93,0,3,4,416.67,15.35,291.65,125.02,12,17,0
2023-05-02,store_2,item_9,29,17.54,1,1,5,508.66,12.28,356.12,152.54,19,16,0
2023-05-07,store_2,item_9,15,21.93,0,6,5,328.95,15.35,230.25,98.7,29,15,1
2023-05-12,store_2,item_9,15,21.93,0,4,5,328.95,15.35,230.25,98.7,15,13,0
2023-05-17,store_2,item_9,36,21.93,0,2,5,789.48,15.35,552.6,236.88,15,19,0
2023-05-22,store_2,item_9,11,21.93,0,0,5,241.23,15.35,168.85,72.38,36,19,0
2023-05-27,store_2,item_9,8,21.93,0,5,5,175.44,15.35,122.8,52.64,11,12,1
2023-06-01,store_2,item_9,16,21.93,0,3,6,350.88,15.35,245.6,105.28,8,19,0
2023-06-06,store_2,item_9,25,17.54,1,1,6,438.5,12.28,307.0,131.5,16,29,0
2023-06-11,store_2,item_9,11,21.93,0,6,6,241.23,15.35,168.85,72.38,25,15,1
2023-06-16,store_2,item_9,9,21.93,0,4,6,197.37,15.35,138.15,59.22,11,15,0
2023-06-21,store_2,item_9,11,21.93,0,2,6,241.23,15.35,168.85,72.38,9,36,0
2023-06-26,store_2,item_9,17,17.54,1,0,6,298.18,12.28,208.76,89.42,11,11,0
2023-07-01,store_2,item_9,17,17.54,1,5,7,298.18,12.28,208.76,89.42,17,8,1
2023-07-06,store_2,item_9,14,21.93,0,3,7,307.02,15.35,214.9,92.12,17,16,0
2023-07-11,store_2,item_9,15,21.93,0,1,7,328.95,15.35,230.25,98.7,14,25,0
2023-07-16,store_2,item_9,6,21.93,0,6,7,131.58,15.35,92.1,39.48,15,11,1
2023-07-21,store_2,item_9,14,21.93,0,4,7,307.02,15.35,214.9,92.12,6,9,0
2023-07-26,store_2,item_9,17,21.93,0,2,7,372.81,15.35,260.95,111.86,14,11,0
2023-07-31,store_2,item_9,14,21.93,0,0,7,307.02,15.35,214.9,92.12,17,17,0
2023-08-05,store_2,item_9,8,21.93,0,5,8,175.44,15.35,122.8,52.64,14,17,1
2023-08-10,store_2,item_9,8,21.93,0,3,8,175.44,15.35,122.8,52.64,8,14,0
2023-08-15,store_2,item_9,6,21.93,0,1,8,131.58,15.35,92.1,39.48,8,15,0
2023-08-20,store_2,item_9,13,17.54,1,6,8,228.02,12.28,159.64,68.38,6,6,1
2023-08-25,store_2,item_9,13,21.93,0,4,8,285.09,15.35,199.55,85.54,13,14,0
2023-08-30,store_2,item_9,22,21.93,0,2,8,482.46,15.35,337.7,144.76,13,17,0
2023-09-04,store_2,item_9,12,21.93,0,0,9,263.16,15.35,184.2,78.96,22,14,0
2023-09-09,store_2,item_9,4,21.93,0,5,9,87.72,15.35,61.4,26.32,12,8,1
2023-09-14,store_2,item_9,10,21.93,0,3,9,219.3,15.35,153.5,65.8,4,8,0
2023-09-19,store_2,item_9,11,21.93,0,1,9,241.23,15.35,168.85,72.38,10,6,0
2023-09-24,store_2,item_9,7,21.93,0,6,9,153.51,15.35,107.45,46.06,11,13,1
2023-09-29,store_2,item_9,10,21.93,0,4,9,219.3,15.35,153.5,65.8,7,13,0
2023-10-04,store_2,item_9,12,21.93,0,2,10,263.16,15.35,184.2,78.96,10,22,0
2023-10-09,store_2,item_9,6,21.93,0,0,10,131.58,15.35,92.1,39.48,12,12,0
2023-10-14,store_2,item_9,10,21.93,0,5,10,219.3,15.35,153.5,65.8,6,4,1
2023-10-19,store_2,item_9,12,21.93,0,3,10,263.16,15.35,184.2,78.96,10,10,0
2023-10-24,store_2,item_9,14,21.93,0,1,10,307.02,15.35,214.9,92.12,12,11,0
2023-10-29,store_2,item_9,9,21.93,0,6,10,197.37,15.35,138.15,59.22,14,7,1
2023-11-03,store_2,item_9,6,21.93,0,4,11,131.58,15.35,92.1,39.48,9,10,0
2023-11-08,store_2,item_9,11,21.93,0,2,11,241.23,15.35,168.85,72.38,6,12,0
2023-11-13,store_2,item_9,6,21.93,0,0,11,131.58,15.35,92.1,39.48,11,6,0
2023-11-18,store_2,item_9,11,21.93,0,5,11,241.23,15.35,168.85,72.38,6,10,1
2023-11-23,store_2,item_9,10,21.93,0,3,11,219.3,15.35,153.5,65.8,11,12,0
2023-11-28,store_2,item_9,15,21.93,0,1,11,328.95,15.35,230.25,98.7,10,14,0
2023-12-03,store_2,item_9,9,21.93,0,6,12,197.37,15.35,138.15,59.22,15,9,1
2023-12-08,store_2,item_9,8,21.93,0,4,12,175.44,15.35,122.8,52.64,9,6,0
2023-12-13,store_2,item_9,20,17.54,1,2,12,350.8,12.28,245.6,105.2,8,11,0
2023-12-18,store_2,item_9,14,21.93,0,0,12,307.02,15.35,214.9,92.12,20,6,0
2023-12-23,store_2,item_9,6,21.93,0,5,12,131.58,15.35,92.1,39.48,14,11,1
2023-12-28,store_2,item_9,8,21.93,0,3,12,175.44,15.35,122.8,52.64,6,10,0
